index,year,iso_code,population,gdp,renewables_electricity,fossil_fuel_consumption,greenhouse_gas_emissions,energy_per_gdp
0,1990,AFG,12045664.0,13065984000.0,0.3100000023841858,0.0,0.1199999973177909,2.311105966567993
1,1991,AFG,12238879.0,12047361847.0,0.3100000023841858,0.0,0.1199999973177909,1.0373072624206543
2,1992,AFG,13278983.0,12677539626.0,0.3100000023841858,0.0,0.1199999973177909,0.6473768353462219
3,1993,AFG,14943175.0,9834582315.0,0.3100000023841858,0.0,0.1199999973177909,0.8292522430419922
4,1994,AFG,16250800.0,7919856426.0,0.3100000023841858,0.0,0.1199999973177909,0.9938326478004456
5,1995,AFG,17065837.0,12307525468.0,0.3100000023841858,0.0,0.1199999973177909,0.5359143018722534
6,1996,AFG,17763266.0,12070125316.0,0.3100000023841858,0.0,0.1199999973177909,0.5428985357284546
7,1997,AFG,18452100.0,11850752863.0,0.3100000023841858,0.0,0.1199999973177909,0.5312908291816711
8,1998,AFG,19159996.0,11692171422.0,0.3100000023841858,0.0,0.1199999973177909,0.5264798998832703
9,1999,AFG,19887792.0,11517315926.0,0.3100000023841858,0.0,0.1199999973177909,0.5339431762695312
10,2000,AFG,20130334.0,11283794151.0,0.3100000023841858,0.0,0.1199999973177909,0.468623012304306
11,2001,AFG,20284303.0,11021272927.0,0.5,0.0,0.1500000059604644,0.3310853540897369
12,2002,AFG,21378123.0,18804871508.0,0.5600000023841858,0.0,0.1199999973177909,0.1770007461309433
13,2003,AFG,22733053.0,21074343420.0,0.6299999952316284,0.0,0.2199999988079071,0.1882969439029693
14,2004,AFG,23560656.0,22332570533.0,0.5600000023841858,0.0,0.1800000071525573,0.166432723402977
15,2005,AFG,24404575.0,25397686814.0,0.5899999737739563,0.0,0.1800000071525573,0.1974338144063949
16,2006,AFG,25424100.0,28704399925.0,0.6399999856948853,0.0,0.2300000041723251,0.2275129556655883
17,2007,AFG,25909852.0,34507529735.0,0.75,0.0,0.2300000041723251,0.2248285412788391
18,2008,AFG,26482631.0,36561043230.0,0.5400000214576721,0.0,0.2000000029802322,0.4113683402538299
19,2009,AFG,27466102.0,44358722212.0,0.7799999713897705,0.0,0.1000000014901161,0.5694068074226379
20,2010,AFG,28284088.0,47399425562.0,0.75,0.0,0.1199999973177909,0.6802509427070618
21,2011,AFG,29347708.0,53326336000.0,0.6000000238418579,0.0,0.1500000059604644,0.776188850402832
22,2012,AFG,30560036.0,59166900000.0,0.7400000095367432,0.0,0.1299999952316284,0.6595094203948975
23,2013,AFG,31622709.0,62993700000.0,0.8899999856948853,0.0,0.2000000029802322,0.5059117674827576
24,2014,AFG,32792528.0,64346106000.0,1.0,0.0,0.1500000059604644,0.4138590097427368
25,2015,AFG,33831767.0,62783392000.0,1.0299999713897705,0.0,0.1400000005960464,0.4930208325386047
26,2016,AFG,34700613.0,64372217488.0,1.059999942779541,0.0,0.1400000005960464,0.4361407458782196
27,2017,AFG,35688941.0,65169281649.0,1.090000033378601,0.0,0.1599999964237213,0.5603470802307129
28,2018,AFG,36743040.0,65996738862.0,0.9700000286102296,0.0,0.1800000071525573,0.7044668197631836
29,2019,AFG,37856125.0,73085701943.0,1.2799999713897705,0.0,0.1700000017881393,0.6446066498756409
30,2020,AFG,39068977.0,71417706295.0,1.059999942779541,0.0,0.1099999994039535,0.6568643450737
31,2021,AFG,40000410.0,56638852656.0,0.9300000071525574,0.0,0.1199999973177909,0.8398705720901489
32,2022,AFG,40578847.0,53303471617.0,0.8299999833106995,0.0,0.1199999973177909,0.8462175130844116
33,2023,AFG,41454762.0,53303471617.0,0.8399999737739563,0.0,0.1199999973177909,0.8462175130844116
34,2024,AFG,42647502.0,53303471617.0,0.8600000143051147,0.0,0.1299999952316284,0.8462175130844116
35,1990,ALB,3277965.0,12947849077.0,4.550000190734863,0.0,0.2300000041723251,2.1533305644989014
36,1991,ALB,3282608.0,9375856841.0,4.550000190734863,0.0,0.2300000041723251,2.2461912631988525
37,1992,ALB,3282506.0,8745674435.0,4.550000190734863,0.0,0.2300000041723251,2.0811896324157715
38,1993,ALB,3277831.0,9636341649.0,4.550000190734863,0.0,0.2300000041723251,1.55729877948761
39,1994,ALB,3269417.0,10596114842.0,4.550000190734863,0.0,0.2300000041723251,1.2281999588012695
40,1995,ALB,3258573.0,11600732968.0,4.550000190734863,0.0,0.2300000041723251,1.233662247657776
41,1996,ALB,3245680.0,12468867839.0,4.550000190734863,0.0,0.2300000041723251,1.0828067064285278
42,1997,ALB,3229665.0,11020137102.0,4.550000190734863,0.0,0.2300000041723251,1.17258882522583
43,1998,ALB,3210134.0,12026242682.0,4.550000190734863,0.0,0.2300000041723251,1.237635850906372
44,1999,ALB,3188598.0,13673692880.0,4.550000190734863,0.0,0.2300000041723251,0.8533189296722412
45,2000,ALB,3166147.0,14736835655.0,4.550000190734863,0.0,0.2300000041723251,1.335641622543335
46,2001,ALB,3147943.0,16103903904.0,3.5199999809265137,0.0,0.1899999976158142,1.2478679418563845
47,2002,ALB,3134095.0,17037279441.0,3.4800000190734863,0.0,0.2300000041723251,1.326977252960205
48,2003,ALB,3118093.0,18171076149.0,5.119999885559082,0.0,0.1899999976158142,1.2769317626953125
49,2004,ALB,3098662.0,19346601376.0,5.409999847412109,0.0,0.2199999988079071,1.2929446697235107
50,2005,ALB,3076156.0,20562850324.0,5.320000171661377,0.0,0.1800000071525573,1.2034207582473757
51,2006,ALB,3050805.0,21889974405.0,4.949999809265137,0.0,0.1800000071525573,1.0747380256652832
52,2007,ALB,3022887.0,23259283502.0,2.759999990463257,0.0,0.1199999973177909,0.99494469165802
53,2008,ALB,2992933.0,25006230217.0,3.759999990463257,0.0,0.0900000035762786,0.9555242657661438
54,2009,ALB,2961487.0,25821550979.0,5.199999809265137,0.0,0.1199999973177909,0.9332181215286256
55,2010,ALB,2928731.0,26747818608.0,7.570000171661377,0.0,0.1800000071525573,0.8302543759346008
56,2011,ALB,2911499.0,27431048326.0,4.130000114440918,0.0,0.1400000005960464,0.8737560510635376
57,2012,ALB,2910003.0,27819814441.0,4.71999979019165,0.0,0.1099999994039535,0.8083352446556091
58,2013,ALB,2907571.0,28098562696.0,6.960000038146973,0.0,0.1700000017881393,0.9380654096603394
59,2014,ALB,2903748.0,28597169040.0,4.71999979019165,0.0,0.1099999994039535,0.900342583656311
60,2015,ALB,2898634.0,29231663899.0,5.889999866485596,0.0,0.1400000005960464,0.822314977645874
61,2016,ALB,2897868.0,30200694449.0,7.78000020980835,0.0,0.1800000071525573,0.8861058354377747
62,2017,ALB,2898245.0,31348975722.0,4.53000020980835,0.0,0.1099999994039535,0.9343296885490416
63,2018,ALB,2894229.0,32609000823.0,8.550000190734863,0.0,0.2000000029802322,0.8584489822387695
64,2019,ALB,2885011.0,33289747424.0,5.199999809265137,0.0,0.1199999973177909,0.7479077577590942
65,2020,ALB,2871950.0,32130726850.0,5.309999942779541,0.0,0.1299999952316284,0.6572192907333374
66,2021,ALB,2849641.0,34866976278.0,8.9399995803833,0.0,0.209999993443489,0.7310562133789062
67,2022,ALB,2827614.0,36171005594.0,6.96999979019165,0.0,0.1700000017881393,0.7150689959526062
68,2023,ALB,2811660.0,36171005594.0,9.010000228881836,0.0,0.2199999988079071,0.7150689959526062
69,2024,ALB,2791756.0,36171005594.0,8.34000015258789,0.0,0.209999993443489,0.7150689959526062
70,1990,DZA,25375815.0,117843179781.0,0.135000005364418,314.5745544433594,16.219999313354492,2.672821044921875
71,1991,DZA,25987937.0,121105141795.0,0.2930000126361847,311.2286682128906,16.219999313354492,2.577059030532837
72,1992,DZA,26628570.0,127982696018.0,0.1990000009536743,319.638427734375,16.219999313354492,2.502110719680786
73,1993,DZA,27277042.0,130275774703.0,0.3529999852180481,296.951171875,16.219999313354492,2.287416458129883
74,1994,DZA,27887277.0,134279859768.0,0.1659999936819076,301.43023681640625,16.219999313354492,2.2484467029571533
75,1995,DZA,28470194.0,145054664533.0,0.1930000036954879,312.5741271972656,16.219999313354492,2.1588058471679688
76,1996,DZA,29033045.0,156579113896.0,0.135000005364418,309.5255432128906,16.219999313354492,1.9793492555618288
77,1997,DZA,29579299.0,164644463404.0,0.0750000029802322,297.63800048828125,16.219999313354492,1.8091089725494385
78,1998,DZA,30054135.0,179962887740.0,0.2150000035762787,307.7132568359375,16.219999313354492,1.7134032249450684
79,1999,DZA,30474360.0,193179776879.0,0.2029999941587448,310.8338928222656,16.219999313354492,1.6121468544006348
80,2000,DZA,30903894.0,208554150552.0,0.050000000745058,299.7859802246094,16.219999313354492,1.438214659690857
81,2001,DZA,31331226.0,223420294027.0,0.0700000002980232,310.6102294921875,16.989999771118164,1.391158103942871
82,2002,DZA,31750832.0,245360923720.0,0.0599999986588954,321.7841491699219,17.639999389648438,1.3121507167816162
83,2003,DZA,32175813.0,273568638765.0,0.2599999904632568,336.1535949707031,18.75,1.231581687927246
84,2004,DZA,32628286.0,296773569597.0,0.25,349.05450439453125,19.82999992370605,1.178601622581482
85,2005,DZA,33109258.0,326854481030.0,0.550000011920929,364.6814880371094,21.34000015258789,1.120595097541809
86,2006,DZA,33623505.0,345705309468.0,0.2199999988079071,378.6008911132813,22.399999618530277,1.0969460010528564
87,2007,DZA,34189420.0,371665260161.0,0.2199999988079071,399.000732421875,23.649999618530277,1.075268030166626
88,2008,DZA,34816963.0,395658515586.0,0.2800000011920929,422.76171875,25.559999465942383,1.0705113410949707
89,2009,DZA,35490442.0,418247711085.0,0.3000000119209289,447.90423583984375,24.43000030517578,1.073190212249756
90,2010,DZA,36188237.0,450705801593.0,0.1700000017881393,438.4894714355469,29.1299991607666,0.974016547203064
91,2011,DZA,36903374.0,482028679734.0,0.5,463.3955078125,32.439998626708984,0.9636113047599792
92,2012,DZA,37646165.0,498417638719.0,0.6200000047683716,506.531982421875,36.31999969482422,1.0185672044754028
93,2013,DZA,38414176.0,512373332647.0,0.3300000131130218,536.6290283203125,38.09000015258789,1.0480186939239502
94,2014,DZA,39205035.0,531843509827.0,0.25,584.9251708984375,40.93999862670898,1.1011006832122805
95,2015,DZA,40019528.0,551521739825.0,0.2199999988079071,616.9202880859375,43.880001068115234,1.1196624040603638
96,2016,DZA,40850719.0,569170418715.0,0.3400000035762787,616.09619140625,45.209999084472656,1.084026575088501
97,2017,DZA,41689302.0,577138830559.0,0.6399999856948853,622.2537841796875,48.2400016784668,1.0808398723602295
98,2018,DZA,42505033.0,584064441740.0,0.8199999928474426,667.6884155273438,48.560001373291016,1.1464827060699463
99,2019,DZA,43294551.0,589905104177.0,0.8700000047683716,692.3007202148438,51.63999938964844,1.1770517826080322
100,2020,DZA,44042094.0,559819958223.0,0.8799999952316284,646.9493408203125,50.209999084472656,1.1591205596923828
101,2021,DZA,44761099.0,578853830170.0,0.8100000023841858,705.8380737304688,54.22999954223633,1.2224628925323486
102,2022,DZA,45477391.0,595820067103.0,0.8600000143051147,732.4723510742188,57.959999084472656,1.232331395149231
103,2023,DZA,46164222.0,595820067103.0,0.9100000262260436,782.6386108398438,60.75,1.232331395149231
104,2024,DZA,46814302.0,595820067103.0,1.0299999713897705,758.1834106445312,60.9900016784668,1.232331395149231
105,1990,ASM,46659.0,0.0,0.0,0.0,0.1099999994039535,0.0
106,1991,ASM,47903.0,0.0,0.0,0.0,0.1099999994039535,0.0
107,1992,ASM,49054.0,0.0,0.0,0.0,0.1099999994039535,0.0
108,1993,ASM,50178.0,0.0,0.0,0.0,0.1099999994039535,0.0
109,1994,ASM,51273.0,0.0,0.0,0.0,0.1099999994039535,0.0
110,1995,ASM,52339.0,0.0,0.0,0.0,0.1099999994039535,0.0
111,1996,ASM,53378.0,0.0,0.0,0.0,0.1099999994039535,0.0
112,1997,ASM,54385.0,0.0,0.0,0.0,0.1099999994039535,0.0
113,1998,ASM,55354.0,0.0,0.0,0.0,0.1099999994039535,0.0
114,1999,ASM,56267.0,0.0,0.0,0.0,0.1099999994039535,0.0
115,2000,ASM,56877.0,0.0,0.0,0.0,0.1099999994039535,0.0
116,2001,ASM,57072.0,0.0,0.0,0.0,0.1099999994039535,0.0
117,2002,ASM,57081.0,0.0,0.0,0.0,0.1199999973177909,0.0
118,2003,ASM,56988.0,0.0,0.0,0.0,0.1299999952316284,0.0
119,2004,ASM,56841.0,0.0,0.0,0.0,0.1299999952316284,0.0
120,2005,ASM,56638.0,0.0,0.0,0.0,0.1299999952316284,0.0
121,2006,ASM,56391.0,0.0,0.0,0.0,0.1299999952316284,0.0
122,2007,ASM,56134.0,0.0,0.0,0.0,0.1299999952316284,0.0
123,2008,ASM,55848.0,0.0,0.0,0.0,0.1299999952316284,0.0
124,2009,ASM,55542.0,0.0,0.0,0.0,0.1199999973177909,0.0
125,2010,ASM,55246.0,0.0,0.0,0.0,0.1099999994039535,0.0
126,2011,ASM,54917.0,0.0,0.0,0.0,0.1099999994039535,0.0
127,2012,ASM,54506.0,0.0,0.0,0.0,0.1099999994039535,0.0
128,2013,ASM,54026.0,0.0,0.0,0.0,0.1000000014901161,0.0
129,2014,ASM,53489.0,0.0,0.0,0.0,0.1000000014901161,0.0
130,2015,ASM,52896.0,0.0,0.0,0.0,0.1099999994039535,0.0
131,2016,ASM,52260.0,0.0,0.0,0.0,0.1099999994039535,0.0
132,2017,ASM,51605.0,0.0,0.0,0.0,0.1099999994039535,0.0
133,2018,ASM,50927.0,0.0,0.0,0.0,0.1099999994039535,0.0
134,2019,ASM,50230.0,0.0,0.0,0.0,0.1099999994039535,0.0
135,2020,ASM,49779.0,0.0,0.0,0.0,0.1099999994039535,0.0
136,2021,ASM,49249.0,0.0,0.0,0.0,0.1099999994039535,0.0
137,2022,ASM,48365.0,0.0,0.0099999997764825,0.0,0.1099999994039535,0.0
138,2023,ASM,47544.0,0.0,0.0,0.0,0.1099999994039535,0.0
139,2024,ASM,46792.0,0.0,0.0099999997764825,0.0,0.1099999994039535,0.0
140,1990,AGO,11626361.0,11482503320.0,0.9100000262260436,0.0,0.3700000047683716,1.9037786722183228
141,1991,AGO,12023532.0,12341156472.0,0.9100000262260436,0.0,0.3700000047683716,1.8622530698776243
142,1992,AGO,12423717.0,12363420423.0,0.9100000262260436,0.0,0.3700000047683716,1.8703618049621584
143,1993,AGO,12827136.0,9985477687.0,0.9100000262260436,0.0,0.3700000047683716,2.2613093852996826
144,1994,AGO,13249763.0,10760814258.0,0.9100000262260436,0.0,0.3700000047683716,2.042219400405884
145,1995,AGO,13699780.0,13143769844.0,0.9100000262260436,0.0,0.3700000047683716,1.8026671409606931
146,1996,AGO,14170973.0,15819838004.0,0.9100000262260436,0.0,0.3700000047683716,1.4313908815383911
147,1997,AGO,14660419.0,17972296931.0,0.9100000262260436,0.0,0.3700000047683716,1.4354393482208252
148,1998,AGO,15159378.0,19905045075.0,0.9100000262260436,0.0,0.3700000047683716,1.139748215675354
149,1999,AGO,15667235.0,21527478033.0,0.9100000262260436,0.0,0.3700000047683716,1.2023518085479736
150,2000,AGO,16194873.0,23512184116.0,0.9100000262260436,0.0,0.3700000047683716,1.304023027420044
151,2001,AGO,16747204.0,26015021059.0,1.0199999809265137,0.0,0.4300000071525574,1.276241421699524
152,2002,AGO,17327701.0,31389808151.0,1.1399999856948853,0.0,0.4399999976158142,1.125026822090149
153,2003,AGO,17943718.0,35081368421.0,1.2400000095367432,0.0,0.5199999809265137,1.1191191673278809
154,2004,AGO,18600426.0,41307235678.0,1.75,0.0,0.3600000143051147,1.03477942943573
155,2005,AGO,19291160.0,51967661783.0,2.220000028610229,0.0,0.3199999928474426,0.673757016658783
156,2006,AGO,20015281.0,66749579296.0,2.539999961853028,0.0,0.3499999940395355,0.6642528176307678
157,2007,AGO,20778570.0,87086353818.0,2.490000009536743,0.0,0.550000011920929,0.5991987586021423
158,2008,AGO,21578656.0,105593132748.0,3.150000095367432,0.0,0.6600000262260437,0.5760095715522766
159,2009,AGO,22414775.0,115247846475.0,3.2699999809265137,0.0,1.159999966621399,0.6102702021598816
160,2010,AGO,23294822.0,126984175354.0,3.7100000381469727,0.0,1.2400000095367432,0.6015026569366455
161,2011,AGO,24218358.0,140477268750.0,4.019999980926514,0.0,1.1799999475479126,0.5687033534049988
162,2012,AGO,25177398.0,152476849129.0,5.480000019073486,0.0,1.600000023841858,0.5646708607673645
163,2013,AGO,26165616.0,160032073258.0,4.730000019073486,0.0,2.359999895095825,0.5837304592132568
164,2014,AGO,27160767.0,167750415635.0,5.050000190734863,0.0,3.0999999046325684,0.6153615117073059
165,2015,AGO,28157802.0,169333972139.0,5.340000152587891,0.0,3.059999942779541,0.6406900882720947
166,2016,AGO,29183072.0,164965166058.0,6.429999828338623,0.0,3.150000095367432,0.589266836643219
167,2017,AGO,30234836.0,164717711409.0,7.71999979019165,0.0,2.220000028610229,0.5092002153396606
168,2018,AGO,31297160.0,162550037080.0,10.4399995803833,0.0,2.0299999713897705,0.560300886631012
169,2019,AGO,32375633.0,161408924528.0,11.579999923706056,0.0,2.950000047683716,0.5892202258110046
170,2020,AGO,33451139.0,152308692850.0,12.710000038146973,0.0,2.880000114440918,0.5010996460914612
171,2021,AGO,34532427.0,153971902307.0,12.710000038146973,0.0,2.9100000858306885,0.5588734149932861
172,2022,AGO,35635028.0,158346237030.0,13.079999923706056,0.0,2.9800000190734863,0.6107326149940491
173,2023,AGO,36749909.0,158346237030.0,11.65999984741211,0.0,2.890000104904175,0.6107326149940491
174,2024,AGO,37885854.0,158346237030.0,11.489999771118164,0.0,2.890000104904175,0.6107326149940491
175,1990,ATA,0.0,0.0,0.0,0.0,0.0,0.0
176,1991,ATA,0.0,0.0,0.0,0.0,0.0,0.0
177,1992,ATA,0.0,0.0,0.0,0.0,0.0,0.0
178,1993,ATA,0.0,0.0,0.0,0.0,0.0,0.0
179,1994,ATA,0.0,0.0,0.0,0.0,0.0,0.0
180,1995,ATA,0.0,0.0,0.0,0.0,0.0,0.0
181,1996,ATA,0.0,0.0,0.0,0.0,0.0,0.0
182,1997,ATA,0.0,0.0,0.0,0.0,0.0,0.0
183,1998,ATA,0.0,0.0,0.0,0.0,0.0,0.0
184,1999,ATA,0.0,0.0,0.0,0.0,0.0,0.0
185,2000,ATA,0.0,0.0,0.0,0.0,0.0,0.0
186,2001,ATA,0.0,0.0,0.0,0.0,0.0,0.0
187,2002,ATA,0.0,0.0,0.0,0.0,0.0,0.0
188,2003,ATA,0.0,0.0,0.0,0.0,0.0,0.0
189,2004,ATA,0.0,0.0,0.0,0.0,0.0,0.0
190,2005,ATA,0.0,0.0,0.0,0.0,0.0,0.0
191,2006,ATA,0.0,0.0,0.0,0.0,0.0,0.0
192,2007,ATA,0.0,0.0,0.0,0.0,0.0,0.0
193,2008,ATA,0.0,0.0,0.0,0.0,0.0,0.0
194,2009,ATA,0.0,0.0,0.0,0.0,0.0,0.0
195,2010,ATA,0.0,0.0,0.0,0.0,0.0,0.0
196,2011,ATA,0.0,0.0,0.0,0.0,0.0,0.0
197,2012,ATA,0.0,0.0,0.0,0.0,0.0,0.0
198,2013,ATA,0.0,0.0,0.0,0.0,0.0,0.0
199,2014,ATA,0.0,0.0,0.0,0.0,0.0,0.0
200,2015,ATA,0.0,0.0,0.0,0.0,0.0,0.0
201,2016,ATA,0.0,0.0,0.0,0.0,0.0,0.0
202,2017,ATA,0.0,0.0,0.0,0.0,0.0,0.0
203,2018,ATA,0.0,0.0,0.0,0.0,0.0,0.0
204,2019,ATA,0.0,0.0,0.0,0.0,0.0,0.0
205,2020,ATA,0.0,0.0,0.0,0.0,0.0,0.0
206,2021,ATA,0.0,0.0,0.0,0.0,0.0,0.0
207,2022,ATA,0.0,0.0,0.0,0.0,0.0,0.0
208,2023,ATA,0.0,0.0,0.0,0.0,0.0,0.0
209,1990,ATG,63087.0,0.0,0.0,0.0,0.1000000014901161,0.0
210,1991,ATG,63406.0,0.0,0.0,0.0,0.1000000014901161,0.0
211,1992,ATG,64422.0,0.0,0.0,0.0,0.1000000014901161,0.0
212,1993,ATG,65601.0,0.0,0.0,0.0,0.1000000014901161,0.0
213,1994,ATG,66860.0,0.0,0.0,0.0,0.1000000014901161,0.0
214,1995,ATG,68210.0,0.0,0.0,0.0,0.1000000014901161,0.0
215,1996,ATG,69629.0,0.0,0.0,0.0,0.1000000014901161,0.0
216,1997,ATG,71071.0,0.0,0.0,0.0,0.1000000014901161,0.0
217,1998,ATG,72430.0,0.0,0.0,0.0,0.1000000014901161,0.0
218,1999,ATG,73681.0,0.0,0.0,0.0,0.1000000014901161,0.0
219,2000,ATG,74929.0,0.0,0.0,0.0,0.1000000014901161,0.0
220,2001,ATG,76082.0,0.0,0.0,0.0,0.1099999994039535,0.0
221,2002,ATG,77049.0,0.0,0.0,0.0,0.1299999952316284,0.0
222,2003,ATG,77896.0,0.0,0.0,0.0,0.1400000005960464,0.0
223,2004,ATG,78734.0,0.0,0.0,0.0,0.1400000005960464,0.0
224,2005,ATG,79628.0,0.0,0.0,0.0,0.1599999964237213,0.0
225,2006,ATG,80619.0,0.0,0.0,0.0,0.1700000017881393,0.0
226,2007,ATG,81716.0,0.0,0.0,0.0,0.1899999976158142,0.0
227,2008,ATG,82926.0,0.0,0.0,0.0,0.2000000029802322,0.0
228,2009,ATG,84193.0,0.0,0.0,0.0,0.2199999988079071,0.0
229,2010,ATG,85337.0,0.0,0.0,0.0,0.2199999988079071,0.0
230,2011,ATG,86350.0,0.0,0.0,0.0,0.2199999988079071,0.0
231,2012,ATG,87275.0,0.0,0.0,0.0,0.2199999988079071,0.0
232,2013,ATG,88074.0,0.0,0.0,0.0,0.2199999988079071,0.0
233,2014,ATG,88784.0,0.0,0.0,0.0,0.2199999988079071,0.0
234,2015,ATG,89421.0,0.0,0.0099999997764825,0.0,0.2199999988079071,0.0
235,2016,ATG,89980.0,0.0,0.0,0.0,0.2199999988079071,0.0
236,2017,ATG,90483.0,0.0,0.0099999997764825,0.0,0.2199999988079071,0.0
237,2018,ATG,90942.0,0.0,0.0099999997764825,0.0,0.2300000041723251,0.0
238,2019,ATG,91377.0,0.0,0.0099999997764825,0.0,0.2300000041723251,0.0
239,2020,ATG,91864.0,0.0,0.0199999995529651,0.0,0.2199999988079071,0.0
240,2021,ATG,92358.0,0.0,0.0199999995529651,0.0,0.2199999988079071,0.0
241,2022,ATG,92850.0,0.0,0.0199999995529651,0.0,0.2199999988079071,0.0
242,2023,ATG,93331.0,0.0,0.0199999995529651,0.0,0.2199999988079071,0.0
243,2024,ATG,93782.0,0.0,0.0299999993294477,0.0,0.2199999988079071,0.0
244,1990,ARG,32755907.0,338751144000.0,17.8461971282959,440.1632385253906,31.6299991607666,1.5162324905395508
245,1991,ARG,33230293.0,376057930424.0,16.000261306762695,453.10748291015625,31.6299991607666,1.3893036842346191
246,1992,ARG,33693532.0,416679827242.0,19.295076370239254,483.1601867675781,31.6299991607666,1.3447699546813965
247,1993,ARG,34152719.0,444780261628.0,23.864301681518555,486.2507934570313,31.6299991607666,1.301385521888733
248,1994,ARG,34613492.0,472926751991.0,27.38568115234375,506.8069152832031,31.6299991607666,1.2923275232315063
249,1995,ARG,35070016.0,461601030169.0,26.622697830200195,531.8506469726562,31.6299991607666,1.3662264347076416
250,1996,ARG,35513795.0,489406483416.0,22.70432472229004,570.7505493164062,31.6299991607666,1.3467423915863037
251,1997,ARG,35947790.0,531526379817.0,28.11801528930664,563.2053833007812,31.6299991607666,1.258604645729065
252,1998,ARG,36372862.0,554567078807.0,26.714954376220703,594.0645751953125,31.6299991607666,1.2518901824951172
253,1999,ARG,36794687.0,538270560194.0,21.6935977935791,621.1754150390625,31.6299991607666,1.3107686042785645
254,2000,ARG,37213986.0,536480965694.0,29.0,600.2755126953125,31.6299991607666,1.3115744590759275
255,2001,ARG,37624817.0,514867255248.0,36.9900016784668,558.672119140625,27.229999542236328,1.3349863290786743
256,2002,ARG,38029345.0,460558541367.0,36.380001068115234,535.50830078125,24.940000534057617,1.429028034210205
257,2003,ARG,38424283.0,503104157615.0,34.7599983215332,582.6388549804688,29.1299991607666,1.4008188247680664
258,2004,ARG,38815915.0,550306327169.0,31.399999618530277,638.63720703125,35.86000061035156,1.3649797439575195
259,2005,ARG,39216786.0,601050418142.0,35.209999084472656,676.3755493164062,37.77000045776367,1.3249584436416626
260,2006,ARG,39622113.0,652296814311.0,39.13999938964844,703.2701416015625,39.68999862670898,1.2817155122756958
261,2007,ARG,40016767.0,714725198062.0,32.349998474121094,757.5216064453125,44.04999923706055,1.2159582376480105
262,2008,ARG,40424151.0,747157417513.0,32.45000076293945,767.49267578125,48.84000015258789,1.1765549182891846
263,2009,ARG,40854832.0,705920838368.0,35.849998474121094,729.6475830078125,46.77000045776367,1.2071524858474731
264,2010,ARG,41288694.0,785785170150.0,34.77000045776367,760.0804443359375,50.59999847412109,1.1227848529815674
265,2011,ARG,41730655.0,837742673804.0,32.61000061035156,791.2130737304688,54.369998931884766,1.0831198692321775
266,2012,ARG,42161718.0,829147409948.0,30.989999771118164,831.2481079101562,58.77999877929688,1.138677954673767
267,2013,ARG,42582453.0,849088398588.0,34.77000045776367,885.8467407226562,58.880001068115234,1.1888619661331177
268,2014,ARG,43024071.0,827750786191.0,34.540000915527344,870.5072021484375,58.7599983215332,1.1996458768844604
269,2015,ARG,43477011.0,850356641236.0,34.43000030517578,883.201904296875,62.02999877929688,1.187727689743042
270,2016,ARG,43900312.0,832669278245.0,31.489999771118164,883.4912719726562,63.56999969482422,1.2078285217285156
271,2017,ARG,44288898.0,856142153676.0,33.68000030517578,872.593994140625,61.93999862670898,1.164512276649475
272,2018,ARG,44654876.0,833736983405.0,35.220001220703125,857.0653686523438,60.810001373291016,1.1826928853988647
273,2019,ARG,44973469.0,817053926667.0,34.779998779296875,793.84521484375,55.47999954223633,1.1329214572906494
274,2020,ARG,45191960.0,735814250460.0,36.619998931884766,731.6663208007812,57.09000015258789,1.1741713285446167
275,2021,ARG,45312282.0,812324184006.0,37.040000915527344,814.0086059570312,62.33000183105469,1.1672524213790894
276,2022,ARG,45407904.0,854914363923.0,42.27000045776367,856.9418334960938,57.18000030517578,1.1711599826812744
277,2023,ARG,45538402.0,854914363923.0,51.650001525878906,833.5345458984375,52.130001068115234,1.1711599826812744
278,2024,ARG,45696153.0,854914363923.0,52.43999862670898,805.2101440429688,52.59000015258789,1.1711599826812744
279,2025,ARG,45851379.0,854914363923.0,52.959999084472656,805.2101440429688,52.9900016784668,1.1711599826812744
280,1992,ARM,3571870.0,15777768492.0,1.25,0.0,1.6200000047683716,3.27280592918396
281,1993,ARM,3453339.0,13153115049.0,1.25,0.0,1.6200000047683716,2.6889877319335938
282,1994,ARM,3364620.0,13441640358.0,1.25,0.0,1.6200000047683716,2.3997809886932373
283,1995,ARM,3307586.0,14085547383.0,1.25,0.0,1.6200000047683716,2.4637293815612797
284,1996,ARM,3278738.0,14363162631.0,1.25,0.0,1.6200000047683716,3.2153425216674805
285,1997,ARM,3246292.0,14402224399.0,1.25,0.0,1.6200000047683716,2.696802854537964
286,1998,ARM,3208399.0,14841976252.0,1.25,0.0,1.6200000047683716,2.773510694503784
287,1999,ARM,3167282.0,14850694858.0,1.25,0.0,1.6200000047683716,1.6793705224990845
288,2000,ARM,3125630.0,15244825874.0,1.25,0.0,1.6200000047683716,1.7607866525650024
289,2001,ARM,3084350.0,16184137401.0,0.959999978542328,0.0,1.6699999570846558,1.6648576259613037
290,2002,ARM,3055636.0,18018113990.0,1.6399999856948853,0.0,0.9800000190734864,1.355619192123413
291,2003,ARM,3038976.0,19928773567.0,1.9600000381469729,0.0,0.949999988079071,1.3331652879714966
292,2004,ARM,3022544.0,21350959248.0,1.9800000190734863,0.0,1.0,1.2988406419754028
293,2005,ARM,3006360.0,23626538545.0,1.75,0.0,1.1200000047683716,1.4053292274475098
294,2006,ARM,2990371.0,25937834265.0,1.809999942779541,0.0,0.9200000166893004,1.2779104709625244
295,2007,ARM,2974825.0,28610365796.0,1.830000042915344,0.0,0.9200000166893004,1.3144173622131348
296,2008,ARM,2959996.0,29672467967.0,1.7799999713897705,0.0,1.1399999856948853,1.218708038330078
297,2009,ARM,2945518.0,24704739187.0,2.0,0.0,0.7300000190734863,1.2790584564208984
298,2010,ARM,2931083.0,24485670654.0,2.539999961853028,0.0,0.9200000166893004,1.4154415130615234
299,2011,ARM,2923269.0,24860520809.0,2.4600000381469727,0.0,1.4700000286102295,1.476550817489624
300,2012,ARM,2922529.0,26634064691.0,2.299999952316284,0.0,2.059999942779541,1.4930373430252075
301,2013,ARM,2922526.0,27542825799.0,2.150000095367432,0.0,1.919999957084656,1.4226255416870115
302,2014,ARM,2922433.0,28536291283.0,1.9700000286102293,0.0,1.9900000095367432,1.414096474647522
303,2015,ARM,2921179.0,29464863299.0,2.180000066757202,0.0,1.7000000476837158,1.2514712810516355
304,2016,ARM,2918796.0,29522321034.0,2.3299999237060547,0.0,1.5800000429153442,1.2524869441986084
305,2017,ARM,2914966.0,31741802974.0,2.25,0.0,1.7400000095367432,1.2543388605117798
306,2018,ARM,2909971.0,33400320594.0,2.309999942779541,0.0,2.039999961853028,1.169619917869568
307,2019,ARM,2903975.0,35949092334.0,2.4100000858306885,0.0,1.8600000143051147,1.1510188579559326
308,2020,ARM,2890893.0,33378378959.0,1.919999957084656,0.0,1.919999957084656,1.3403120040893557
309,2021,ARM,2870339.0,35275596129.0,2.490000009536743,0.0,2.049999952316284,1.2999813556671145
310,2022,ARM,2880880.0,39721734780.0,3.369999885559082,0.0,2.380000114440918,1.2853364944458008
311,2023,ARM,2943398.0,39721734780.0,2.4200000762939453,0.0,2.2699999809265137,1.2853364944458008
312,2024,ARM,2973843.0,39721734780.0,2.880000114440918,0.0,2.1700000762939453,1.2853364944458008
313,2025,ARM,2952355.0,39721734780.0,3.7899999618530273,0.0,2.059999942779541,1.2853364944458008
314,1990,ABW,64452.0,0.0,0.0,0.0,0.5099999904632568,0.0
315,1991,ABW,66564.0,0.0,0.0,0.0,0.5099999904632568,0.0
316,1992,ABW,68889.0,0.0,0.0,0.0,0.5099999904632568,0.0
317,1993,ABW,71091.0,0.0,0.0,0.0,0.5099999904632568,0.0
318,1994,ABW,73475.0,0.0,0.0,0.0,0.5099999904632568,0.0
319,1995,ABW,75930.0,0.0,0.0,0.0,0.5099999904632568,0.0
320,1996,ABW,78497.0,0.0,0.0,0.0,0.5099999904632568,0.0
321,1997,ABW,81123.0,0.0,0.0,0.0,0.5099999904632568,0.0
322,1998,ABW,83788.0,0.0,0.0,0.0,0.5099999904632568,0.0
323,1999,ABW,86483.0,0.0,0.0,0.0,0.5099999904632568,0.0
324,2000,ABW,88772.0,0.0,0.0,0.0,0.5099999904632568,0.0
325,2001,ABW,90320.0,0.0,0.0,0.0,0.5299999713897705,0.0
326,2002,ABW,91393.0,0.0,0.0,0.0,0.5400000214576721,0.0
327,2003,ABW,92324.0,0.0,0.0,0.0,0.550000011920929,0.0
328,2004,ABW,93223.0,0.0,0.0,0.0,0.5699999928474426,0.0
329,2005,ABW,94239.0,0.0,0.0,0.0,0.6000000238418579,0.0
330,2006,ABW,95403.0,0.0,0.0,0.0,0.6000000238418579,0.0
331,2007,ABW,96604.0,0.0,0.0,0.0,0.6200000047683716,0.0
332,2008,ABW,97815.0,0.0,0.0,0.0,0.6000000238418579,0.0
333,2009,ABW,99040.0,0.0,0.0299999993294477,0.0,0.6100000143051147,0.0
334,2010,ABW,100127.0,0.0,0.1099999994039535,0.0,0.550000011920929,0.0
335,2011,ABW,100995.0,0.0,0.1099999994039535,0.0,0.5400000214576721,0.0
336,2012,ABW,101774.0,0.0,0.1400000005960464,0.0,0.5099999904632568,0.0
337,2013,ABW,102570.0,0.0,0.1500000059604644,0.0,0.5199999809265137,0.0
338,2014,ABW,103381.0,0.0,0.1599999964237213,0.0,0.5099999904632568,0.0
339,2015,ABW,104200.0,0.0,0.1800000071525573,0.0,0.5199999809265137,0.0
340,2016,ABW,104989.0,0.0,0.1400000005960464,0.0,0.5299999713897705,0.0
341,2017,ABW,105737.0,0.0,0.1400000005960464,0.0,0.550000011920929,0.0
342,2018,ABW,106447.0,0.0,0.1599999964237213,0.0,0.5299999713897705,0.0
343,2019,ABW,107089.0,0.0,0.1700000017881393,0.0,0.5400000214576721,0.0
344,2020,ABW,107411.0,0.0,0.1700000017881393,0.0,0.5400000214576721,0.0
345,2021,ABW,107565.0,0.0,0.1700000017881393,0.0,0.550000011920929,0.0
346,2022,ABW,107792.0,0.0,0.1700000017881393,0.0,0.550000011920929,0.0
347,2023,ABW,107946.0,0.0,0.1700000017881393,0.0,0.550000011920929,0.0
348,2024,ABW,108076.0,0.0,0.1700000017881393,0.0,0.550000011920929,0.0
349,1990,AUS,17126304.0,464136588000.0,15.518999099731444,1005.0111694335938,174.75999450683594,2.2645905017852783
350,1991,AUS,17353191.0,461302112920.0,16.378450393676758,995.3396606445312,174.75999450683594,2.263028383255005
351,1992,AUS,17549286.0,478633731062.0,16.623600006103516,1011.1068725585938,174.75999450683594,2.21551513671875
352,1993,AUS,17722905.0,501524767329.0,17.073598861694336,1033.7987060546875,174.75999450683594,2.1622915267944336
353,1994,AUS,17897433.0,527993237904.0,16.869400024414062,1075.5048828125,174.75999450683594,2.13175368309021
354,1995,AUS,18095340.0,549038744439.0,16.484649658203125,1105.35986328125,174.75999450683594,2.1023998260498047
355,1996,AUS,18305305.0,574765618472.0,16.947599411010742,1137.8004150390625,174.75999450683594,2.0671675205230717
356,1997,AUS,18504911.0,601472798853.0,16.98764991760254,1166.8212890625,174.75999450683594,2.023845672607422
357,1998,AUS,18701710.0,634847053105.0,16.932600021362305,1196.0067138671875,174.75999450683594,1.963197946548462
358,1999,AUS,18909980.0,664520698611.0,17.498600006103516,1245.3375244140625,174.75999450683594,1.9523053169250488
359,2000,AUS,19132472.0,692059312020.0,17.540000915527344,1253.1943359375,174.75999450683594,1.8860515356063845
360,2001,AUS,19365438.0,713890072308.0,17.260000228881836,1264.4698486328125,180.11000061035156,1.8425599336624143
361,2002,AUS,19595356.0,747065694937.0,17.950000762939453,1288.9951171875,177.60000610351562,1.796020269393921
362,2003,AUS,19819449.0,774450991263.0,18.65999984741211,1306.22412109375,178.99000549316406,1.7571961879730225
363,2004,AUS,20046679.0,809792445090.0,19.3799991607666,1347.7529296875,181.7400054931641,1.7343260049819946
364,2005,AUS,20294490.0,840092380696.0,20.71999931335449,1349.5140380859375,182.6999969482422,1.6788036823272705
365,2006,AUS,20590566.0,866678665246.0,21.13999938964844,1408.5712890625,188.1300048828125,1.6970971822738647
366,2007,AUS,20954545.0,911250727265.0,20.290000915527344,1446.27099609375,192.3999938964844,1.6528568267822266
367,2008,AUS,21370595.0,937889628737.0,19.1200008392334,1475.35693359375,194.22000122070312,1.6331831216812134
368,2009,AUS,21783014.0,963129933389.0,20.15999984741211,1450.366455078125,196.1999969482422,1.567332148551941
369,2010,AUS,22141583.0,993853968687.0,22.15999984741211,1443.7646484375,194.6699981689453,1.518168568611145
370,2011,AUS,22479779.0,1024000293343.0,30.61000061035156,1469.942138671875,192.05999755859372,1.522072196006775
371,2012,AUS,22852648.0,1062662906305.0,30.270000457763672,1448.73583984375,187.2400054931641,1.4455318450927734
372,2013,AUS,23236271.0,1086068056518.0,35.529998779296875,1454.28369140625,181.22000122070312,1.4323099851608276
373,2014,AUS,23595599.0,1113888062929.0,32.7599983215332,1472.994140625,181.82000732421875,1.4062975645065308
374,2015,AUS,23947997.0,1139303344945.0,35.79999923706055,1501.139404296875,185.33999633789065,1.4057940244674685
375,2016,AUS,24329963.0,1169967279612.0,41.7400016784668,1491.790283203125,184.25,1.3734478950500488
376,2017,AUS,24731044.0,1197832839959.0,39.18999862670898,1494.319091796875,185.9600067138672,1.3374388217926023
377,2018,AUS,25119700.0,1231576952488.0,49.4900016784668,1491.399658203125,180.8000030517578,1.3201839923858645
378,2019,AUS,25482714.0,1255505542015.0,55.2599983215332,1531.1895751953125,178.17999267578125,1.3383395671844482
379,2020,AUS,25743787.0,1232259790388.0,64.27999877929688,1413.450439453125,170.30999755859375,1.2865890264511108
380,2021,AUS,25956417.0,1296705194119.0,77.2699966430664,1383.953125,162.0500030517578,1.2256625890731812
381,2022,AUS,26200987.0,1344251444393.0,87.44000244140625,1429.6251220703125,157.7100067138672,1.2354755401611328
382,2023,AUS,26451126.0,1344251444393.0,95.06999969482422,1407.306884765625,152.0399932861328,1.2354755401611328
383,2024,AUS,26713206.0,1344251444393.0,98.79000091552734,1413.3968505859375,155.97999572753906,1.2354755401611328
384,2025,AUS,26974024.0,1344251444393.0,110.58000183105467,1413.3968505859375,150.3800048828125,1.2354755401611328
385,1990,AUT,7679627.0,207979127656.0,32.63999938964844,237.00523376464844,12.130000114440918,1.6050844192504885
386,1991,AUT,7757140.0,215992683383.0,32.650001525878906,252.50921630859372,12.130000114440918,1.6176481246948242
387,1992,AUT,7842715.0,221400873854.0,36.15999984741211,237.50277709960935,12.130000114440918,1.557320475578308
388,1993,AUT,7907492.0,223462931302.0,38.04999923706055,239.5574493408203,12.130000114440918,1.5771889686584473
389,1994,AUT,7938157.0,229749328956.0,36.900001525878906,239.9541015625,12.130000114440918,1.5208231210708618
390,1995,AUT,7950322.0,236824462430.0,38.90999984741211,252.1195526123047,12.130000114440918,1.5524641275405884
391,1996,AUT,7960917.0,243480734505.0,35.790000915527344,269.4282531738281,12.130000114440918,1.5430233478546145
392,1997,AUT,7969804.0,249847313444.0,37.81999969482422,268.2774963378906,12.130000114440918,1.5232045650482178
393,1998,AUT,7978465.0,259776337669.0,39.02999877929688,273.3341979980469,12.130000114440918,1.4983938932418823
394,1999,AUT,7993894.0,270186173474.0,42.34999847412109,267.20245361328125,12.130000114440918,1.453826069831848
395,2000,AUT,8012929.0,280410163017.0,43.43999862670898,266.3775939941406,12.130000114440918,1.409259557723999
396,2001,AUT,8042233.0,285335695766.0,42.2400016784668,281.8998718261719,13.970000267028809,1.4249653816223145
397,2002,AUT,8081640.0,291231427735.0,41.900001525878906,283.94097900390625,13.710000038146973,1.3969238996505735
398,2003,AUT,8122604.0,294489280951.0,35.2400016784668,304.8074645996094,16.3700008392334,1.3844428062438965
399,2004,AUT,8173496.0,303692479841.0,39.619998931884766,307.23260498046875,16.040000915527344,1.3910698890686035
400,2005,AUT,8229204.0,311441138652.0,40.880001068115234,312.7488098144531,16.350000381469727,1.3850133419036863
401,2006,AUT,8269901.0,323236897651.0,40.65999984741211,306.0762939453125,15.739999771118164,1.317500352859497
402,2007,AUT,8296948.0,336303973991.0,43.16999816894531,292.9969787597656,14.619999885559082,1.2490652799606323
403,2008,AUT,8323250.0,342892519161.0,44.52999877929688,293.9140014648437,14.1899995803833,1.2381728887557983
404,2009,AUT,8345073.0,331119036991.0,47.18000030517578,271.3446655273437,12.970000267028809,1.2375380992889404
405,2010,AUT,8365087.0,338832243101.0,44.9900016784668,289.5495300292969,15.380000114440918,1.2441505193710327
406,2011,AUT,8393272.0,349713455451.0,40.90999984741211,275.89801025390625,14.84000015258789,1.1319806575775146
407,2012,AUT,8431599.0,352093108730.0,51.33000183105469,266.2047119140625,12.760000228881836,1.176967978477478
408,2013,AUT,8481411.0,352182904722.0,50.5,265.784912109375,11.1899995803833,1.1665879487991333
409,2014,AUT,8547812.0,354511819035.0,50.20000076293945,251.5323486328125,9.260000228881836,1.1138958930969238
410,2015,AUT,8644037.0,358108266932.0,47.59000015258789,260.525390625,10.630000114440918,1.106881022453308
411,2016,AUT,8737920.0,365232738553.0,51.08000183105469,265.02459716796875,10.029999732971191,1.1216166019439695
412,2017,AUT,8798779.0,373481694490.0,51.04999923706055,273.6918334960937,10.93000030517578,1.1180431842803955
413,2018,AUT,8841653.0,382540042762.0,50.060001373291016,268.0670471191406,10.210000038146973,1.0676062107086182
414,2019,AUT,8880876.0,388344674039.0,54.63999938964844,276.150146484375,10.800000190734863,1.1020116806030271
415,2020,AUT,8921402.0,363281092036.0,55.41999816894531,247.33370971679688,9.199999809265137,1.1014723777770996
416,2021,AUT,8967053.0,379835198584.0,52.75,260.5310363769531,9.020000457763672,1.0697660446166992
417,2022,AUT,9064678.0,398815419150.0,50.40999984741211,243.0203094482422,9.079999923706056,0.9573935866355896
418,2023,AUT,9130434.0,398815419150.0,60.15999984741211,230.8622589111328,7.929999828338623,0.9573935866355896
419,2024,AUT,9120815.0,398815419150.0,67.66000366210938,228.060302734375,8.119999885559082,0.9573935866355896
420,2025,AUT,9113578.0,398815419150.0,61.209999084472656,228.060302734375,8.5600004196167,0.9573935866355896
421,1990,AZE,7231084.0,53235601363.0,1.6579999923706057,255.64854431152344,11.539999961853027,4.894304275512695
422,1991,AZE,7314317.0,53426621017.0,1.7592999935150146,245.1490173339844,11.539999961853027,4.685889720916748
423,1992,AZE,7405781.0,41795295334.0,1.7473000288009644,209.22708129882807,11.539999961853027,5.129615783691406
424,1993,AZE,7504119.0,32486438953.0,2.4260001182556152,178.8065643310547,11.539999961853027,5.724857330322266
425,1994,AZE,7608894.0,26372096369.0,1.830000042915344,165.4534149169922,11.539999961853027,6.478995800018311
426,1995,AZE,7719283.0,23188276303.0,1.555999994277954,156.0469207763672,11.539999961853027,6.927983283996582
427,1996,AZE,7830981.0,24026379639.0,1.5369999408721924,127.19581604003906,11.539999961853027,5.483169078826904
428,1997,AZE,7936220.0,26436933201.0,1.712000012397766,121.09227752685548,11.539999961853027,4.771909236907959
429,1998,AZE,8025808.0,28328460213.0,1.950999975204468,120.87608337402344,11.539999961853027,4.470598220825195
430,1999,AZE,8100472.0,31898574736.0,1.50600004196167,121.9001922607422,11.539999961853027,3.961098909378052
431,2000,AZE,8174784.0,34255707098.0,1.5199999809265137,127.51921081542967,11.539999961853027,3.854984998703003
432,2001,AZE,8251776.0,36862177017.0,1.2899999618530271,123.4054183959961,12.300000190734863,3.451436758041382
433,2002,AZE,8326141.0,40295217200.0,2.0,119.71258544921876,11.649999618530272,3.1172094345092773
434,2003,AZE,8400528.0,44994637993.0,2.440000057220459,128.8719024658203,13.079999923706056,3.023364782333374
435,2004,AZE,8489874.0,50107477354.0,2.7300000190734863,145.95896911621094,13.289999961853027,3.0713565349578857
436,2005,AZE,8597248.0,64019175136.0,2.9800000190734863,158.22023010253906,13.93000030517578,2.606053352355957
437,2006,AZE,8711380.0,87026407066.0,2.490000009536743,156.9268341064453,15.460000038146973,1.8855376243591309
438,2007,AZE,8828313.0,109944254894.0,2.3399999141693115,144.38662719726562,13.770000457763672,1.374070167541504
439,2008,AZE,8942637.0,123130002462.0,2.2100000381469727,144.89144897460938,13.829999923706056,1.2276740074157717
440,2009,AZE,9046336.0,136020226283.0,2.289999961853028,123.71572875976562,11.859999656677246,0.9569774270057678
441,2010,AZE,9146852.0,144296577620.0,3.4100000858306885,118.87249755859376,10.989999771118164,0.8901067972183228
442,2011,AZE,9256156.0,145980469968.0,2.650000095367432,138.35763549804688,12.640000343322754,0.9983474612236024
443,2012,AZE,9376179.0,149196415149.0,1.7999999523162842,145.0977783203125,15.149999618530272,1.0059949159622192
444,2013,AZE,9504417.0,157913964589.0,1.559999942779541,149.9351043701172,15.5600004196167,0.9765554666519164
445,2014,AZE,9631136.0,162332395164.0,1.3700000047683716,153.428466796875,16.68000030517578,0.968637764453888
446,2015,AZE,9752859.0,164036906588.0,1.7100000381469729,167.10147094726562,16.309999465942383,1.0474847555160522
447,2016,AZE,9868434.0,159010796104.0,2.0899999141693115,164.51315307617188,16.190000534057617,1.070319414138794
448,2017,AZE,9968510.0,159255674569.0,1.8799999952316284,161.8766632080078,15.960000038146973,1.0483391284942627
449,2018,AZE,10039782.0,161644514845.0,1.950000047683716,170.90748596191406,16.6299991607666,1.0898401737213137
450,2019,AZE,10110483.0,165653307401.0,1.7899999618530271,181.05880737304688,17.329999923706055,1.1221665143966677
451,2020,AZE,10181736.0,158697520949.0,1.3200000524520874,181.42369079589844,17.510000228881836,1.165289282798767
452,2021,AZE,10234372.0,167584576527.0,1.5199999809265137,193.51519775390625,18.790000915527344,1.1788043975830078
453,2022,AZE,10295307.0,175370552026.0,1.840000033378601,205.4224395751953,19.43000030517578,1.199096918106079
454,2023,AZE,10318209.0,175370552026.0,1.899999976158142,212.14291381835935,19.489999771118164,1.199096918106079
455,2024,AZE,10336577.0,175370552026.0,3.2699999809265137,198.68527221679688,17.65999984741211,1.199096918106079
456,2025,AZE,10397712.0,175370552026.0,3.4100000858306885,198.68527221679688,17.75,1.199096918106079
457,1990,BHS,275954.0,0.0,0.0,0.0,1.1200000047683716,0.0
458,1991,BHS,280745.0,0.0,0.0,0.0,1.1200000047683716,0.0
459,1992,BHS,285938.0,0.0,0.0,0.0,1.1200000047683716,0.0
460,1993,BHS,291350.0,0.0,0.0,0.0,1.1200000047683716,0.0
461,1994,BHS,296519.0,0.0,0.0,0.0,1.1200000047683716,0.0
462,1995,BHS,301471.0,0.0,0.0,0.0,1.1200000047683716,0.0
463,1996,BHS,306281.0,0.0,0.0,0.0,1.1200000047683716,0.0
464,1997,BHS,310914.0,0.0,0.0,0.0,1.1200000047683716,0.0
465,1998,BHS,315376.0,0.0,0.0,0.0,1.1200000047683716,0.0
466,1999,BHS,319623.0,0.0,0.0,0.0,1.1200000047683716,0.0
467,2000,BHS,323846.0,0.0,0.0,0.0,1.1200000047683716,0.0
468,2001,BHS,327847.0,0.0,0.0,0.0,1.159999966621399,0.0
469,2002,BHS,331625.0,0.0,0.0,0.0,1.2400000095367432,0.0
470,2003,BHS,335625.0,0.0,0.0,0.0,1.3200000524520874,0.0
471,2004,BHS,339794.0,0.0,0.0,0.0,1.2999999523162842,0.0
472,2005,BHS,343905.0,0.0,0.0,0.0,1.3799999952316284,0.0
473,2006,BHS,348386.0,0.0,0.0,0.0,1.3899999856948853,0.0
474,2007,BHS,353343.0,0.0,0.0,0.0,1.4800000190734863,0.0
475,2008,BHS,358133.0,0.0,0.0,0.0,1.4800000190734863,0.0
476,2009,BHS,362806.0,0.0,0.0,0.0,1.409999966621399,0.0
477,2010,BHS,367482.0,0.0,0.0,0.0,1.3200000524520874,0.0
478,2011,BHS,371738.0,0.0,0.0,0.0,1.350000023841858,0.0
479,2012,BHS,375474.0,0.0,0.0,0.0,1.25,0.0
480,2013,BHS,378957.0,0.0,0.0,0.0,1.2400000095367432,0.0
481,2014,BHS,382312.0,0.0,0.0,0.0,1.2599999904632568,0.0
482,2015,BHS,385355.0,0.0,0.0,0.0,1.3200000524520874,0.0
483,2016,BHS,388060.0,0.0,0.0,0.0,1.2999999523162842,0.0
484,2017,BHS,390496.0,0.0,0.0,0.0,1.309999942779541,0.0
485,2018,BHS,392718.0,0.0,0.0,0.0,1.3200000524520874,0.0
486,2019,BHS,394684.0,0.0,0.0,0.0,1.3200000524520874,0.0
487,2020,BHS,395874.0,0.0,0.0099999997764825,0.0,1.3300000429153442,0.0
488,2021,BHS,396381.0,0.0,0.0099999997764825,0.0,1.340000033378601,0.0
489,2022,BHS,397542.0,0.0,0.0199999995529651,0.0,1.340000033378601,0.0
490,2023,BHS,399452.0,0.0,0.0199999995529651,0.0,1.440000057220459,0.0
491,2024,BHS,401282.0,0.0,0.0199999995529651,0.0,1.4700000286102295,0.0
492,1990,BHR,514799.0,3274114078.0,0.0,0.0,12.539999961853027,22.93556022644043
493,1991,BHR,531883.0,3651056951.0,0.0,0.0,12.539999961853027,23.020767211914062
494,1992,BHR,547753.0,4256667780.0,0.0,0.0,12.539999961853027,16.56515121459961
495,1993,BHR,562820.0,4978466441.0,0.0,0.0,12.539999961853027,16.914592742919922
496,1994,BHR,577960.0,5580193474.0,0.0,0.0,12.539999961853027,14.868070602416992
497,1995,BHR,593230.0,6161508997.0,0.0,0.0,12.539999961853027,13.489142417907717
498,1996,BHR,608593.0,6872042752.0,0.0,0.0,12.539999961853027,12.123899459838867
499,1997,BHR,624019.0,7574288621.0,0.0,0.0,12.539999961853027,12.959726333618164
500,1998,BHR,639391.0,8524455571.0,0.0,0.0,12.539999961853027,12.087688446044922
501,1999,BHR,654622.0,9667911784.0,0.0,0.0,12.539999961853027,10.935113906860352
502,2000,BHR,669589.0,11032289188.0,0.0,0.0,12.539999961853027,10.14087200164795
503,2001,BHR,699964.0,12074987722.0,0.0,0.0,13.229999542236328,9.589265823364258
504,2002,BHR,752205.0,13787453002.0,0.0,0.0,13.8100004196167,8.960830688476562
505,2003,BHR,811276.0,16535287306.0,0.0,0.0,14.199999809265137,7.806422233581543
506,2004,BHR,871446.0,19633464819.0,0.0,0.0,14.609999656677246,6.810469627380371
507,2005,BHR,932618.0,22873324996.0,0.0,0.0,17.520000457763672,6.558051586151123
508,2006,BHR,994626.0,26149797771.0,0.0,0.0,18.90999984741211,6.120541572570801
509,2007,BHR,1057419.0,30119518073.0,0.0,0.0,19.57999992370605,5.455848693847656
510,2008,BHR,1120718.0,33548850204.0,0.0,0.0,20.649999618530277,5.129281520843506
511,2009,BHR,1183616.0,35937223742.0,0.0,0.0,20.40999984741211,4.740796089172363
512,2010,BHR,1213248.0,39778047298.0,0.0,0.0,21.549999237060547,4.329894542694092
513,2011,BHR,1206733.0,43727144774.0,0.0,0.0,22.020000457763672,3.897235870361328
514,2012,BHR,1216307.0,45357290589.0,0.0,0.0,22.40999984741211,4.036147594451904
515,2013,BHR,1257206.0,47813841200.0,0.0,0.0,23.440000534057617,4.257986545562744
516,2014,BHR,1312857.0,49894227022.0,0.0099999997764825,0.0,24.649999618530277,4.04473352432251
517,2015,BHR,1369656.0,51134096686.0,0.0099999997764825,0.0,25.770000457763672,3.9815151691436768
518,2016,BHR,1429609.0,52953446666.0,0.0099999997764825,0.0,25.790000915527344,3.836176633834839
519,2017,BHR,1482003.0,55226208950.0,0.0099999997764825,0.0,26.440000534057617,3.784325838088989
520,2018,BHR,1497634.0,56391482183.0,0.0099999997764825,0.0,26.729999542236328,3.729363679885864
521,2019,BHR,1485675.0,57613480945.0,0.0199999995529651,0.0,29.940000534057617,4.014012336730957
522,2020,BHR,1483081.0,54937336615.0,0.0199999995529651,0.0,30.18000030517578,4.105563640594482
523,2021,BHR,1501762.0,56404169544.0,0.0399999991059303,0.0,30.63999938964844,4.163157939910889
524,2022,BHR,1533460.0,58769760175.0,0.0799999982118606,0.0,32.209999084472656,4.221349239349365
525,2023,BHR,1569674.0,58769760175.0,0.0900000035762786,0.0,33.81999969482422,4.221349239349365
526,2024,BHR,1607059.0,58769760175.0,0.1000000014901161,0.0,34.2400016784668,4.221349239349365
527,1990,BGD,111633722.0,112105268328.0,0.8840000033378601,71.24242401123047,10.289999961853027,0.6588129997253418
528,1991,BGD,113787112.0,117331560870.0,0.8379999995231628,68.77664947509766,10.289999961853027,0.6072928309440613
529,1992,BGD,115952198.0,123425133934.0,0.7960000038146973,75.3567886352539,10.289999961853027,0.6296169757843018
530,1993,BGD,118132363.0,129907345176.0,0.6079999804496765,83.63790130615234,10.289999961853027,0.6576668620109558
531,1994,BGD,120343183.0,137432659561.0,0.847000002861023,88.18550872802734,10.289999961853027,0.6598873138427734
532,1995,BGD,122600372.0,145833067614.0,0.3720000088214874,106.00862121582033,10.289999961853027,0.7344604730606079
533,1996,BGD,124862185.0,155028875281.0,0.7390000224113464,110.01725769042967,10.289999961853027,0.7237520813941956
534,1997,BGD,127198070.0,165329622112.0,0.718999981880188,115.76473236083984,10.289999961853027,0.7130652666091919
535,1998,BGD,129622332.0,175900627375.0,0.8650000095367432,123.00138854980467,10.289999961853027,0.7138075232505798
536,1999,BGD,132108065.0,187794887949.0,0.8330000042915344,124.5221939086914,10.289999961853027,0.6761918067932129
537,2000,BGD,134544303.0,200824294390.0,0.9399999976158142,133.9060516357422,10.289999961853027,0.6784775257110596
538,2001,BGD,136805810.0,213164797419.0,0.9800000190734864,152.6677703857422,11.25,0.7303786277770996
539,2002,BGD,138933659.0,226285297151.0,1.0499999523162842,153.8367156982422,12.270000457763672,0.6904764175415039
540,2003,BGD,140970355.0,242325893842.0,1.1200000047683716,162.7410888671875,13.010000228881836,0.6813472509384155
541,2004,BGD,142902857.0,260372737862.0,1.2100000381469729,173.20352172851562,16.40999984741211,0.6740206480026245
542,2005,BGD,144715789.0,280264340330.0,1.2799999713897705,187.9779052734375,17.649999618530273,0.6788131594657898
543,2006,BGD,146405983.0,303255436424.0,1.3899999856948853,203.58929443359372,19.780000686645508,0.6789132952690125
544,2007,BGD,147989282.0,327072515722.0,0.7599999904632568,209.4282989501953,20.86000061035156,0.6474217772483826
545,2008,BGD,149474264.0,349461394439.0,0.959999978542328,220.05401611328125,23.020000457763672,0.6379849314689636
546,2009,BGD,150873716.0,372693237092.0,0.4699999988079071,244.0081329345703,25.38999938964844,0.658299446105957
547,2010,BGD,152201978.0,400087800634.0,0.8299999833106995,248.84616088867188,27.59000015258789,0.6275482773780823
548,2011,BGD,153591074.0,431418704062.0,0.9800000190734864,268.7568054199219,29.739999771118164,0.629618227481842
549,2012,BGD,155070110.0,458456647637.0,0.9100000262260436,292.3768005371094,32.7599983215332,0.6435232758522034
550,2013,BGD,156532134.0,486135250102.0,1.0700000524520874,303.92779541015625,35.939998626708984,0.6306406855583191
551,2014,BGD,157964931.0,516793803718.0,0.7799999713897705,316.23858642578125,37.91999816894531,0.6164129376411438
552,2015,BGD,159383179.0,552104723056.0,0.800000011920929,381.8580932617188,40.06999969482422,0.6975157856941223
553,2016,BGD,160811934.0,589932630231.0,1.2400000095367432,383.65576171875,46.470001220703125,0.6555005311965942
554,2017,BGD,162186146.0,630957812405.0,1.2899999618530271,399.2973937988281,49.369998931884766,0.6386564373970032
555,2018,BGD,163523109.0,678912369102.0,1.399999976158142,427.05279541015625,53.27000045776367,0.6337901949882507
556,2019,BGD,164913060.0,717214595514.0,1.190000057220459,479.2814025878906,57.470001220703125,0.672827959060669
557,2020,BGD,166298024.0,754358367084.0,1.25,454.2763366699219,58.02000045776367,0.6064056754112244
558,2021,BGD,167658855.0,807308397444.0,1.350000023841858,488.9675598144531,64.94999694824219,0.6100152134895325
559,2022,BGD,169384891.0,858143907016.0,1.590000033378601,508.41259765625,69.16999816894531,0.5968392491340637
560,2023,BGD,171466986.0,858143907016.0,1.7200000286102295,502.3999633789063,68.7699966430664,0.5968392491340637
561,2024,BGD,173562366.0,858143907016.0,1.919999957084656,522.9284057617188,70.77999877929688,0.5968392491340637
562,2025,BGD,175686904.0,858143907016.0,2.2100000381469727,522.9284057617188,71.9800033569336,0.5968392491340637
563,1990,BRB,258583.0,3404428000.0,0.0,0.0,0.5199999809265137,1.6160129308700562
564,1991,BRB,259382.0,3234507041.0,0.0,0.0,0.5199999809265137,1.719873070716858
565,1992,BRB,260272.0,3028225649.0,0.0,0.0,0.5199999809265137,1.940549612045288
566,1993,BRB,261036.0,3017396976.0,0.0,0.0,0.5199999809265137,1.8979456424713133
567,1994,BRB,261625.0,3045284405.0,0.0,0.0,0.5199999809265137,1.7835060358047483
568,1995,BRB,262046.0,3074994312.0,0.0,0.0,0.5199999809265137,1.8331105709075928
569,1996,BRB,262290.0,3163661977.0,0.0,0.0,0.5199999809265137,1.5997445583343506
570,1997,BRB,262405.0,3273617373.0,0.0,0.0,0.5199999809265137,1.8612680435180664
571,1998,BRB,262434.0,3356270425.0,0.0,0.0,0.5199999809265137,1.843944787979126
572,1999,BRB,262521.0,3340959870.0,0.0,0.0,0.5199999809265137,1.9392935037612915
573,2000,BRB,262071.0,3452406154.0,0.0,0.0,0.5199999809265137,2.017554521560669
574,2001,BRB,262429.0,3330849682.0,0.0,0.0,0.5400000214576721,2.092429876327514
575,2002,BRB,264155.0,3319030722.0,0.0,0.0,0.5699999928474426,2.114013433456421
576,2003,BRB,265789.0,3362359775.0,0.0,0.0,0.5799999833106995,2.1090238094329834
577,2004,BRB,267297.0,3369967163.0,0.0,0.0,0.5899999737739563,2.119945526123047
578,2005,BRB,268717.0,3466246054.0,0.0,0.0,0.6499999761581421,2.0770063400268555
579,2006,BRB,270011.0,3622055423.0,0.0,0.0,0.6700000166893005,1.992173194885254
580,2007,BRB,271298.0,3642717925.0,0.0,0.0,0.6899999976158142,1.8899286985397337
581,2008,BRB,272719.0,3618468400.0,0.0,0.0,0.6899999976158142,2.243391990661621
582,2009,BRB,274137.0,3446882402.0,0.0,0.0,0.7099999785423279,2.2195448875427246
583,2010,BRB,275251.0,3418936167.0,0.0,0.0,0.6800000071525574,2.155512571334839
584,2011,BRB,276150.0,3406690000.0,0.0,0.0,0.6899999976158142,2.2733170986175537
585,2012,BRB,276949.0,3415680000.0,0.0,0.0,0.7400000095367432,2.1309993267059326
586,2013,BRB,277669.0,3412801000.0,0.0,0.0,0.6600000262260437,2.164311408996582
587,2014,BRB,278355.0,3416200000.0,0.0099999997764825,0.0,0.6700000166893005,1.8772292137146
588,2015,BRB,278999.0,3448059000.0,0.0099999997764825,0.0,0.6700000166893005,1.9766556024551392
589,2016,BRB,279604.0,3528285767.0,0.0199999995529651,0.0,0.6700000166893005,1.9667431116104128
590,2017,BRB,280177.0,3554020089.0,0.0299999993294477,0.0,0.6600000262260437,1.8465389013290403
591,2018,BRB,280719.0,3526291932.0,0.0299999993294477,0.0,0.6600000262260437,2.093744993209839
592,2019,BRB,281216.0,3535586950.0,0.0399999991059303,0.0,0.6700000166893005,2.035017490386963
593,2020,BRB,281706.0,3085224475.0,0.0700000002980232,0.0,0.6499999761581421,1.8264650106430051
594,2021,BRB,282157.0,3061072053.0,0.0799999982118606,0.0,0.6399999856948853,1.7607946395874023
595,2022,BRB,282324.0,3408005977.0,0.0799999982118606,0.0,0.6600000262260437,1.6451596021652222
596,2023,BRB,282347.0,3408005977.0,0.0900000035762786,0.0,0.6600000262260437,1.6451596021652222
597,2024,BRB,282476.0,3408005977.0,0.1000000014901161,0.0,0.6600000262260437,1.6451596021652222
598,1990,BLR,10186258.0,116974867000.0,0.0199999995529651,465.913330078125,13.520000457763672,3.9835267066955566
599,1991,BLR,10193889.0,114005544177.0,0.0179999992251396,464.85296630859375,13.520000457763672,4.077926158905029
600,1992,BLR,10217561.0,101880793628.0,0.0170000009238719,404.9029541015625,13.520000457763672,3.974774837493897
601,1993,BLR,10241320.0,93050209032.0,0.0189999993890523,337.8152160644531,13.520000457763672,3.6310651302337646
602,1994,BLR,10230193.0,81212667307.0,0.0189999993890523,282.14813232421875,13.520000457763672,3.4748804569244385
603,1995,BLR,10197466.0,71373341741.0,0.0199999995529651,250.64694213867188,13.520000457763672,3.512601375579834
604,1996,BLR,10164025.0,72504136402.0,0.0160000007599592,257.09088134765625,13.520000457763672,3.5465312004089355
605,1997,BLR,10122365.0,79868071251.0,0.0209999997168779,260.0389709472656,13.520000457763672,3.256633996963501
606,1998,BLR,10080579.0,85602469015.0,0.0280000008642673,254.2679443359375,13.520000457763672,2.971301555633545
607,1999,BLR,10039221.0,87455010171.0,0.0189999993890523,247.3604736328125,13.520000457763672,2.829073429107666
608,2000,BLR,9991310.0,91419114455.0,0.0299999993294477,254.9192352294922,13.520000457763672,2.7893407344818115
609,2001,BLR,9938068.0,94624119098.0,0.0299999993294477,247.82334899902344,12.949999809265137,2.6199607849121094
610,2002,BLR,9873451.0,98263269227.0,0.0299999993294477,256.3914794921875,13.640000343322754,2.6100916862487797
611,2003,BLR,9803175.0,103937865617.0,0.0299999993294477,254.4706268310547,13.6899995803833,2.4490768909454346
612,2004,BLR,9735089.0,114486408721.0,0.0299999993294477,284.9354553222656,16.06999969482422,2.489670515060425
613,2005,BLR,9667833.0,123858071551.0,0.0399999991059303,284.0000305175781,15.869999885559082,2.293802499771118
614,2006,BLR,9608041.0,134673942572.0,0.0399999991059303,302.0030822753906,16.389999389648438,2.243283987045288
615,2007,BLR,9563135.0,144615680573.0,0.050000000745058,294.5802307128906,16.200000762939453,2.037999629974365
616,2008,BLR,9529357.0,157577029170.0,0.0700000002980232,298.314208984375,17.950000762939453,1.8950363397598269
617,2009,BLR,9507334.0,156010272888.0,0.1099999994039535,281.958984375,16.219999313354492,1.8108766078948972
618,2010,BLR,9490752.0,166239903113.0,0.1400000005960464,305.4148254394531,17.84000015258789,1.841923475265503
619,2011,BLR,9472738.0,173120303880.0,0.1400000005960464,299.9355163574219,16.389999389648438,1.7368515729904177
620,2012,BLR,9463075.0,175940441074.0,0.209999993443489,324.3800048828125,15.720000267028809,1.8485592603683472
621,2013,BLR,9464454.0,177632980571.0,0.3000000119209289,293.2774353027344,15.9399995803833,1.6562544107437134
622,2014,BLR,9472704.0,180627882895.0,0.2899999916553497,293.9651794433594,17.6200008392334,1.6324321031570437
623,2015,BLR,9487289.0,173709821418.0,0.3400000035762787,266.0072326660156,17.280000686645508,1.5368250608444214
624,2016,BLR,9499066.0,169304543676.0,0.4300000071525574,271.6468200683594,16.989999771118164,1.6112834215164185
625,2017,BLR,9495793.0,173606575679.0,0.7799999713897705,275.72052001953125,17.25,1.6003998517990112
626,2018,BLR,9480031.0,179054352755.0,0.8100000023841858,305.2554626464844,19.540000915527344,1.715560793876648
627,2019,BLR,9435415.0,181643469714.0,1.0399999618530271,306.4401550292969,20.18000030517578,1.6999807357788086
628,2020,BLR,9350943.0,180420997693.0,1.350000023841858,282.854248046875,19.21999931335449,1.5881987810134888
629,2021,BLR,9251368.0,184521985376.0,1.2699999809265137,294.60894775390625,17.8700008392334,1.6947827339172363
630,2022,BLR,9173240.0,175773799265.0,1.2599999904632568,288.16552734375,16.329999923706055,1.726731538772583
631,2023,BLR,9115679.0,175773799265.0,1.340000033378601,271.0368347167969,15.020000457763672,1.726731538772583
632,2024,BLR,9056696.0,175773799265.0,1.409999966621399,271.5097045898437,15.100000381469728,1.726731538772583
633,2025,BLR,8997601.0,175773799265.0,2.240000009536743,271.5097045898437,14.34000015258789,1.726731538772583
634,1990,BEL,9960968.0,273278713941.0,0.5600000023841858,498.4208679199219,22.31999969482422,2.273695707321167
635,1991,BEL,9998962.0,278686606016.0,0.5400000214576721,519.6057739257812,22.31999969482422,2.3068199157714844
636,1992,BEL,10045988.0,283358354426.0,0.6200000047683716,516.3150024414062,22.31999969482422,2.26395034790039
637,1993,BEL,10084932.0,281005275818.0,0.5099999904632568,510.6575927734375,22.31999969482422,2.2461605072021484
638,1994,BEL,10116005.0,290433135887.0,0.6100000143051147,546.8049926757812,22.31999969482422,2.285923957824707
639,1995,BEL,10137264.0,297763645458.0,0.6700000166893005,552.7208251953125,22.31999969482422,2.25722599029541
640,1996,BEL,10156972.0,302924438524.0,0.5600000023841858,589.1821899414062,22.31999969482422,2.356632232666016
641,1997,BEL,10181465.0,314576090803.0,0.6000000238418579,584.9376220703125,22.31999969482422,2.2928059101104736
642,1998,BEL,10203185.0,321240211745.0,0.7599999904632568,602.0637817382812,22.31999969482422,2.289210557937622
643,1999,BEL,10226681.0,333121577520.0,0.8500000238418579,588.4244384765625,22.31999969482422,2.1918153762817383
644,2000,BEL,10251719.0,345706865981.0,1.0499999523162842,603.4815673828125,22.31999969482422,2.1502275466918945
645,2001,BEL,10287005.0,349015220419.0,1.0800000429153442,602.88671875,19.8799991607666,2.11125111579895
646,2002,BEL,10332975.0,355705534550.0,1.1399999856948853,597.3050537109375,20.21999931335449,2.0620272159576416
647,2003,BEL,10376262.0,358937085300.0,1.2000000476837158,626.1304931640625,20.81999969482422,2.1220738887786865
648,2004,BEL,10421298.0,372499172102.0,1.5,629.1559448242188,20.530000686645508,2.052675724029541
649,2005,BEL,10478883.0,380840056202.0,2.109999895095825,618.7869873046875,20.34000015258789,1.985394835472107
650,2006,BEL,10548445.0,390874955040.0,2.9600000381469727,621.7085571289062,19.299999237060547,1.9398560523986816
651,2007,BEL,10625488.0,404721960651.0,3.490000009536743,621.80615234375,19.46999931335449,1.8864036798477173
652,2008,BEL,10709711.0,408290544814.0,4.420000076293945,639.1719360351562,18.1299991607666,1.8999558687210083
653,2009,BEL,10812936.0,399489943721.0,5.440000057220459,571.0077514648438,19.46999931335449,1.791907787322998
654,2010,BEL,10936619.0,411261674695.0,6.570000171661377,612.6236572265625,19.799999237060547,1.859613299369812
655,2011,BEL,11038624.0,420934235947.0,8.359999656677246,556.806396484375,17.219999313354492,1.6955418586730957
656,2012,BEL,11107522.0,424045845634.0,10.510000228881836,543.6436157226562,16.520000457763672,1.615248203277588
657,2013,BEL,11160277.0,425993254852.0,11.720000267028809,552.0789794921875,15.100000381469728,1.64772367477417
658,2014,BEL,11210113.0,432717694183.0,12.210000038146973,523.2140502929688,13.520000457763672,1.5041007995605469
659,2015,BEL,11275332.0,441551470878.0,14.4399995803833,545.30126953125,14.75,1.4889014959335327
660,2016,BEL,11332707.0,447144517813.0,14.25,551.7019653320312,13.380000114440918,1.5867561101913452
661,2017,BEL,11376583.0,454386396677.0,15.800000190734863,557.6589965820312,13.609999656677246,1.5758448839187622
662,2018,BEL,11428608.0,462533269863.0,17.15999984741211,587.7821655273438,13.8100004196167,1.544116497039795
663,2019,BEL,11490623.0,472897988852.0,19.450000762939453,568.6485595703125,14.510000228881836,1.561371088027954
664,2020,BEL,11540102.0,447544069854.0,23.450000762939453,505.00830078125,14.710000038146973,1.483442306518555
665,2021,BEL,11570843.0,474995824355.0,22.75,541.3975830078125,13.100000381469728,1.5542969703674316
666,2022,BEL,11641814.0,489678394377.0,24.43000030517578,509.4892578125,13.149999618530272,1.418181538581848
667,2023,BEL,11712891.0,489678394377.0,27.459999084472656,486.1304321289063,11.0600004196167,1.418181538581848
668,2024,BEL,11738761.0,489678394377.0,26.780000686645508,489.8702697753906,9.649999618530272,1.418181538581848
669,2025,BEL,11758601.0,489678394377.0,28.3799991607666,489.8702697753906,10.920000076293944,1.418181538581848
670,1990,BLZ,183090.0,0.0,0.0900000035762786,0.0,0.0299999993294477,0.0
671,1991,BLZ,187056.0,0.0,0.0900000035762786,0.0,0.0299999993294477,0.0
672,1992,BLZ,190995.0,0.0,0.0900000035762786,0.0,0.0299999993294477,0.0
673,1993,BLZ,194916.0,0.0,0.0900000035762786,0.0,0.0299999993294477,0.0
674,1994,BLZ,199101.0,0.0,0.0900000035762786,0.0,0.0299999993294477,0.0
675,1995,BLZ,204165.0,0.0,0.0900000035762786,0.0,0.0299999993294477,0.0
676,1996,BLZ,210321.0,0.0,0.0900000035762786,0.0,0.0299999993294477,0.0
677,1997,BLZ,217459.0,0.0,0.0900000035762786,0.0,0.0299999993294477,0.0
678,1998,BLZ,225186.0,0.0,0.0900000035762786,0.0,0.0299999993294477,0.0
679,1999,BLZ,233066.0,0.0,0.0900000035762786,0.0,0.0299999993294477,0.0
680,2000,BLZ,240809.0,0.0,0.0900000035762786,0.0,0.0299999993294477,0.0
681,2001,BLZ,248393.0,0.0,0.0900000035762786,0.0,0.0299999993294477,0.0
682,2002,BLZ,256019.0,0.0,0.0900000035762786,0.0,0.0299999993294477,0.0
683,2003,BLZ,263794.0,0.0,0.0599999986588954,0.0,0.0700000002980232,0.0
684,2004,BLZ,271695.0,0.0,0.0599999986588954,0.0,0.050000000745058,0.0
685,2005,BLZ,279747.0,0.0,0.0700000002980232,0.0,0.0599999986588954,0.0
686,2006,BLZ,287889.0,0.0,0.1800000071525573,0.0,0.0199999995529651,0.0
687,2007,BLZ,296117.0,0.0,0.1800000071525573,0.0,0.0299999993294477,0.0
688,2008,BLZ,304373.0,0.0,0.2000000029802322,0.0,0.0099999997764825,0.0
689,2009,BLZ,312619.0,0.0,0.1899999976158142,0.0,0.0299999993294477,0.0
690,2010,BLZ,320256.0,0.0,0.3700000047683716,0.0,0.0599999986588954,0.0
691,2011,BLZ,327306.0,0.0,0.3100000023841858,0.0,0.0299999993294477,0.0
692,2012,BLZ,334421.0,0.0,0.3499999940395355,0.0,0.050000000745058,0.0
693,2013,BLZ,341635.0,0.0,0.3499999940395355,0.0,0.0399999991059303,0.0
694,2014,BLZ,348934.0,0.0,0.3300000131130218,0.0,0.050000000745058,0.0
695,2015,BLZ,356341.0,0.0,0.3300000131130218,0.0,0.050000000745058,0.0
696,2016,BLZ,364717.0,0.0,0.3600000143051147,0.0,0.0399999991059303,0.0
697,2017,BLZ,373215.0,0.0,0.3799999952316284,0.0,0.0399999991059303,0.0
698,2018,BLZ,380232.0,0.0,0.3799999952316284,0.0,0.0599999986588954,0.0
699,2019,BLZ,385833.0,0.0,0.449999988079071,0.0,0.0900000035762786,0.0
700,2020,BLZ,390819.0,0.0,0.3899999856948852,0.0,0.0700000002980232,0.0
701,2021,BLZ,395355.0,0.0,0.3100000023841858,0.0,0.0599999986588954,0.0
702,2022,BLZ,402741.0,0.0,0.4099999964237213,0.0,0.0799999982118606,0.0
703,2023,BLZ,411112.0,0.0,0.4000000059604645,0.0,0.0700000002980232,0.0
704,2024,BLZ,417077.0,0.0,0.4099999964237213,0.0,0.0799999982118606,0.0
705,1990,BEN,5281482.0,8723574620.0,0.0,0.0,0.050000000745058,0.2930889427661896
706,1991,BEN,5446935.0,9020546630.0,0.0,0.0,0.050000000745058,0.3312785923480987
707,1992,BEN,5617847.0,9209668142.0,0.0,0.0,0.050000000745058,0.3605194687843323
708,1993,BEN,5872707.0,9663859223.0,0.0,0.0,0.050000000745058,0.3777987360954284
709,1994,BEN,6096510.0,9706566478.0,0.0,0.0,0.050000000745058,0.3935388624668121
710,1995,BEN,6226775.0,10500460878.0,0.0,0.0,0.050000000745058,0.3926295638084411
711,1996,BEN,6391861.0,10810469226.0,0.0,0.0,0.050000000745058,0.4159956276416778
712,1997,BEN,6583375.0,11307899196.0,0.0,0.0,0.050000000745058,0.4302458167076111
713,1998,BEN,6789492.0,11647427795.0,0.0,0.0,0.050000000745058,0.4503141343593597
714,1999,BEN,7002818.0,12157431164.0,0.0,0.0,0.050000000745058,0.2116525471210479
715,2000,BEN,7221618.0,12746225376.0,0.0,0.0,0.050000000745058,0.5385772585868835
716,2001,BEN,7445599.0,13306904218.0,0.0,0.0,0.0399999991059303,0.5895496010780334
717,2002,BEN,7675430.0,13793055302.0,0.0,0.0,0.0399999991059303,0.6556896567344666
718,2003,BEN,7913074.0,14127733603.0,0.0,0.0,0.050000000745058,0.7349123358726501
719,2004,BEN,8159098.0,14599811664.0,0.0,0.0,0.050000000745058,0.7504841089248657
720,2005,BEN,8426145.0,14703566396.0,0.0,0.0,0.0700000002980232,0.6995474696159363
721,2006,BEN,8693243.0,15130030225.0,0.0,0.0,0.1000000014901161,0.9291513562202454
722,2007,BEN,8953973.0,15874980420.0,0.0,0.0,0.1400000005960464,1.0454503297805786
723,2008,BEN,9228468.0,16519715795.0,0.0,0.0,0.1500000059604644,1.027416110038757
724,2009,BEN,9509431.0,16780073808.0,0.0,0.0,0.0900000035762786,1.122958064079285
725,2010,BEN,9797488.0,17023196060.0,0.0,0.0,0.0700000002980232,1.2653101682662964
726,2011,BEN,10093626.0,17416238625.0,0.0,0.0,0.0700000002980232,1.1561808586120603
727,2012,BEN,10397659.0,18305935000.0,0.0,0.0,0.0299999993294477,1.042981505393982
728,2013,BEN,10708831.0,19651418479.0,0.0,0.0,0.0799999982118606,0.9915399551391602
729,2014,BEN,11030008.0,21043177203.0,0.0,0.0,0.2199999988079071,0.9849764108657836
730,2015,BEN,11360681.0,22279707949.0,0.0,0.0,0.2000000029802322,1.021919846534729
731,2016,BEN,11697845.0,23134706997.0,0.0,0.0,0.1800000071525573,1.2000017166137695
732,2017,BEN,12039777.0,24568275710.0,0.0,0.0,0.2000000029802322,1.198628067970276
733,2018,BEN,12383349.0,26346543293.0,0.0,0.0,0.1199999973177909,1.2298210859298706
734,2019,BEN,12726760.0,28155410176.0,0.0099999997764825,0.0,0.3300000131130218,1.072041153907776
735,2020,BEN,13070169.0,29239039610.0,0.0099999997764825,0.0,0.5899999737739563,1.0849707126617432
736,2021,BEN,13413423.0,31331235336.0,0.0199999995529651,0.0,0.6600000262260437,0.7864938378334045
737,2022,BEN,13759507.0,33290362034.0,0.0199999995529651,0.0,0.5899999737739563,0.7610546350479126
738,2023,BEN,14111035.0,33290362034.0,0.0299999993294477,0.0,0.5899999737739563,0.7610546350479126
739,2024,BEN,14462721.0,33290362034.0,0.0399999991059303,0.0,0.5899999737739563,0.7610546350479126
740,1990,BMU,57584.0,0.0,0.0099999997764825,0.0,0.3899999856948852,0.0
741,1991,BMU,58007.0,0.0,0.0099999997764825,0.0,0.3899999856948852,0.0
742,1992,BMU,58430.0,0.0,0.0099999997764825,0.0,0.3899999856948852,0.0
743,1993,BMU,58834.0,0.0,0.0099999997764825,0.0,0.3899999856948852,0.0
744,1994,BMU,59214.0,0.0,0.0099999997764825,0.0,0.3899999856948852,0.0
745,1995,BMU,59549.0,0.0,0.0099999997764825,0.0,0.3899999856948852,0.0
746,1996,BMU,59836.0,0.0,0.0099999997764825,0.0,0.3899999856948852,0.0
747,1997,BMU,60194.0,0.0,0.0099999997764825,0.0,0.3899999856948852,0.0
748,1998,BMU,60659.0,0.0,0.0099999997764825,0.0,0.3899999856948852,0.0
749,1999,BMU,61142.0,0.0,0.0099999997764825,0.0,0.3899999856948852,0.0
750,2000,BMU,61569.0,0.0,0.0099999997764825,0.0,0.3899999856948852,0.0
751,2001,BMU,61887.0,0.0,0.0099999997764825,0.0,0.3899999856948852,0.0
752,2002,BMU,62163.0,0.0,0.0099999997764825,0.0,0.4099999964237213,0.0
753,2003,BMU,62405.0,0.0,0.0099999997764825,0.0,0.4300000071525574,0.0
754,2004,BMU,62576.0,0.0,0.0099999997764825,0.0,0.4300000071525574,0.0
755,2005,BMU,62730.0,0.0,0.0099999997764825,0.0,0.449999988079071,0.0
756,2006,BMU,62855.0,0.0,0.0099999997764825,0.0,0.4600000083446502,0.0
757,2007,BMU,63030.0,0.0,0.0099999997764825,0.0,0.4699999988079071,0.0
758,2008,BMU,63319.0,0.0,0.0099999997764825,0.0,0.4699999988079071,0.0
759,2009,BMU,63587.0,0.0,0.0099999997764825,0.0,0.4799999892711639,0.0
760,2010,BMU,63748.0,0.0,0.0099999997764825,0.0,0.4799999892711639,0.0
761,2011,BMU,63753.0,0.0,0.0099999997764825,0.0,0.4699999988079071,0.0
762,2012,BMU,63665.0,0.0,0.0099999997764825,0.0,0.449999988079071,0.0
763,2013,BMU,63593.0,0.0,0.0099999997764825,0.0,0.4399999976158142,0.0
764,2014,BMU,63551.0,0.0,0.0099999997764825,0.0,0.4300000071525574,0.0
765,2015,BMU,63482.0,0.0,0.0099999997764825,0.0,0.4300000071525574,0.0
766,2016,BMU,63466.0,0.0,0.0099999997764825,0.0,0.4300000071525574,0.0
767,2017,BMU,63603.0,0.0,0.0099999997764825,0.0,0.4300000071525574,0.0
768,2018,BMU,63852.0,0.0,0.0099999997764825,0.0,0.4099999964237213,0.0
769,2019,BMU,64130.0,0.0,0.0099999997764825,0.0,0.3899999856948852,0.0
770,2020,BMU,64404.0,0.0,0.0099999997764825,0.0,0.3799999952316284,0.0
771,2021,BMU,64672.0,0.0,0.0099999997764825,0.0,0.3799999952316284,0.0
772,2022,BMU,64772.0,0.0,0.0099999997764825,0.0,0.4099999964237213,0.0
773,2023,BMU,64721.0,0.0,0.0099999997764825,0.0,0.4099999964237213,0.0
774,2024,BMU,64660.0,0.0,0.0099999997764825,0.0,0.3899999856948852,0.0
775,1990,BTN,589295.0,0.0,1.7899999618530271,0.0,0.0399999991059303,0.0
776,1991,BTN,599789.0,0.0,1.7899999618530271,0.0,0.0399999991059303,0.0
777,1992,BTN,577780.0,0.0,1.7899999618530271,0.0,0.0399999991059303,0.0
778,1993,BTN,554680.0,0.0,1.7899999618530271,0.0,0.0399999991059303,0.0
779,1994,BTN,554509.0,0.0,1.7899999618530271,0.0,0.0399999991059303,0.0
780,1995,BTN,547995.0,0.0,1.7899999618530271,0.0,0.0399999991059303,0.0
781,1996,BTN,548792.0,0.0,1.7899999618530271,0.0,0.0399999991059303,0.0
782,1997,BTN,558698.0,0.0,1.7899999618530271,0.0,0.0399999991059303,0.0
783,1998,BTN,569439.0,0.0,1.7899999618530271,0.0,0.0399999991059303,0.0
784,1999,BTN,582589.0,0.0,1.7899999618530271,0.0,0.0399999991059303,0.0
785,2000,BTN,596871.0,0.0,1.7899999618530271,0.0,0.0399999991059303,0.0
786,2001,BTN,610801.0,0.0,1.919999957084656,0.0,0.050000000745058,0.0
787,2002,BTN,624417.0,0.0,2.180000066757202,0.0,0.050000000745058,0.0
788,2003,BTN,637667.0,0.0,2.5,0.0,0.0599999986588954,0.0
789,2004,BTN,650559.0,0.0,2.3299999237060547,0.0,0.0599999986588954,0.0
790,2005,BTN,661875.0,0.0,2.619999885559082,0.0,0.0599999986588954,0.0
791,2006,BTN,670803.0,0.0,4.46999979019165,0.0,0.1099999994039535,0.0
792,2007,BTN,678643.0,0.0,6.489999771118164,0.0,0.1500000059604644,0.0
793,2008,BTN,686359.0,0.0,6.889999866485596,0.0,0.1599999964237213,0.0
794,2009,BTN,693994.0,0.0,6.929999828338623,0.0,0.1599999964237213,0.0
795,2010,BTN,701638.0,0.0,7.260000228881836,0.0,0.1700000017881393,0.0
796,2011,BTN,709387.0,0.0,6.96999979019165,0.0,0.1700000017881393,0.0
797,2012,BTN,717288.0,0.0,6.739999771118164,0.0,0.1599999964237213,0.0
798,2013,BTN,725282.0,0.0,7.53000020980835,0.0,0.1800000071525573,0.0
799,2014,BTN,733151.0,0.0,7.150000095367432,0.0,0.1700000017881393,0.0
800,2015,BTN,740623.0,0.0,7.730000019073486,0.0,0.1800000071525573,0.0
801,2016,BTN,747878.0,0.0,7.880000114440918,0.0,0.1899999976158142,0.0
802,2017,BTN,754343.0,0.0,7.650000095367432,0.0,0.1800000071525573,0.0
803,2018,BTN,759766.0,0.0,6.889999866485596,0.0,0.1599999964237213,0.0
804,2019,BTN,764830.0,0.0,8.649999618530273,0.0,0.209999993443489,0.0
805,2020,BTN,770013.0,0.0,11.369999885559082,0.0,0.270000010728836,0.0
806,2021,BTN,775450.0,0.0,10.81999969482422,0.0,0.2599999904632568,0.0
807,2022,BTN,780921.0,0.0,10.770000457763672,0.0,0.2599999904632568,0.0
808,2023,BTN,786386.0,0.0,11.15999984741211,0.0,0.270000010728836,0.0
809,2024,BTN,791530.0,0.0,11.0,0.0,0.2599999904632568,0.0
810,1990,BOL,7130143.0,23021797458.0,2.0,0.0,1.4299999475479126,1.0641160011291504
811,1991,BOL,7280294.0,24300991136.0,2.0,0.0,1.4299999475479126,0.978689432144165
812,1992,BOL,7430337.0,24762215565.0,2.0,0.0,1.4299999475479126,1.050482988357544
813,1993,BOL,7579196.0,25872205207.0,2.0,0.0,1.4299999475479126,0.9891536831855774
814,1994,BOL,7727320.0,27129137815.0,2.0,0.0,1.4299999475479126,1.0672062635421753
815,1995,BOL,7874676.0,28456929800.0,2.0,0.0,1.4299999475479126,1.1846230030059814
816,1996,BOL,8021742.0,29770158709.0,2.0,0.0,1.4299999475479126,1.0951544046401978
817,1997,BOL,8167911.0,31321344983.0,2.0,0.0,1.4299999475479126,1.1733940839767456
818,1998,BOL,8313400.0,32973947605.0,2.0,0.0,1.4299999475479126,1.0308291912078855
819,1999,BOL,8459810.0,33199090219.0,2.0,0.0,1.4299999475479126,1.1441198587417605
820,2000,BOL,8606330.0,34126236477.0,2.0,0.0,1.4299999475479126,1.1633819341659546
821,2001,BOL,8752740.0,34794954024.0,2.1600000858306885,0.0,1.3700000047683716,0.949143409729004
822,2002,BOL,8900358.0,35770128530.0,2.2300000190734863,0.0,1.4600000381469729,1.016621708869934
823,2003,BOL,9050703.0,36849589696.0,2.0199999809265137,0.0,1.75,1.3792914152145386
824,2004,BOL,9204297.0,38518211935.0,2.190000057220459,0.0,1.7699999809265137,1.3658450841903689
825,2005,BOL,9360758.0,40366066215.0,2.0,0.0,2.1700000762939453,1.2836931943893433
826,2006,BOL,9521685.0,42467223163.0,2.180000066757202,0.0,2.119999885559082,1.3432053327560425
827,2007,BOL,9685960.0,44577390720.0,2.3499999046325684,0.0,2.309999942779541,1.3757938146591189
828,2008,BOL,9850859.0,47500614555.0,2.3499999046325684,0.0,2.6700000762939453,1.327333688735962
829,2009,BOL,10016279.0,49290119749.0,2.3499999046325684,0.0,2.890000104904175,1.2607182264328003
830,2010,BOL,10182345.0,51541502268.0,2.240000009536743,0.0,3.289999961853028,1.2308874130249023
831,2011,BOL,10348931.0,54437027542.0,2.4100000858306885,0.0,3.5,1.203750729560852
832,2012,BOL,10515814.0,57225289193.0,2.4100000858306885,0.0,3.740000009536743,1.3733984231948853
833,2013,BOL,10682612.0,61114326124.0,2.640000104904175,0.0,3.869999885559082,1.300329566001892
834,2014,BOL,10848889.0,64451770571.0,2.380000114440918,0.0,4.400000095367432,1.25227689743042
835,2015,BOL,11014707.0,67582198248.0,2.650000095367432,0.0,4.739999771118164,1.252959132194519
836,2016,BOL,11180020.0,70463901130.0,1.9299999475479128,0.0,5.46999979019165,1.2647784948349
837,2017,BOL,11344591.0,73419862854.0,2.4100000858306885,0.0,5.320000171661377,1.2764548063278198
838,2018,BOL,11508370.0,76521114837.0,2.970000028610229,0.0,5.260000228881836,1.2523634433746338
839,2019,BOL,11671386.0,78217588630.0,3.75,0.0,4.960000038146973,1.2225743532180786
840,2020,BOL,11816301.0,71382934039.0,3.660000085830689,0.0,4.96999979019165,1.108406901359558
841,2021,BOL,11937369.0,75741579784.0,4.179999828338623,0.0,5.079999923706055,1.2508193254470823
842,2022,BOL,12077156.0,78165311428.0,4.170000076293945,0.0,5.670000076293945,1.3217494487762451
843,2023,BOL,12244161.0,78165311428.0,4.179999828338623,0.0,6.289999961853027,1.3217494487762451
844,2024,BOL,12413318.0,78165311428.0,4.599999904632568,0.0,6.699999809265137,1.3217494487762451
845,2025,BOL,12581847.0,78165311428.0,4.920000076293945,0.0,6.559999942779541,1.3217494487762451
846,1992,BIH,4234620.0,16213891161.0,5.090000152587891,0.0,5.400000095367432,2.266228437423706
847,1993,BIH,3904484.0,11077007356.0,5.090000152587891,0.0,5.400000095367432,2.4154956340789795
848,1994,BIH,3725412.0,11242944737.0,5.090000152587891,0.0,5.400000095367432,2.3304519653320312
849,1995,BIH,3715565.0,11770817203.0,5.090000152587891,0.0,5.400000095367432,4.047026634216309
850,1996,BIH,3875246.0,17934743605.0,5.090000152587891,0.0,5.400000095367432,1.3273632526397705
851,1997,BIH,4018228.0,21766878558.0,5.090000152587891,0.0,5.400000095367432,1.8172929286956787
852,1998,BIH,4089357.0,24470419886.0,5.090000152587891,0.0,5.400000095367432,1.985799551010132
853,1999,BIH,4130312.0,26775071100.0,5.090000152587891,0.0,5.400000095367432,1.7723544836044312
854,2000,BIH,4159785.0,27629709487.0,5.090000152587891,0.0,5.400000095367432,1.9741498231887815
855,2001,BIH,4179446.0,27937499205.0,5.179999828338623,0.0,5.5,1.9306409358978271
856,2002,BIH,4188006.0,28997438498.0,5.269999980926514,0.0,5.559999942779541,1.873759150505066
857,2003,BIH,4178523.0,29748999379.0,4.5,0.0,6.78000020980835,1.604106068611145
858,2004,BIH,4140990.0,31229543774.0,5.980000019073486,0.0,6.800000190734863,1.4990521669387815
859,2005,BIH,4096493.0,32159580501.0,6.0,0.0,6.639999866485596,1.3178997039794922
860,2006,BIH,4063269.0,33580206309.0,5.840000152587891,0.0,7.480000019073486,1.3096725940704346
861,2007,BIH,4013420.0,35158268243.0,3.990000009536743,0.0,7.769999980926514,1.2816014289855957
862,2008,BIH,3947545.0,36676627730.0,4.869999885559082,0.0,9.850000381469728,1.3726123571395874
863,2009,BIH,3879798.0,35937393954.0,6.239999771118164,0.0,9.300000190734863,1.668923258781433
864,2010,BIH,3811480.0,35774435069.0,8.029999732971191,0.0,8.989999771118164,1.7255959510803225
865,2011,BIH,3741799.0,35664062419.0,4.389999866485596,0.0,10.68000030517578,1.853426456451416
866,2012,BIH,3670109.0,35371051813.0,4.150000095367432,0.0,9.670000076293944,1.8275357484817505
867,2013,BIH,3610857.0,36202157063.0,7.239999771118164,0.0,10.09000015258789,1.667142391204834
868,2014,BIH,3564831.0,36619951250.0,5.940000057220459,0.0,11.130000114440918,1.6490706205368042
869,2015,BIH,3518541.0,38199900995.0,5.550000190734863,0.0,10.90999984741211,1.609555959701538
870,2016,BIH,3472997.0,39438504839.0,5.610000133514404,0.0,12.140000343322754,1.5978673696517944
871,2017,BIH,3428684.0,40717914490.0,3.819999933242798,0.0,12.4399995803833,1.6172906160354614
872,2018,BIH,3386999.0,42277004927.0,6.550000190734863,0.0,12.600000381469728,1.4808707237243652
873,2019,BIH,3345532.0,43497123759.0,6.389999866485596,0.0,11.100000381469728,1.3591293096542358
874,2020,BIH,3299352.0,42185625323.0,4.900000095367432,0.0,11.9399995803833,1.3481452465057373
875,2021,BIH,3244912.0,45303796505.0,7.179999828338623,0.0,11.34000015258789,1.4387708902359009
876,2022,BIH,3204802.0,47069138435.0,5.239999771118164,0.0,11.170000076293944,1.9244260787963867
877,2023,BIH,3185072.0,47069138435.0,7.400000095367432,0.0,9.899999618530272,1.9244260787963867
878,2024,BIH,3164256.0,47069138435.0,6.25,0.0,9.3100004196167,1.9244260787963867
879,2025,BIH,3140098.0,47069138435.0,6.289999961853027,0.0,8.239999771118164,1.9244260787963867
880,1990,BWA,1305699.0,6660711722.0,0.0,0.0,0.9700000286102296,1.3439091444015503
881,1991,BWA,1341767.0,7315023272.0,0.0,0.0,0.9700000286102296,1.280846357345581
882,1992,BWA,1380038.0,7702501132.0,0.0,0.0,0.9700000286102296,1.4755312204360962
883,1993,BWA,1420120.0,8026901258.0,0.0,0.0,0.9700000286102296,1.373868703842163
884,1994,BWA,1460030.0,8505234702.0,0.0,0.0,0.9700000286102296,1.2906949520111084
885,1995,BWA,1498842.0,9306926237.0,0.0,0.0,0.9700000286102296,1.1937335729599
886,1996,BWA,1535917.0,10069439768.0,0.0,0.0,0.9700000286102296,1.045355200767517
887,1997,BWA,1571700.0,11122733889.0,0.0,0.0,0.9700000286102296,0.9753689169883728
888,1998,BWA,1606906.0,11452605950.0,0.0,0.0,0.9700000286102296,1.0155410766601562
889,1999,BWA,1642006.0,12841571074.0,0.0,0.0,0.9700000286102296,0.8568779826164246
890,2000,BWA,1677384.0,13391002424.0,0.0,0.0,0.9700000286102296,1.070195555686951
891,2001,BWA,1712264.0,13725120137.0,0.0,0.0,0.959999978542328,1.094645857810974
892,2002,BWA,1744765.0,14885467195.0,0.0,0.0,0.9800000190734864,1.0478607416152954
893,2003,BWA,1775744.0,15922248755.0,0.0,0.0,0.8899999856948853,0.9993370175361632
894,2004,BWA,1807153.0,16720998899.0,0.0,0.0,0.8199999928474426,0.9533020853996276
895,2005,BWA,1839881.0,17874650435.0,0.0,0.0,0.9100000262260436,0.943243145942688
896,2006,BWA,1874526.0,19804034564.0,0.0,0.0,0.8500000238418579,0.9056827425956726
897,2007,BWA,1911200.0,21924081026.0,0.0,0.0,0.7099999785423279,0.8416898250579834
898,2008,BWA,1949973.0,23814412331.0,0.0,0.0,0.6000000238418579,0.8055123686790466
899,2009,BWA,1990671.0,22485468865.0,0.0,0.0,0.5299999713897705,0.8017710447311401
900,2010,BWA,2033110.0,24958864035.0,0.0,0.0,0.449999988079071,0.7459664940834045
901,2011,BWA,2073538.0,27061119164.0,0.0,0.0,0.4099999964237213,0.7216690182685852
902,2012,BWA,2108617.0,27014847416.0,0.0,0.0,0.2800000011920929,0.7143867611885071
903,2013,BWA,2140687.0,30014304729.0,0.0,0.0,0.7599999904632568,0.6382337808609009
904,2014,BWA,2172053.0,31724220202.0,0.0,0.0,1.9700000286102293,0.606419026851654
905,2015,BWA,2203276.0,30185273524.0,0.0,0.0,2.5199999809265137,0.7766342163085938
906,2016,BWA,2234784.0,32359220755.0,0.0,0.0,2.309999942779541,0.7975230813026428
907,2017,BWA,2266749.0,33690154993.0,0.0,0.0,2.5899999141693115,0.7020500898361206
908,2018,BWA,2299149.0,35101769105.0,0.0099999997764825,0.0,2.6600000858306885,0.6679556369781494
909,2019,BWA,2332082.0,36166405883.0,0.0099999997764825,0.0,2.140000104904175,0.6308351755142212
910,2020,BWA,2365895.0,33010529929.0,0.0099999997764825,0.0,1.850000023841858,0.6660042405128479
911,2021,BWA,2401448.0,36918974292.0,0.0099999997764825,0.0,2.109999895095825,0.6283509135246277
912,2022,BWA,2439895.0,39293967463.0,0.0099999997764825,0.0,2.1700000762939453,0.7452487349510193
913,2023,BWA,2480242.0,39293967463.0,0.0099999997764825,0.0,2.759999990463257,0.7452487349510193
914,2024,BWA,2521145.0,39293967463.0,0.0099999997764825,0.0,2.9200000762939453,0.7452487349510193
915,1990,BRA,149143223.0,1185475140000.0,210.5670623779297,859.2708740234375,31.209999084472656,1.3184354305267334
916,1991,BRA,151724253.0,1213090136106.0,221.7816162109375,888.1356201171875,31.209999084472656,1.338764190673828
917,1992,BRA,154275077.0,1221828516629.0,228.2723693847656,897.3531494140625,31.209999084472656,1.3521567583084106
918,1993,BRA,156794574.0,1298220757545.0,240.04893493652344,940.2603149414062,31.209999084472656,1.3327900171279907
919,1994,BRA,159265011.0,1391783970549.0,248.09332275390625,988.3489990234376,31.209999084472656,1.2982646226882937
920,1995,BRA,161735079.0,1468835128486.0,259.49884033203125,1050.2279052734375,31.209999084472656,1.3024134635925293
921,1996,BRA,164202549.0,1520364859776.0,272.4905090332031,1126.51416015625,31.209999084472656,1.3356211185455322
922,1997,BRA,166661662.0,1591956040321.0,286.35546875,1205.24462890625,31.209999084472656,1.3500399589538574
923,1998,BRA,169159651.0,1617675773756.0,298.9794006347656,1258.3861083984375,31.209999084472656,1.38435161113739
924,1999,BRA,171641544.0,1645887982219.0,301.3780212402344,1279.3680419921875,31.209999084472656,1.379177212715149
925,2000,BRA,174018278.0,1739728033832.0,312.260009765625,1346.812255859375,31.209999084472656,1.3589797019958496
926,2001,BRA,176301201.0,1785513006345.0,276.92999267578125,1377.541015625,34.7400016784668,1.2904142141342163
927,2002,BRA,178503485.0,1861742323845.0,296.4200134277344,1368.482177734375,33.63999938964844,1.2630831003189087
928,2003,BRA,180622688.0,1904932706436.0,317.6199951171875,1351.825439453125,33.040000915527344,1.252712965011597
929,2004,BRA,182675144.0,2038447931287.0,333.3800048828125,1425.7623291015625,39.43999862670898,1.22807776927948
930,2005,BRA,184688101.0,2129214530430.0,351.19000244140625,1446.6988525390625,39.86000061035156,1.2065776586532593
931,2006,BRA,186653099.0,2240805319046.0,363.8900146484375,1481.5897216796875,40.25,1.1788541078567505
932,2007,BRA,188552311.0,2405626901513.0,392.739990234375,1551.8441162109375,40.470001220703125,1.168320655822754
933,2008,BRA,190367297.0,2559842659987.0,390.5299987792969,1645.6337890625,52.630001068115234,1.1470836400985718
934,2009,BRA,192079958.0,2589568436235.0,415.1099853515625,1561.626708984375,40.72999954223633,1.129732608795166
935,2010,BRA,193701931.0,2820492538862.0,437.4100036621094,1753.8448486328125,58.880001068115234,1.1305594444274902
936,2011,BRA,195284736.0,2968455007203.0,463.6600036621094,1826.877197265625,53.04999923706055,1.1171883344650269
937,2012,BRA,196876113.0,3025484250011.0,456.1600036621094,1951.5302734375,70.91000366210938,1.1265418529510498
938,2013,BRA,198478290.0,3116394665745.0,438.5400085449219,2073.49267578125,95.80999755859376,1.1233991384506226
939,2014,BRA,200085126.0,3132099937531.0,432.75,2151.13525390625,113.94000244140624,1.1416095495224
940,2015,BRA,201675534.0,3021043246476.0,431.30999755859375,2089.389892578125,109.63999938964844,1.1702706813812256
941,2016,BRA,203218108.0,2922076150345.0,465.8200073242188,1935.608642578125,86.62999725341797,1.181165099143982
942,2017,BRA,204703440.0,2960731613785.0,467.0199890136719,1960.4471435546875,91.86000061035156,1.1745842695236206
943,2018,BRA,206107265.0,3013541086239.0,495.2900085449219,1867.517578125,82.36000061035156,1.1569041013717651
944,2019,BRA,207455459.0,3050327159562.0,515.4400024414062,1872.509033203125,89.88999938964844,1.169389009475708
945,2020,BRA,208660845.0,2950377451264.0,522.9199829101562,1734.183349609375,83.8499984741211,1.1599971055984497
946,2021,BRA,209550291.0,3097565215045.0,507.8699951171875,1939.3363037109373,110.31999969482422,1.1561334133148191
947,2022,BRA,210306411.0,3187412907763.0,593.8900146484375,1872.79150390625,70.01000213623047,1.1707669496536257
948,2023,BRA,211140731.0,3187412907763.0,630.1900024414062,1883.229736328125,68.16000366210938,1.1707669496536257
949,2024,BRA,211998565.0,3187412907763.0,651.260009765625,1889.178466796875,79.08999633789062,1.1707669496536257
950,2025,BRA,212812397.0,3187412907763.0,649.969970703125,1889.178466796875,82.5199966430664,1.1707669496536257
951,1990,VGB,15727.0,0.0,0.0,0.0,0.0700000002980232,0.0
952,1991,VGB,16208.0,0.0,0.0,0.0,0.0700000002980232,0.0
953,1992,VGB,16615.0,0.0,0.0,0.0,0.0700000002980232,0.0
954,1993,VGB,17008.0,0.0,0.0,0.0,0.0700000002980232,0.0
955,1994,VGB,17430.0,0.0,0.0,0.0,0.0700000002980232,0.0
956,1995,VGB,17863.0,0.0,0.0,0.0,0.0700000002980232,0.0
957,1996,VGB,18308.0,0.0,0.0,0.0,0.0700000002980232,0.0
958,1997,VGB,18783.0,0.0,0.0,0.0,0.0700000002980232,0.0
959,1998,VGB,19262.0,0.0,0.0,0.0,0.0700000002980232,0.0
960,1999,VGB,19755.0,0.0,0.0,0.0,0.0700000002980232,0.0
961,2000,VGB,20266.0,0.0,0.0,0.0,0.0700000002980232,0.0
962,2001,VGB,20825.0,0.0,0.0,0.0,0.0799999982118606,0.0
963,2002,VGB,21454.0,0.0,0.0,0.0,0.0900000035762786,0.0
964,2003,VGB,22155.0,0.0,0.0,0.0,0.0900000035762786,0.0
965,2004,VGB,22905.0,0.0,0.0,0.0,0.1000000014901161,0.0
966,2005,VGB,23693.0,0.0,0.0,0.0,0.1099999994039535,0.0
967,2006,VGB,24519.0,0.0,0.0,0.0,0.1099999994039535,0.0
968,2007,VGB,25391.0,0.0,0.0,0.0,0.1199999973177909,0.0
969,2008,VGB,26308.0,0.0,0.0,0.0,0.1199999973177909,0.0
970,2009,VGB,27240.0,0.0,0.0,0.0,0.1299999952316284,0.0
971,2010,VGB,27698.0,0.0,0.0,0.0,0.1299999952316284,0.0
972,2011,VGB,28733.0,0.0,0.0,0.0,0.1299999952316284,0.0
973,2012,VGB,30369.0,0.0,0.0,0.0,0.1299999952316284,0.0
974,2013,VGB,31727.0,0.0,0.0,0.0,0.1299999952316284,0.0
975,2014,VGB,32988.0,0.0,0.0,0.0,0.1299999952316284,0.0
976,2015,VGB,34523.0,0.0,0.0,0.0,0.1400000005960464,0.0
977,2016,VGB,33904.0,0.0,0.0,0.0,0.1400000005960464,0.0
978,2017,VGB,32724.0,0.0,0.0,0.0,0.1099999994039535,0.0
979,2018,VGB,34682.0,0.0,0.0,0.0,0.1099999994039535,0.0
980,2019,VGB,36423.0,0.0,0.0,0.0,0.1099999994039535,0.0
981,2020,VGB,37161.0,0.0,0.0,0.0,0.1099999994039535,0.0
982,2021,VGB,37833.0,0.0,0.0,0.0,0.1099999994039535,0.0
983,2022,VGB,38346.0,0.0,0.0,0.0,0.1099999994039535,0.0
984,2023,VGB,39009.0,0.0,0.0,0.0,0.1099999994039535,0.0
985,1990,BRN,255307.0,0.0,0.0,0.0,2.289999961853028,0.0
986,1991,BRN,262604.0,0.0,0.0,0.0,2.289999961853028,0.0
987,1992,BRN,269848.0,0.0,0.0,0.0,2.289999961853028,0.0
988,1993,BRN,276978.0,0.0,0.0,0.0,2.289999961853028,0.0
989,1994,BRN,284098.0,0.0,0.0,0.0,2.289999961853028,0.0
990,1995,BRN,291207.0,0.0,0.0,0.0,2.289999961853028,0.0
991,1996,BRN,298283.0,0.0,0.0,0.0,2.289999961853028,0.0
992,1997,BRN,305357.0,0.0,0.0,0.0,2.289999961853028,0.0
993,1998,BRN,312398.0,0.0,0.0,0.0,2.289999961853028,0.0
994,1999,BRN,319412.0,0.0,0.0,0.0,2.289999961853028,0.0
995,2000,BRN,326429.0,0.0,0.0,0.0,2.289999961853028,0.0
996,2001,BRN,333353.0,0.0,0.0,0.0,2.3299999237060547,0.0
997,2002,BRN,340108.0,0.0,0.0,0.0,2.450000047683716,0.0
998,2003,BRN,346650.0,0.0,0.0,0.0,2.890000104904175,0.0
999,2004,BRN,352921.0,0.0,0.0,0.0,2.940000057220459,0.0
1000,2005,BRN,358930.0,0.0,0.0,0.0,2.940000057220459,0.0
1001,2006,BRN,364670.0,0.0,0.0,0.0,2.9800000190734863,0.0
1002,2007,BRN,370883.0,0.0,0.0,0.0,3.059999942779541,0.0
1003,2008,BRN,377800.0,0.0,0.0,0.0,3.0899999141693115,0.0
1004,2009,BRN,384965.0,0.0,0.0,0.0,3.2699999809265137,0.0
1005,2010,BRN,392340.0,0.0,0.0,0.0,3.4200000762939453,0.0
1006,2011,BRN,399395.0,0.0,0.0,0.0,3.369999885559082,0.0
1007,2012,BRN,405564.0,0.0,0.0,0.0,3.549999952316284,0.0
1008,2013,BRN,411205.0,0.0,0.0,0.0,3.9800000190734863,0.0
1009,2014,BRN,416757.0,0.0,0.0,0.0,4.070000171661377,0.0
1010,2015,BRN,422223.0,0.0,0.0,0.0,3.7899999618530273,0.0
1011,2016,BRN,427571.0,0.0,0.0,0.0,3.849999904632568,0.0
1012,2017,BRN,432787.0,0.0,0.0,0.0,3.75,0.0
1013,2018,BRN,437811.0,0.0,0.0,0.0,3.880000114440918,0.0
1014,2019,BRN,442690.0,0.0,0.0,0.0,4.420000076293945,0.0
1015,2020,BRN,447411.0,0.0,0.0,0.0,5.139999866485596,0.0
1016,2021,BRN,451722.0,0.0,0.0,0.0,5.099999904632568,0.0
1017,2022,BRN,455374.0,0.0,0.0,0.0,5.0,0.0
1018,2023,BRN,458959.0,0.0,0.0,0.0,5.010000228881836,0.0
1019,2024,BRN,462734.0,0.0,0.0099999997764825,0.0,4.960000038146973,0.0
1020,1990,BGR,8822366.0,79352520673.0,1.6299999952316284,277.9761047363281,18.600000381469727,4.088190078735352
1021,1991,BGR,8695798.0,72983249507.0,2.2699999809265137,218.4815826416016,18.600000381469727,3.598055839538574
1022,1992,BGR,8559091.0,67935669606.0,1.899999976158142,208.6848602294922,18.600000381469727,3.637131929397583
1023,1993,BGR,8466533.0,67190225135.0,1.7899999618530271,218.6685333251953,18.600000381469727,3.923208951950073
1024,1994,BGR,8416924.0,68680754016.0,1.2999999523162842,206.1943817138672,18.600000381469727,3.691571712493897
1025,1995,BGR,8357576.0,70965735433.0,2.1700000762939453,217.25267028808597,18.600000381469727,3.842128992080689
1026,1996,BGR,8291402.0,65116237713.0,2.890000104904175,212.05859375,18.600000381469727,4.17570686340332
1027,1997,BGR,8217101.0,64936506648.0,2.720000028610229,198.72113037109372,18.600000381469727,3.959940195083618
1028,1998,BGR,8138193.0,67715867197.0,3.069999933242798,190.23712158203125,18.600000381469727,3.651438474655152
1029,1999,BGR,8067464.0,64098092292.0,2.7300000190734863,164.30557250976562,18.600000381469727,3.3894383907318115
1030,2000,BGR,8000519.0,67719765830.0,2.630000114440918,158.0170135498047,18.600000381469727,3.209952116012573
1031,2001,BGR,7928455.0,68877651140.0,1.649999976158142,164.5953826904297,21.040000915527344,3.2603800296783447
1032,2002,BGR,7861949.0,73450036758.0,2.119999885559082,155.0222930908203,18.709999084472656,2.965803384780884
1033,2003,BGR,7804405.0,77722336425.0,2.990000009536743,168.57736206054688,20.84000015258789,2.8994569778442383
1034,2004,BGR,7749430.0,83228668873.0,3.140000104904175,162.3699951171875,20.420000076293945,2.6182689666748047
1035,2005,BGR,7695047.0,89684785590.0,4.300000190734863,172.51388549804688,19.920000076293945,2.632392406463623
1036,2006,BGR,7640292.0,96404598197.0,4.230000019073486,175.43185424804688,20.530000686645508,2.496778726577759
1037,2007,BGR,7586896.0,104058200673.0,2.880000114440918,184.7734832763672,23.920000076293945,2.235668659210205
1038,2008,BGR,7535589.0,110900337989.0,2.930000066757202,179.45263671875,24.51000022888184,2.075951337814331
1039,2009,BGR,7488016.0,107365071902.0,3.680000066757202,150.88221740722656,22.36000061035156,1.8824232816696167
1040,2010,BGR,7437594.0,109045208364.0,5.760000228881836,154.6615753173828,23.93000030517578,1.9392976760864256
1041,2011,BGR,7380023.0,109435363210.0,3.890000104904175,170.4717559814453,28.86000061035156,2.0524141788482666
1042,2012,BGR,7317020.0,110261509885.0,5.25,156.51333618164062,24.40999984741211,1.9356545209884644
1043,2013,BGR,7264605.0,109643527181.0,6.909999847412109,140.884521484375,20.96999931335449,1.8068398237228396
1044,2014,BGR,7223450.0,110703533681.0,7.389999866485596,148.92491149902344,22.850000381469727,1.9109628200531008
1045,2015,BGR,7177515.0,114498611934.0,8.75,159.54132080078125,24.09000015258789,1.9622981548309328
1046,2016,BGR,7127436.0,117979077002.0,7.039999961853027,151.6854705810547,21.020000457763672,1.8063998222351076
1047,2017,BGR,7075642.0,121237951710.0,6.130000114440918,160.05421447753906,22.549999237060547,1.799556016921997
1048,2018,BGR,7024745.0,124492855771.0,9.380000114440918,150.32833862304688,20.59000015258789,1.7576444149017334
1049,2019,BGR,6975466.0,129520075495.0,7.489999771118164,146.88351440429688,19.18000030517578,1.6333483457565308
1050,2020,BGR,6933656.0,124392792956.0,7.46999979019165,130.93222045898438,15.40999984741211,1.5706206560134888
1051,2021,BGR,6877222.0,133889804025.0,10.3100004196167,150.05030822753906,19.61000061035156,1.6571959257125854
1052,2022,BGR,6825862.0,138390156500.0,9.630000114440918,159.59811401367188,23.950000762939453,1.6575616598129272
1053,2023,BGR,6795805.0,138390156500.0,10.050000190734863,127.57609558105467,13.5600004196167,1.6575616598129272
1054,2024,BGR,6757686.0,138390156500.0,11.460000038146973,119.96507263183594,10.68000030517578,1.6575616598129272
1055,2025,BGR,6714556.0,138390156500.0,12.449999809265137,119.96507263183594,10.460000038146973,1.6575616598129272
1056,1990,BFA,9159358.0,10752296234.0,0.1000000014901161,0.0,0.1899999976158142,0.1879113018512725
1057,1991,BFA,9394631.0,11509843577.0,0.1000000014901161,0.0,0.1899999976158142,0.2026176005601883
1058,1992,BFA,9629280.0,11312544997.0,0.1000000014901161,0.0,0.1899999976158142,0.207294762134552
1059,1993,BFA,9871715.0,11471092622.0,0.1000000014901161,0.0,0.1899999976158142,0.222482293844223
1060,1994,BFA,10123807.0,11400569605.0,0.1000000014901161,0.0,0.1899999976158142,0.246158167719841
1061,1995,BFA,10386723.0,11823046260.0,0.1000000014901161,0.0,0.1899999976158142,0.2392228841781616
1062,1996,BFA,10655943.0,12896055272.0,0.1000000014901161,0.0,0.1899999976158142,0.2310082167387008
1063,1997,BFA,10934222.0,13326250630.0,0.1000000014901161,0.0,0.1899999976158142,0.3631036579608917
1064,1998,BFA,11240668.0,13917970173.0,0.1000000014901161,0.0,0.1899999976158142,0.3159632384777069
1065,1999,BFA,11574930.0,14604702492.0,0.1000000014901161,0.0,0.1899999976158142,0.3041874468326568
1066,2000,BFA,11925548.0,14546973590.0,0.1000000014901161,0.0,0.1899999976158142,0.2795166671276092
1067,2001,BFA,12294996.0,15179805834.0,0.050000000745058,0.0,0.2000000029802322,0.3047465085983276
1068,2002,BFA,12680904.0,15543232009.0,0.0599999986588954,0.0,0.2000000029802322,0.3108855187892914
1069,2003,BFA,13082530.0,16390237677.0,0.1000000014901161,0.0,0.2300000041723251,0.3232635259628296
1070,2004,BFA,13500536.0,16718435442.0,0.1000000014901161,0.0,0.2399999946355819,0.2840057909488678
1071,2005,BFA,13932127.0,17737650575.0,0.1000000014901161,0.0,0.2800000011920929,0.2850875556468963
1072,2006,BFA,14373713.0,18406718353.0,0.0799999982118606,0.0,0.3100000023841858,0.2728972136974334
1073,2007,BFA,14816313.0,18724205542.0,0.1099999994039535,0.0,0.3300000131130218,0.3803762793540954
1074,2008,BFA,15258103.0,19365623019.0,0.1299999952316284,0.0,0.3199999928474426,0.4003221392631531
1075,2009,BFA,15710067.0,19506442026.0,0.1299999952316284,0.0,0.3799999952316284,0.3731275200843811
1076,2010,BFA,16176503.0,20688336651.0,0.1299999952316284,0.0,0.3000000119209289,0.3912329077720642
1077,2011,BFA,16661907.0,21589787625.0,0.0900000035762786,0.0,0.3000000119209289,0.426426887512207
1078,2012,BFA,17172284.0,22982976785.0,0.1099999994039535,0.0,0.3499999940395355,0.4722947180271148
1079,2013,BFA,17695411.0,24314382909.0,0.1199999973177909,0.0,0.4099999964237213,0.5352091193199158
1080,2014,BFA,18229466.0,25366464630.0,0.1000000014901161,0.0,0.5099999904632568,0.4782788455486297
1081,2015,BFA,18777488.0,26361085012.0,0.1000000014901161,0.0,0.6000000238418579,0.5866724848747253
1082,2016,BFA,19334854.0,27931683815.0,0.1599999964237213,0.0,0.550000011920929,0.5290557146072388
1083,2017,BFA,19894413.0,29664279937.0,0.1599999964237213,0.0,0.6299999952316284,0.5785792469978333
1084,2018,BFA,20438289.0,31623015393.0,0.270000010728836,0.0,1.059999942779541,0.6098565459251404
1085,2019,BFA,20961956.0,33422048798.0,0.2599999904632568,0.0,0.8899999856948853,0.5980120301246643
1086,2020,BFA,21478691.0,34067429050.0,0.3000000119209289,0.0,0.8700000047683716,0.5902612805366516
1087,2021,BFA,21995249.0,36419784717.0,0.3100000023841858,0.0,0.9399999976158142,0.6301776170730591
1088,2022,BFA,22509038.0,37320442404.0,0.2599999904632568,0.0,0.959999978542328,0.6102701425552368
1089,2023,BFA,23025777.0,37320442404.0,0.270000010728836,0.0,0.949999988079071,0.6102701425552368
1090,2024,BFA,23548782.0,37320442404.0,0.2899999916553497,0.0,0.949999988079071,0.6102701425552368
1091,1990,BDI,5587051.0,6041848505.0,0.1000000014901161,0.0,0.0,0.2270322144031524
1092,1991,BDI,5703860.0,6316030264.0,0.1000000014901161,0.0,0.0,0.2481699436903
1093,1992,BDI,5858405.0,6377442162.0,0.1000000014901161,0.0,0.0,0.2267649471759796
1094,1993,BDI,5676847.0,5844277258.0,0.1000000014901161,0.0,0.0,0.2804836332798004
1095,1994,BDI,5713856.0,5760142060.0,0.1000000014901161,0.0,0.0,0.2978284955024719
1096,1995,BDI,6066319.0,5429588207.0,0.1000000014901161,0.0,0.0,0.3024583756923675
1097,1996,BDI,6070510.0,4794534934.0,0.1000000014901161,0.0,0.0,0.3586702048778534
1098,1997,BDI,6070038.0,4657583236.0,0.1000000014901161,0.0,0.0,0.3689631521701813
1099,1998,BDI,6187114.0,4813569995.0,0.1000000014901161,0.0,0.0,0.3664198517799377
1100,1999,BDI,6337155.0,4732759799.0,0.1000000014901161,0.0,0.0,0.3714090585708618
1101,2000,BDI,6470196.0,4647178132.0,0.1000000014901161,0.0,0.0,0.3136018514633178
1102,2001,BDI,6634368.0,4722946125.0,0.1099999994039535,0.0,0.0,0.2489489614963531
1103,2002,BDI,6824139.0,4917697691.0,0.1299999952316284,0.0,0.0,0.2199022769927978
1104,2003,BDI,7043158.0,4852463827.0,0.1000000014901161,0.0,0.0,0.1817611753940582
1105,2004,BDI,7310656.0,5086686387.0,0.0900000035762786,0.0,0.0,0.2102430611848831
1106,2005,BDI,7587303.0,5144959327.0,0.0900000035762786,0.0,0.0,0.174012616276741
1107,2006,BDI,7865545.0,5422209655.0,0.0900000035762786,0.0,0.0,0.1981596052646637
1108,2007,BDI,8161879.0,5601361293.0,0.1199999973177909,0.0,0.0,0.3099153637886047
1109,2008,BDI,8505643.0,5894788502.0,0.1099999994039535,0.0,0.0,0.1827176064252853
1110,2009,BDI,8947653.0,6197653893.0,0.1199999973177909,0.0,0.0,0.1736393272876739
1111,2010,BDI,9376448.0,6558969212.0,0.1400000005960464,0.0,0.0099999997764825,0.2382919490337371
1112,2011,BDI,9717980.0,6787360000.0,0.1400000005960464,0.0,0.0099999997764825,0.281353235244751
1113,2012,BDI,10071033.0,7086796000.0,0.1500000059604644,0.0,0.0,0.249875783920288
1114,2013,BDI,10439346.0,7430922000.0,0.1500000059604644,0.0,0.0099999997764825,0.2621459066867828
1115,2014,BDI,10799789.0,7764240000.0,0.1500000059604644,0.0,0.0199999995529651,0.2319610714912414
1116,2015,BDI,11047581.0,7340438000.0,0.1500000059604644,0.0,0.0199999995529651,0.2498957812786102
1117,2016,BDI,11239459.0,7554391939.0,0.1599999964237213,0.0,0.0099999997764825,0.2709763646125793
1118,2017,BDI,11506764.0,7833860723.0,0.209999993443489,0.0,0.050000000745058,0.3088414072990417
1119,2018,BDI,11859444.0,8207327776.0,0.25,0.0,0.0799999982118606,0.3810799419879913
1120,2019,BDI,12255339.0,8573379471.0,0.270000010728836,0.0,0.0900000035762786,0.3719957768917084
1121,2020,BDI,12617041.0,8635657446.0,0.2800000011920929,0.0,0.0700000002980232,0.4173508286476135
1122,2021,BDI,12965487.0,8956206318.0,0.270000010728836,0.0,0.0900000035762786,0.3946076929569244
1123,2022,BDI,13321102.0,9177077459.0,0.270000010728836,0.0,0.0900000035762786,0.396791398525238
1124,2023,BDI,13689455.0,9177077459.0,0.3799999952316284,0.0,0.0900000035762786,0.396791398525238
1125,2024,BDI,14047788.0,9177077459.0,0.3700000047683716,0.0,0.0900000035762786,0.396791398525238
1126,1990,KHM,7374754.0,13119771234.0,0.0299999993294477,0.0,0.3000000119209289,0.1459444761276245
1127,1991,KHM,7686857.0,13798587857.0,0.0299999993294477,0.0,0.3000000119209289,0.1474977284669876
1128,1992,KHM,8113085.0,14439550426.0,0.0299999993294477,0.0,0.3000000119209289,0.1415321826934814
1129,1993,KHM,8616383.0,14667326402.0,0.0299999993294477,0.0,0.3000000119209289,0.1391024142503738
1130,1994,KHM,9239160.0,15501963200.0,0.0299999993294477,0.0,0.3000000119209289,0.1317420452833175
1131,1995,KHM,10018500.0,16125089863.0,0.0299999993294477,0.0,0.3000000119209289,0.3758319318294525
1132,1996,KHM,10801268.0,16613603930.0,0.0299999993294477,0.0,0.3000000119209289,0.4012711942195892
1133,1997,KHM,11570986.0,17142178985.0,0.0299999993294477,0.0,0.3000000119209289,0.4621665179729461
1134,1998,KHM,12058180.0,17586612782.0,0.0299999993294477,0.0,0.3000000119209289,0.5284422636032104
1135,1999,KHM,12265734.0,19228281616.0,0.0299999993294477,0.0,0.3000000119209289,0.4983256757259369
1136,2000,KHM,12462343.0,20435399154.0,0.0299999993294477,0.0,0.3000000119209289,0.4339447319507599
1137,2001,KHM,12658486.0,21587210573.0,0.0299999993294477,0.0,0.3199999928474426,0.4368444085121155
1138,2002,KHM,12855249.0,22474402661.0,0.0399999991059303,0.0,0.3499999940395355,0.4188747406005859
1139,2003,KHM,13050977.0,23833222981.0,0.0399999991059303,0.0,0.3899999856948852,0.4286050796508789
1140,2004,KHM,13244737.0,25705927295.0,0.0299999993294477,0.0,0.4699999988079071,0.4111067652702331
1141,2005,KHM,13439203.0,28474467511.0,0.0399999991059303,0.0,0.550000011920929,0.4202066659927368
1142,2006,KHM,13639032.0,30776292972.0,0.050000000745058,0.0,0.6800000071525574,0.4208137691020965
1143,2007,KHM,13841773.0,33022342696.0,0.050000000745058,0.0,0.8500000238418579,0.4607455730438232
1144,2008,KHM,14053479.0,34271375874.0,0.050000000745058,0.0,0.949999988079071,0.466313898563385
1145,2009,KHM,14276819.0,34042366543.0,0.0599999986588954,0.0,0.7900000214576721,0.5810750722885132
1146,2010,KHM,14500730.0,34365990229.0,0.0399999991059303,0.0,0.6200000047683716,0.6643595695495605
1147,2011,KHM,14722587.0,35746712625.0,0.0599999986588954,0.0,0.6399999856948853,0.6599003672599792
1148,2012,KHM,14945090.0,38360866456.0,0.5299999713897705,0.0,0.6100000143051147,0.6638493537902832
1149,2013,KHM,15170210.0,41183075555.0,1.0299999713897705,0.0,0.550000011920929,0.6355311274528503
1150,2014,KHM,15396771.0,44124784572.0,1.870000004768372,0.0,1.0,0.6254859566688538
1151,2015,KHM,15623253.0,47229402407.0,2.200000047683716,0.0,2.009999990463257,0.6767995953559875
1152,2016,KHM,15852802.0,50470756754.0,2.609999895095825,0.0,2.450000047683716,0.7865728735923767
1153,2017,KHM,16073374.0,54002196805.0,2.7699999809265137,0.0,3.3399999141693115,0.7776924967765808
1154,2018,KHM,16274522.0,58035619609.0,4.820000171661377,0.0,2.9600000381469727,0.8506794571876526
1155,2019,KHM,16481305.0,62129452776.0,4.210000038146973,0.0,3.819999933242798,0.9628287553787231
1156,2020,KHM,16725484.0,60205930987.0,4.150000095367432,0.0,2.900000095367432,1.0065383911132812
1157,2021,KHM,16974309.0,62027758832.0,5.699999809265137,0.0,3.4600000381469727,1.0341488122940063
1158,2022,KHM,17201721.0,65136593996.0,6.610000133514404,0.0,3.0299999713897705,1.01057231426239
1159,2023,KHM,17423884.0,65136593996.0,5.730000019073486,0.0,6.679999828338623,1.01057231426239
1160,2024,KHM,17638804.0,65136593996.0,5.519999980926514,0.0,8.34000015258789,1.01057231426239
1161,2025,KHM,17847981.0,65136593996.0,7.260000228881836,0.0,8.859999656677246,1.01057231426239
1162,1990,CMR,11331827.0,22937075576.0,3.4100000858306885,0.0,0.1099999994039535,0.7599607706069946
1163,1991,CMR,11667186.0,22472507403.0,3.4100000858306885,0.0,0.1099999994039535,0.7807421684265137
1164,1992,CMR,12006362.0,22168696553.0,3.4100000858306885,0.0,0.1099999994039535,0.8009386658668518
1165,1993,CMR,12353131.0,21846592889.0,3.4100000858306885,0.0,0.1099999994039535,0.6919319033622742
1166,1994,CMR,12704900.0,21685984140.0,3.4100000858306885,0.0,0.1099999994039535,0.7571690678596497
1167,1995,CMR,13058517.0,22791497700.0,3.4100000858306885,0.0,0.1099999994039535,0.7379046082496643
1168,1996,CMR,13414761.0,24336586345.0,3.4100000858306885,0.0,0.1099999994039535,0.6767902374267578
1169,1997,CMR,13775216.0,26071011666.0,3.4100000858306885,0.0,0.1099999994039535,0.6618168950080872
1170,1998,CMR,14144857.0,27818636369.0,3.4100000858306885,0.0,0.1099999994039535,0.6191003322601318
1171,1999,CMR,14525145.0,29453506980.0,3.4100000858306885,0.0,0.1099999994039535,0.553375780582428
1172,2000,CMR,14912632.0,31207712778.0,3.4100000858306885,0.0,0.1099999994039535,0.544651985168457
1173,2001,CMR,15309489.0,33173869115.0,3.440000057220459,0.0,0.1299999952316284,0.5042040944099426
1174,2002,CMR,15725534.0,35058274715.0,3.150000095367432,0.0,0.1500000059604644,0.4880999028682709
1175,2003,CMR,16160340.0,37066671075.0,3.490000009536743,0.0,0.1899999976158142,0.4895150065422058
1176,2004,CMR,16610485.0,39050234319.0,3.880000114440918,0.0,0.2199999988079071,0.475460022687912
1177,2005,CMR,17074599.0,40566543367.0,3.7300000190734863,0.0,0.2399999946355819,0.4427288770675659
1178,2006,CMR,17550403.0,42544656064.0,4.489999771118164,0.0,0.6100000143051147,0.5415648221969604
1179,2007,CMR,18049897.0,44640871980.0,3.890000104904175,0.0,1.0399999618530271,0.5166423916816711
1180,2008,CMR,18574052.0,46686367319.0,4.269999980926514,0.0,1.090000033378601,0.4890871047973633
1181,2009,CMR,19113978.0,48395507236.0,4.050000190734863,0.0,1.2799999713897705,0.5282920002937317
1182,2010,CMR,19668063.0,50826589427.0,4.28000020980835,0.0,1.2100000381469729,0.5866777896881104
1183,2011,CMR,20232312.0,53836234148.0,4.409999847412109,0.0,1.1299999952316284,0.5872827172279358
1184,2012,CMR,20809530.0,56263171005.0,4.269999980926514,0.0,0.9100000262260436,0.5693830847740173
1185,2013,CMR,21402379.0,59069016946.0,4.400000095367432,0.0,1.5199999809265137,0.4572439789772033
1186,2014,CMR,22059894.0,62482615428.0,4.409999847412109,0.0,1.940000057220459,0.5718092322349548
1187,2015,CMR,22763418.0,65981645134.0,4.369999885559082,0.0,2.680000066757202,0.5465863347053528
1188,2016,CMR,23454165.0,68936963106.0,4.380000114440918,0.0,2.130000114440918,0.5088141560554504
1189,2017,CMR,24128609.0,71378025048.0,5.099999904632568,0.0,2.319999933242798,0.4842828512191772
1190,2018,CMR,24806377.0,74248839020.0,5.03000020980835,0.0,2.7699999809265137,0.5053211450576782
1191,2019,CMR,25506095.0,76789634582.0,5.090000152587891,0.0,2.5299999713897705,0.4736677706241607
1192,2020,CMR,26210566.0,77203536828.0,5.289999961853027,0.0,2.819999933242798,0.4897191226482391
1193,2021,CMR,26915765.0,80020685294.0,5.289999961853027,0.0,2.509999990463257,0.4506517946720123
1194,2022,CMR,27632770.0,82727797383.0,5.289999961853027,0.0,2.289999961853028,0.4409444630146026
1195,2023,CMR,28372690.0,82727797383.0,5.289999961853027,0.0,1.6200000047683716,0.4409444630146026
1196,2024,CMR,29123748.0,82727797383.0,5.309999942779541,0.0,1.6399999856948853,0.4409444630146026
1197,1990,CAN,27789437.0,835996817449.0,299.6392517089844,1916.015625,148.35000610351562,3.598796129226685
1198,1991,CAN,28157154.0,820274272433.0,311.2619323730469,1860.1795654296875,148.35000610351562,3.6827046871185294
1199,1992,CAN,28500066.0,829742094636.0,319.7007141113281,1928.259521484375,148.35000610351562,3.738180160522461
1200,1993,CAN,28830635.0,853775990714.0,327.0919494628906,1946.970947265625,148.35000610351562,3.7246382236480713
1201,1994,CAN,29147383.0,894851932653.0,333.649658203125,2009.35595703125,148.35000610351562,3.689052581787109
1202,1995,CAN,29459138.0,921360066054.0,341.26043701171875,2095.399658203125,148.35000610351562,3.6705377101898193
1203,1996,CAN,29767210.0,938872519434.0,362.1884765625,2139.8798828125,148.35000610351562,3.700221300125122
1204,1997,CAN,30059088.0,981728042651.0,356.9167785644531,2201.376953125,148.35000610351562,3.556224584579468
1205,1998,CAN,30329971.0,1022474596969.0,339.9292907714844,2231.21044921875,148.35000610351562,3.365530252456665
1206,1999,CAN,30599458.0,1078414980757.0,354.11920166015625,2293.156005859375,148.35000610351562,3.2927112579345703
1207,2000,CAN,30891800.0,1137681278760.0,365.9599914550781,2356.5771484375,148.35000610351562,3.20607328414917
1208,2001,CAN,31213578.0,1161459919261.0,341.5400085449219,2350.00830078125,150.25999450683594,3.075524091720581
1209,2002,CAN,31535579.0,1199865635264.0,359.75,2428.988525390625,147.02000427246094,3.078171968460083
1210,2003,CAN,31836483.0,1224575760991.0,346.2699890136719,2495.39306640625,148.02999877929688,3.030454635620117
1211,2004,CAN,32132680.0,1265917327101.0,349.1499938964844,2508.972900390625,140.85000610351562,2.976551055908203
1212,2005,CAN,32440172.0,1310077836124.0,372.7099914550781,2473.380615234375,139.6199951171875,2.8980748653411865
1213,2006,CAN,32759174.0,1348293394113.0,364.3200073242188,2362.241943359375,131.72999572753906,2.721670389175415
1214,2007,CAN,33092171.0,1379925831954.0,379.6499938964844,2582.262939453125,144.44000244140625,2.839754104614258
1215,2008,CAN,33449088.0,1397938727409.0,389.2999877929688,2508.484619140625,135.5800018310547,2.769700050354004
1216,2009,CAN,33826370.0,1360538049277.0,384.3800048828125,2394.78271484375,125.43000030517578,2.734583139419556
1217,2010,CAN,34196900.0,1406355361431.0,370.6700134277344,2477.27001953125,130.3800048828125,2.67397141456604
1218,2011,CAN,34555449.0,1454221365109.0,396.6900024414063,2538.525634765625,131.60000610351562,2.6819281578063965
1219,2012,CAN,34922513.0,1479829523672.0,403.3699951171875,2520.98828125,123.0999984741211,2.636582612991333
1220,2013,CAN,35293421.0,1514296485427.0,415.4800109863281,2576.755126953125,122.58999633789062,2.644363641738892
1221,2014,CAN,35634265.0,1557757464897.0,407.239990234375,2602.080078125,123.31999969482422,2.573671102523804
1222,2015,CAN,35962236.0,1568025782105.0,422.0400085449219,2597.853759765625,121.87999725341795,2.56466007232666
1223,2016,CAN,36353345.0,1583727974022.0,430.7300109863281,2535.299560546875,120.66999816894533,2.5086612701416016
1224,2017,CAN,36808498.0,1631871440185.0,440.55999755859375,2567.72119140625,115.16999816894533,2.4674952030181885
1225,2018,CAN,37294996.0,1677189073139.0,433.3900146484375,2651.6787109375,112.97000122070312,2.4341259002685547
1226,2019,CAN,37782934.0,1708858221312.0,428.7099914550781,2645.248046875,111.45999908447266,2.3758487701416016
1227,2020,CAN,38171903.0,1622144486274.0,436.7900085449219,2413.230224609375,106.0500030517578,2.3641200065612797
1228,2021,CAN,38454058.0,1703443269914.0,435.3900146484375,2461.18359375,107.88999938964844,2.267160654067993
1229,2022,CAN,38821259.0,1761295624423.0,452.4700012207031,2532.191162109375,106.6500015258789,2.2509117126464844
1230,2023,CAN,39299098.0,1761295624423.0,419.4500122070313,2538.32861328125,111.83999633789062,2.2509117126464844
1231,2024,CAN,39742429.0,1761295624423.0,409.2799987792969,2575.695556640625,118.02999877929688,2.2509117126464844
1232,2025,CAN,40126728.0,1761295624423.0,416.9100036621094,2575.695556640625,124.43000030517578,2.2509117126464844
1233,1990,CPV,375437.0,668100000.0,0.0099999997764825,0.0,0.0900000035762786,0.5146647691726685
1234,1991,CPV,384603.0,689942658.0,0.0099999997764825,0.0,0.0900000035762786,0.4983711540699005
1235,1992,CPV,393426.0,722536200.0,0.0099999997764825,0.0,0.0900000035762786,0.5634822249412537
1236,1993,CPV,401977.0,790274598.0,0.0099999997764825,0.0,0.0900000035762786,0.5164762735366821
1237,1994,CPV,410230.0,861446201.0,0.0099999997764825,0.0,0.0900000035762786,0.5574302077293396
1238,1995,CPV,418116.0,941287684.0,0.0099999997764825,0.0,0.0900000035762786,0.497420459985733
1239,1996,CPV,425592.0,1024669345.0,0.0099999997764825,0.0,0.0900000035762786,0.5149242877960205
1240,1997,CPV,432803.0,1122095895.0,0.0099999997764825,0.0,0.0900000035762786,0.4690999388694763
1241,1998,CPV,439789.0,1238844923.0,0.0099999997764825,0.0,0.0900000035762786,0.4256990551948547
1242,1999,CPV,446528.0,1412383310.0,0.0099999997764825,0.0,0.0900000035762786,0.3733983039855957
1243,2000,CPV,453335.0,1540942373.0,0.0099999997764825,0.0,0.0900000035762786,0.8763303756713867
1244,2001,CPV,460300.0,1663976329.0,0.0099999997764825,0.0,0.1099999994039535,0.9067157506942748
1245,2002,CPV,467056.0,1787222988.0,0.0099999997764825,0.0,0.1199999973177909,0.91817706823349
1246,2003,CPV,473384.0,1904397612.0,0.0,0.0,0.1299999952316284,0.8575046062469482
1247,2004,CPV,479377.0,2022409320.0,0.0099999997764825,0.0,0.1400000005960464,0.8825525045394897
1248,2005,CPV,485128.0,2194575514.0,0.0099999997764825,0.0,0.1500000059604644,1.2714829444885254
1249,2006,CPV,490728.0,2457336149.0,0.0099999997764825,0.0,0.1599999964237213,1.206146001815796
1250,2007,CPV,496196.0,2720555147.0,0.0099999997764825,0.0,0.1700000017881393,1.2147716283798218
1251,2008,CPV,501362.0,2956642825.0,0.0099999997764825,0.0,0.1800000071525573,1.1335256099700928
1252,2009,CPV,506148.0,2969179680.0,0.0099999997764825,0.0,0.2000000029802322,1.0683704614639282
1253,2010,CPV,509793.0,3071163589.0,0.0,0.0,0.2199999988079071,1.1079732179641724
1254,2011,CPV,511453.0,3248220000.0,0.0299999993294477,0.0,0.2199999988079071,1.2351468801498413
1255,2012,CPV,511966.0,3287052000.0,0.0700000002980232,0.0,0.2000000029802322,1.0690613985061646
1256,2013,CPV,512231.0,3310254000.0,0.0900000035762786,0.0,0.209999993443489,1.0374726057052612
1257,2014,CPV,512334.0,3375218000.0,0.0900000035762786,0.0,0.2199999988079071,1.097389817237854
1258,2015,CPV,512405.0,3421236000.0,0.0900000035762786,0.0,0.2199999988079071,1.0730990171432495
1259,2016,CPV,512556.0,3573126874.0,0.0900000035762786,0.0,0.2399999946355819,1.0765355825424194
1260,2017,CPV,512899.0,3751791578.0,0.0799999982118606,0.0,0.2300000041723251,1.0937790870666504
1261,2018,CPV,513418.0,3892648372.0,0.0900000035762786,0.0,0.2199999988079071,0.8704891800880432
1262,2019,CPV,514116.0,4189894317.0,0.0799999982118606,0.0,0.2399999946355819,0.8610273003578186
1263,2020,CPV,514683.0,3381126423.0,0.0700000002980232,0.0,0.2300000041723251,0.7952873110771179
1264,2021,CPV,516655.0,3611420923.0,0.0799999982118606,0.0,0.2300000041723251,0.776156485080719
1265,2022,CPV,519750.0,4251154554.0,0.1400000005960464,0.0,0.2399999946355819,0.7018250823020935
1266,2023,CPV,522335.0,4251154554.0,0.1400000005960464,0.0,0.2399999946355819,0.7018250823020935
1267,2024,CPV,524878.0,4251154554.0,0.1599999964237213,0.0,0.2399999946355819,0.7018250823020935
1268,1990,CYM,26023.0,0.0,0.0,0.0,0.2899999916553497,0.0
1269,1991,CYM,27316.0,0.0,0.0,0.0,0.2899999916553497,0.0
1270,1992,CYM,28642.0,0.0,0.0,0.0,0.2899999916553497,0.0
1271,1993,CYM,29999.0,0.0,0.0,0.0,0.2899999916553497,0.0
1272,1994,CYM,31379.0,0.0,0.0,0.0,0.2899999916553497,0.0
1273,1995,CYM,32764.0,0.0,0.0,0.0,0.2899999916553497,0.0
1274,1996,CYM,34168.0,0.0,0.0,0.0,0.2899999916553497,0.0
1275,1997,CYM,35568.0,0.0,0.0,0.0,0.2899999916553497,0.0
1276,1998,CYM,36949.0,0.0,0.0,0.0,0.2899999916553497,0.0
1277,1999,CYM,38305.0,0.0,0.0,0.0,0.2899999916553497,0.0
1278,2000,CYM,39699.0,0.0,0.0,0.0,0.2899999916553497,0.0
1279,2001,CYM,41109.0,0.0,0.0,0.0,0.3100000023841858,0.0
1280,2002,CYM,42534.0,0.0,0.0,0.0,0.3199999928474426,0.0
1281,2003,CYM,43952.0,0.0,0.0,0.0,0.3400000035762787,0.0
1282,2004,CYM,45372.0,0.0,0.0,0.0,0.3000000119209289,0.0
1283,2005,CYM,46809.0,0.0,0.0,0.0,0.3199999928474426,0.0
1284,2006,CYM,48252.0,0.0,0.0,0.0,0.3700000047683716,0.0
1285,2007,CYM,49709.0,0.0,0.0,0.0,0.3899999856948852,0.0
1286,2008,CYM,51175.0,0.0,0.0,0.0,0.4099999964237213,0.0
1287,2009,CYM,52639.0,0.0,0.0,0.0,0.4099999964237213,0.0
1288,2010,CYM,54120.0,0.0,0.0,0.0,0.4099999964237213,0.0
1289,2011,CYM,55630.0,0.0,0.0,0.0,0.4099999964237213,0.0
1290,2012,CYM,57155.0,0.0,0.0,0.0,0.4000000059604645,0.0
1291,2013,CYM,58678.0,0.0,0.0,0.0,0.4099999964237213,0.0
1292,2014,CYM,60179.0,0.0,0.0,0.0,0.4099999964237213,0.0
1293,2015,CYM,61665.0,0.0,0.0,0.0,0.4199999868869781,0.0
1294,2016,CYM,63121.0,0.0,0.0,0.0,0.4399999976158142,0.0
1295,2017,CYM,64561.0,0.0,0.0099999997764825,0.0,0.4399999976158142,0.0
1296,2018,CYM,65962.0,0.0,0.0099999997764825,0.0,0.4300000071525574,0.0
1297,2019,CYM,67346.0,0.0,0.0199999995529651,0.0,0.4600000083446502,0.0
1298,2020,CYM,68703.0,0.0,0.0199999995529651,0.0,0.4399999976158142,0.0
1299,2021,CYM,70126.0,0.0,0.0199999995529651,0.0,0.449999988079071,0.0
1300,2022,CYM,71610.0,0.0,0.0199999995529651,0.0,0.449999988079071,0.0
1301,2023,CYM,73055.0,0.0,0.0199999995529651,0.0,0.449999988079071,0.0
1302,2024,CYM,74476.0,0.0,0.0299999993294477,0.0,0.449999988079071,0.0
1303,1990,CAF,2871915.0,3155955000.0,0.0799999982118606,0.0,0.0099999997764825,0.3435761332511902
1304,1991,CAF,2963195.0,3196204632.0,0.0799999982118606,0.0,0.0099999997764825,0.3584317862987518
1305,1992,CAF,3058837.0,3153286705.0,0.0799999982118606,0.0,0.0099999997764825,0.3469630181789398
1306,1993,CAF,3157842.0,3141613628.0,0.0799999982118606,0.0,0.0099999997764825,0.3846029639244079
1307,1994,CAF,3257956.0,3299692291.0,0.0799999982118606,0.0,0.0099999997764825,0.385165125131607
1308,1995,CAF,3348062.0,3468004734.0,0.0799999982118606,0.0,0.0099999997764825,0.3667214810848236
1309,1996,CAF,3435973.0,3208680589.0,0.0799999982118606,0.0,0.0099999997764825,0.417161613702774
1310,1997,CAF,3531700.0,3401098287.0,0.0799999982118606,0.0,0.0099999997764825,0.3931779861450195
1311,1998,CAF,3628833.0,3555832992.0,0.0799999982118606,0.0,0.0099999997764825,0.3755060732364654
1312,1999,CAF,3729452.0,3763942207.0,0.0799999982118606,0.0,0.0099999997764825,0.3547454178333282
1313,2000,CAF,3833421.0,3836505744.0,0.0799999982118606,0.0,0.0099999997764825,0.3339217603206634
1314,2001,CAF,3919498.0,3861482755.0,0.0799999982118606,0.0,0.0199999995529651,0.3416024446487427
1315,2002,CAF,4006079.0,3833969443.0,0.0799999982118606,0.0,0.0199999995529651,0.3406287133693695
1316,2003,CAF,4103092.0,3563805910.0,0.0799999982118606,0.0,0.0199999995529651,0.341550201177597
1317,2004,CAF,4192828.0,3659297627.0,0.1199999973177909,0.0,0.0199999995529651,0.3385128080844879
1318,2005,CAF,4288814.0,3745738822.0,0.1299999952316284,0.0,0.0199999995529651,0.3270997703075409
1319,2006,CAF,4377582.0,3921727514.0,0.1400000005960464,0.0,0.0199999995529651,0.3244758546352386
1320,2007,CAF,4462777.0,4078141542.0,0.1400000005960464,0.0,0.0099999997764825,0.3115259706974029
1321,2008,CAF,4558989.0,4185491968.0,0.1400000005960464,0.0,0.0099999997764825,0.2338739931583404
1322,2009,CAF,4529051.0,4261637773.0,0.1400000005960464,0.0,0.0099999997764825,0.220184251666069
1323,2010,CAF,4493003.0,4410453712.0,0.1299999952316284,0.0,0.0199999995529651,0.218204990029335
1324,2011,CAF,4565023.0,4499550000.0,0.1500000059604644,0.0,0.0199999995529651,0.2338522970676422
1325,2012,CAF,4610848.0,4632212000.0,0.1500000059604644,0.0,0.0199999995529651,0.2334234714508056
1326,2013,CAF,4642423.0,2929689000.0,0.1400000005960464,0.0,0.0,0.2547423541545868
1327,2014,CAF,4623187.0,2960958000.0,0.1700000017881393,0.0,0.0,0.2844670414924621
1328,2015,CAF,4629322.0,3105792000.0,0.1700000017881393,0.0,0.0,0.367005318403244
1329,2016,CAF,4713663.0,3265229504.0,0.1700000017881393,0.0,0.0,0.3730663359165191
1330,2017,CAF,4793512.0,3421678627.0,0.1500000059604644,0.0,0.0,0.3658033907413482
1331,2018,CAF,4878663.0,3557270233.0,0.1500000059604644,0.0,0.0,0.3613465130329132
1332,2019,CAF,4944708.0,3662931320.0,0.1500000059604644,0.0,0.0,0.3647970557212829
1333,2020,CAF,5026629.0,3698072848.0,0.1500000059604644,0.0,0.0,0.3787580728530884
1334,2021,CAF,5112103.0,3734422040.0,0.1500000059604644,0.0,0.0,0.3818911612033844
1335,2022,CAF,5098038.0,3752056621.0,0.1400000005960464,0.0,0.0,0.3742912411689758
1336,2023,CAF,5152415.0,3752056621.0,0.1400000005960464,0.0,0.0,0.3742912411689758
1337,1990,TCD,5982838.0,4042256503.0,0.0,0.0,0.0599999986588954,0.3510717451572418
1338,1991,TCD,6205688.0,4243508738.0,0.0,0.0,0.0599999986588954,0.3269948959350586
1339,1992,TCD,6474651.0,4384566498.0,0.0,0.0,0.0599999986588954,0.317342072725296
1340,1993,TCD,6629147.0,4228383989.0,0.0,0.0,0.0599999986588954,0.1579018980264663
1341,1994,TCD,6783456.0,4512686232.0,0.0,0.0,0.0599999986588954,0.1617618352174759
1342,1995,TCD,7089063.0,4614545072.0,0.0,0.0,0.0599999986588954,0.1581912040710449
1343,1996,TCD,7410107.0,4763184682.0,0.0,0.0,0.0599999986588954,0.1536745578050613
1344,1997,TCD,7670371.0,5091460240.0,0.0,0.0,0.0599999986588954,0.1552860885858535
1345,1998,TCD,7938841.0,5510466098.0,0.0,0.0,0.0599999986588954,0.1434784233570099
1346,1999,TCD,8222710.0,5546894673.0,0.0,0.0,0.0599999986588954,0.1425361484289169
1347,2000,TCD,8512092.0,5599887930.0,0.0,0.0,0.0599999986588954,0.1843095272779464
1348,2001,TCD,8804122.0,6336850686.0,0.0,0.0,0.0700000002980232,0.1563283652067184
1349,2002,TCD,9116195.0,6982839457.0,0.0,0.0,0.0700000002980232,0.1400424987077713
1350,2003,TCD,9487830.0,8110109949.0,0.0,0.0,0.0700000002980232,0.119188517332077
1351,2004,TCD,9920036.0,11032101494.0,0.0,0.0,0.0799999982118606,0.0923134982585907
1352,2005,TCD,10328094.0,12146441188.0,0.0,0.0,0.0799999982118606,0.0902407839894294
1353,2006,TCD,10706426.0,12214525260.0,0.0,0.0,0.0799999982118606,0.0910931974649429
1354,2007,TCD,11081667.0,14704387197.0,0.0,0.0,0.0799999982118606,0.0835059657692909
1355,2008,TCD,11476299.0,15257312990.0,0.0,0.0,0.0900000035762786,0.0843943431973457
1356,2009,TCD,11893753.0,17078193621.0,0.0,0.0,0.1099999994039535,0.0822004452347755
1357,2010,TCD,12312580.0,19869964230.0,0.0,0.0,0.1299999952316284,0.0783661529421806
1358,2011,TCD,12755004.0,19903398034.0,0.0,0.0,0.1299999952316284,0.1119758263230323
1359,2012,TCD,13211006.0,21656293766.0,0.0099999997764825,0.0,0.1500000059604644,0.1782054901123047
1360,2013,TCD,13691081.0,22902174388.0,0.0099999997764825,0.0,0.1800000071525573,0.1747723370790481
1361,2014,TCD,14188680.0,24480827952.0,0.0099999997764825,0.0,0.1899999976158142,0.1699357628822326
1362,2015,TCD,14647626.0,24914134960.0,0.0099999997764825,0.0,0.1899999976158142,0.1693084836006164
1363,2016,TCD,15114652.0,23529405356.0,0.0199999995529651,0.0,0.1899999976158142,0.1770651340484619
1364,2017,TCD,15622756.0,22969403286.0,0.0199999995529651,0.0,0.2000000029802322,0.292404294013977
1365,2018,TCD,16156535.0,23510339039.0,0.0199999995529651,0.0,0.209999993443489,0.2921339273452759
1366,2019,TCD,16685223.0,24314153239.0,0.0199999995529651,0.0,0.2199999988079071,0.2891071736812591
1367,2020,TCD,17224686.0,23793345004.0,0.0199999995529651,0.0,0.2199999988079071,0.3110597133636474
1368,2021,TCD,17828274.0,23531147275.0,0.0199999995529651,0.0,0.270000010728836,0.3504762053489685
1369,2022,TCD,18455319.0,24118013870.0,0.0199999995529651,0.0,0.2399999946355819,0.342866450548172
1370,2023,TCD,19319075.0,24118013870.0,0.0199999995529651,0.0,0.2199999988079071,0.342866450548172
1371,2024,TCD,20299131.0,24118013870.0,0.0199999995529651,0.0,0.2300000041723251,0.342866450548172
1372,1990,CHL,13437181.0,133955187000.0,9.904428482055664,126.16680908203124,15.960000038146973,1.162184238433838
1373,1991,CHL,13662482.0,143694660776.0,14.168654441833496,132.82467651367188,15.960000038146973,1.2176110744476318
1374,1992,CHL,13884579.0,160277244361.0,18.48315048217773,139.1295166015625,15.960000038146973,1.2116129398345947
1375,1993,CHL,14102276.0,170385338997.0,18.967321395874023,148.73028564453125,15.960000038146973,1.204493761062622
1376,1994,CHL,14316263.0,178942754051.0,18.77147102355957,159.5541229248047,15.960000038146973,1.2041910886764526
1377,1995,CHL,14527382.0,196694148759.0,20.29273796081543,171.78817749023438,15.960000038146973,1.180693745613098
1378,1996,CHL,14734049.0,209865805164.0,18.611469268798828,190.40228271484372,15.960000038146973,1.1714389324188232
1379,1997,CHL,14932436.0,222279419403.0,20.686147689819336,219.48001098632807,15.960000038146973,1.2644387483596802
1380,1998,CHL,15127799.0,227977542773.0,17.098255157470703,230.6433868408203,15.960000038146973,1.2346646785736084
1381,1999,CHL,15319311.0,224771940848.0,15.026999473571776,248.3394775390625,15.960000038146973,1.3040560483932495
1382,2000,CHL,15503638.0,233340518904.0,20.489999771118164,246.57965087890625,15.960000038146973,1.3173506259918213
1383,2001,CHL,15683852.0,239642803054.0,22.8700008392334,244.26063537597656,14.239999771118164,1.3075498342514038
1384,2002,CHL,15857926.0,243288829547.0,23.989999771118164,247.4166412353516,14.34000015258789,1.3186030387878418
1385,2003,CHL,16024755.0,250723122339.0,23.280000686645508,251.50714111328125,16.56999969482422,1.2862385511398315
1386,2004,CHL,16187324.0,264146071325.0,23.799999237060547,277.3748779296875,19.979999542236328,1.3034417629241943
1387,2005,CHL,16348780.0,278000705012.0,28.020000457763672,278.3595886230469,18.149999618530277,1.285345435142517
1388,2006,CHL,16509195.0,293258343549.0,30.280000686645508,284.8111267089844,19.559999465942383,1.2606028318405151
1389,2007,CHL,16671571.0,305709457316.0,25.61000061035156,297.5062255859375,26.6299991607666,1.2080050706863403
1390,2008,CHL,16838987.0,314032357531.0,27.06999969482422,289.554931640625,27.020000457763672,1.1760114431381226
1391,2009,CHL,17009730.0,306660166266.0,29.38999938964844,273.0062255859375,26.31999969482422,1.1555867195129397
1392,2010,CHL,17181463.0,321457401232.0,24.21999931335449,291.7562255859375,29.020000457763672,1.132180094718933
1393,2011,CHL,17351810.0,338708860136.0,25.950000762939453,314.4279479980469,32.369998931884766,1.1387709379196167
1394,2012,CHL,17519116.0,359556383692.0,25.239999771118164,327.243408203125,36.970001220703125,1.1201207637786863
1395,2013,CHL,17687006.0,371454072393.0,26.0,335.9864196777344,40.18999862670898,1.1138908863067627
1396,2014,CHL,17864192.0,378114271615.0,30.059999465942383,326.0216064453125,34.63999938964844,1.083095669746399
1397,2015,CHL,18047630.0,386251266445.0,32.36000061035156,323.4921264648437,36.810001373291016,1.0724360942840576
1398,2016,CHL,18267225.0,393022253885.0,33.810001373291016,346.3410339355469,39.130001068115234,1.1040173768997192
1399,2017,CHL,18558868.0,398359518680.0,34.369998931884766,349.8370361328125,38.459999084472656,1.1305036544799805
1400,2018,CHL,18893185.0,414254051745.0,37.5,354.3280639648437,38.45000076293945,1.1304118633270264
1401,2019,CHL,19197748.0,417331966568.0,38.810001373291016,362.7671508789063,38.34000015258789,1.1357355117797852
1402,2020,CHL,19370621.0,391686945225.0,40.4900016784668,328.0558776855469,36.5099983215332,1.1296716928482056
1403,2021,CHL,19456323.0,437659188270.0,43.06999969482422,360.71533203125,37.970001220703125,1.0895624160766602
1404,2022,CHL,19553033.0,448338105532.0,50.369998931884766,367.1378173828125,33.939998626708984,1.1230483055114746
1405,2023,CHL,19658833.0,448338105532.0,56.34000015258789,340.7210998535156,27.11000061035156,1.1230483055114746
1406,2024,CHL,19764774.0,448338105532.0,62.06999969482422,345.39019775390625,23.030000686645508,1.1230483055114746
1407,2025,CHL,19859919.0,448338105532.0,58.7400016784668,345.39019775390625,25.6200008392334,1.1230483055114746
1408,1990,CHN,1153582725.0,3385121670000.0,126.81199645996094,7563.27294921875,1062.1199951171875,2.345041036605835
1409,1991,CHN,1170788533.0,3508948004345.0,124.7640380859375,7968.68994140625,1062.1199951171875,2.3760998249053955
1410,1992,CHN,1184574236.0,3755037703201.0,130.9333953857422,8386.55078125,1062.1199951171875,2.3365166187286377
1411,1993,CHN,1197308574.0,4126169229667.0,152.1792755126953,9003.1015625,1062.1199951171875,2.292109966278076
1412,1994,CHN,1209003099.0,4438753488140.0,168.27780151367188,9509.27734375,1062.1199951171875,2.2638816833496094
1413,1995,CHN,1220133929.0,4809999898743.0,194.2171630859375,9741.2763671875,1062.1199951171875,2.15231990814209
1414,1996,CHN,1230944809.0,5127589598793.0,189.6059417724609,10305.7802734375,1062.1199951171875,2.12720799446106
1415,1997,CHN,1241139623.0,5291338914515.0,198.91098022460935,10351.4423828125,1062.1199951171875,2.075303316116333
1416,1998,CHN,1250847122.0,5338703042331.0,201.7395477294922,10363.470703125,1062.1199951171875,2.060531616210937
1417,1999,CHN,1260176650.0,5578503091801.0,199.5907440185547,10752.908203125,1062.1199951171875,2.0410616397857666
1418,2000,CHN,1269581174.0,5952682232028.0,225.55999755859372,11085.259765625,1062.1199951171875,1.9823473691940308
1419,2001,CHN,1278725061.0,6329737256820.0,280.7300109863281,11595.4619140625,1129.6700439453125,1.9700759649276731
1420,2002,CHN,1286866835.0,6814493895929.0,291.4100036621094,12657.19140625,1279.0400390625,1.992883324623108
1421,2003,CHN,1294517323.0,7248623080792.0,287.2799987792969,14859.568359375,1511.1099853515625,2.182311773300171
1422,2004,CHN,1302100316.0,7830953177799.0,357.42999267578125,17332.892578125,1715.280029296875,2.363586664199829
1423,2005,CHN,1310027135.0,8602939667333.0,404.3699951171875,19713.345703125,1955.4100341796875,2.444183588027954
1424,2006,CHN,1318054030.0,9489543138489.0,446.7200012207031,21612.98828125,2254.300048828125,2.428813934326172
1425,2007,CHN,1325813576.0,10358206113742.0,500.7099914550781,23448.259765625,2576.800048828125,2.4183316230773926
1426,2008,CHN,1333821011.0,10799148337884.0,665.0800170898438,23943.33984375,2611.530029296875,2.409492015838623
1427,2009,CHN,1342522717.0,11572544299171.0,664.3900146484375,25087.55859375,2797.6201171875,2.34683895111084
1428,2010,CHN,1351561505.0,12858808500983.0,786.3800048828125,26643.7734375,3116.4599609375,2.2595880031585693
1429,2011,CHN,1360250658.0,13691526496125.0,792.3800048828125,28885.96484375,3545.8798828125,2.2887539863586426
1430,2012,CHN,1369520866.0,14773157494771.0,999.5599975585938,29585.431640625,3592.409912109375,2.208341598510742
1431,2013,CHN,1379008040.0,15925464549520.0,1093.3699951171875,30528.38671875,3897.27001953125,2.125687837600708
1432,2014,CHN,1387951970.0,17103948867278.0,1289.22998046875,30830.8515625,4020.489990234375,2.030470609664917
1433,2015,CHN,1396134171.0,18301224436466.0,1393.6600341796875,30885.833984375,3883.25,1.9198708534240725
1434,2016,CHN,1404052628.0,19545709173693.0,1522.7900390625,30593.76953125,3997.360107421875,1.8048826456069944
1435,2017,CHN,1412354730.0,20894362082435.0,1667.06005859375,31511.13671875,4254.60986328125,1.7540321350097656
1436,2018,CHN,1419008954.0,22294284747546.0,1835.3900146484373,32720.1484375,4564.009765625,1.7228549718856812
1437,2019,CHN,1423520357.0,23631941251482.0,2014.6400146484373,33897.515625,4649.3701171875,1.7006102800369265
1438,2020,CHN,1426106093.0,24151843898871.0,2185.010009765625,34728.390625,4716.39990234375,1.7180423736572266
1439,2021,CHN,1426437269.0,26180600167672.0,2448.800048828125,36292.25,5112.41015625,1.6747965812683103
1440,2022,CHN,1425179562.0,26966016991166.0,2670.659912109375,36372.6484375,5191.990234375,1.650836706161499
1441,2023,CHN,1422584930.0,26966016991166.0,2894.219970703125,38320.81640625,5513.5,1.650836706161499
1442,2024,CHN,1419321284.0,26966016991166.0,3398.830078125,38907.2734375,5602.240234375,1.650836706161499
1443,2025,CHN,1416096093.0,26966016991166.0,3920.469970703125,38907.2734375,5559.8798828125,1.650836706161499
1444,1990,COL,32440064.0,253538201000.0,27.769851684570312,170.30154418945312,8.100000381469727,0.9958308339118958
1445,1991,COL,33098373.0,259415683485.0,27.995079040527344,176.324462890625,8.100000381469727,0.99904865026474
1446,1992,COL,33760571.0,270562880339.0,22.62058448791504,201.537109375,8.100000381469727,0.9923974871635436
1447,1993,COL,34441479.0,286025318326.0,28.245391845703125,208.57351684570312,8.100000381469727,1.0215401649475098
1448,1994,COL,35127408.0,300636179033.0,32.50239181518555,220.17601013183597,8.100000381469727,1.0524005889892578
1449,1995,COL,35804670.0,316101744239.0,32.466400146484375,227.6097717285156,8.100000381469727,1.024115800857544
1450,1996,COL,36462740.0,322403822039.0,35.78362274169922,230.67042541503903,8.100000381469727,1.0440287590026855
1451,1997,COL,37121155.0,333997136300.0,31.958759307861328,247.55447387695312,8.100000381469727,1.024469256401062
1452,1998,COL,37792169.0,335365604121.0,31.313684463500977,253.80177307128903,8.100000381469727,1.0332638025283811
1453,1999,COL,38454861.0,321583145089.0,34.157657623291016,221.76324462890625,8.100000381469727,1.0040158033370972
1454,2000,COL,39089939.0,330615619673.0,32.2599983215332,221.47384643554688,8.100000381469727,0.9503009915351868
1455,2001,COL,39709263.0,336096684249.0,31.989999771118164,222.34347534179688,8.529999732971191,0.9427783489227296
1456,2002,COL,40324684.0,344517683680.0,34.130001068115234,216.2080993652344,8.199999809265137,0.9199414253234864
1457,2003,COL,40937426.0,357889195415.0,36.31999969482422,216.34873962402344,7.949999809265137,0.9021322727203368
1458,2004,COL,41543177.0,376728225954.0,40.209999084472656,227.4132537841797,7.320000171661377,0.9012615084648132
1459,2005,COL,42128978.0,394076061209.0,39.959999084472656,220.05911254882807,7.989999771118164,0.8483172059059143
1460,2006,COL,42691081.0,420283862175.0,42.90999984741211,261.50225830078125,8.479999542236328,0.9183952808380128
1461,2007,COL,43235374.0,448731322364.0,44.59000015258789,263.7377624511719,8.5,0.8741783499717712
1462,2008,COL,43758805.0,464038717488.0,46.540000915527344,275.2893981933594,7.630000114440918,0.880271315574646
1463,2009,COL,44271543.0,471326580093.0,41.25,282.6675109863281,12.010000228881836,0.8566931486129761
1464,2010,COL,44777325.0,489870174161.0,42.470001220703125,303.1383056640625,13.81999969482422,0.8667623996734619
1465,2011,COL,45259614.0,521323240921.0,50.43999862670898,298.92303466796875,9.34000015258789,0.8512887358665466
1466,2012,COL,45715807.0,541722649583.0,49.119998931884766,329.32720947265625,11.289999961853027,0.8711709976196289
1467,2013,COL,46151583.0,569534665242.0,50.880001068115234,352.0703430175781,17.350000381469727,0.8516419529914856
1468,2014,COL,46565426.0,595158021031.0,48.68000030517578,375.7733459472656,16.68000030517578,0.8578996658325195
1469,2015,COL,46969938.0,612750891790.0,49.38999938964844,370.0877380371094,21.46999931335449,0.8231759667396545
1470,2016,COL,47437513.0,625545111723.0,49.97999954223633,409.1920776367188,19.770000457763672,0.8773609399795532
1471,2017,COL,48131076.0,634046295892.0,62.06999969482422,388.71044921875,13.039999961853027,0.8756856918334961
1472,2018,COL,49024463.0,650303209362.0,59.70000076293945,405.2777099609375,14.65999984741211,0.878483235836029
1473,2019,COL,49907987.0,671028388046.0,54.7400016784668,413.7098693847656,18.979999542236328,0.8550100326538086
1474,2020,COL,50629997.0,622365414246.0,50.790000915527344,371.5985107421875,21.09000015258789,0.8320074677467346
1475,2021,COL,51188174.0,690925195330.0,63.33000183105469,391.2953796386719,16.520000457763672,0.8189237713813782
1476,2022,COL,51737944.0,742716953392.0,61.61000061035156,442.1228332519531,16.75,0.8445032238960266
1477,2023,COL,52321152.0,742716953392.0,58.0,439.5863952636719,22.3700008392334,0.8445032238960266
1478,2024,COL,52886360.0,742716953392.0,54.68000030517578,448.7007446289063,26.59000015258789,0.8445032238960266
1479,2025,COL,53425629.0,742716953392.0,69.5999984741211,448.7007446289063,16.8799991607666,0.8445032238960266
1480,1990,COM,444601.0,469560000.0,0.0,0.0,0.0199999995529651,0.559013843536377
1481,1991,COM,455563.0,484441557.0,0.0,0.0,0.0199999995529651,0.5226982831954956
1482,1992,COM,465118.0,534666886.0,0.0,0.0,0.0199999995529651,0.4745546579360962
1483,1993,COM,473681.0,558102852.0,0.0,0.0,0.0199999995529651,0.4537098705768585
1484,1994,COM,482148.0,536542946.0,0.0,0.0,0.0199999995529651,0.4719412922859192
1485,1995,COM,490594.0,563630517.0,0.0,0.0,0.0199999995529651,0.4489481449127197
1486,1996,COM,499113.0,563951171.0,0.0,0.0,0.0199999995529651,0.4499124586582184
1487,1997,COM,507779.0,595856754.0,0.0,0.0,0.0199999995529651,0.4249624907970428
1488,1998,COM,516606.0,611159252.0,0.0,0.0,0.0199999995529651,0.5062651038169861
1489,1999,COM,525894.0,631495315.0,0.0,0.0,0.0199999995529651,0.4899699091911316
1490,2000,COM,536084.0,656399277.0,0.0,0.0,0.0199999995529651,0.6617853045463562
1491,2001,COM,547221.0,680582090.0,0.0,0.0,0.0199999995529651,0.6663388609886169
1492,2002,COM,558927.0,705937319.0,0.0,0.0,0.0199999995529651,0.643822431564331
1493,2003,COM,569808.0,731630321.0,0.0,0.0,0.0299999993294477,0.7935635447502136
1494,2004,COM,580711.0,755848590.0,0.0,0.0,0.0299999993294477,0.8419103622436523
1495,2005,COM,592679.0,788522780.0,0.0,0.0,0.0299999993294477,0.7747223377227783
1496,2006,COM,604752.0,888321718.0,0.0,0.0,0.0299999993294477,0.8022527694702148
1497,2007,COM,616935.0,908328164.0,0.0,0.0,0.0299999993294477,0.5149514079093933
1498,2008,COM,629314.0,956653402.0,0.0,0.0,0.0299999993294477,0.4986720085144043
1499,2009,COM,641949.0,1004144820.0,0.0,0.0,0.0299999993294477,0.5816217660903931
1500,2010,COM,654846.0,1011389038.0,0.0,0.0,0.0399999991059303,0.6875802874565125
1501,2011,COM,668064.0,1067838000.0,0.0,0.0,0.0399999991059303,0.5842076539993286
1502,2012,COM,681637.0,1112133000.0,0.0,0.0,0.0399999991059303,0.5869438648223877
1503,2013,COM,696203.0,1217488000.0,0.0,0.0,0.0399999991059303,0.6420702338218689
1504,2014,COM,711512.0,1263249000.0,0.0,0.0,0.0299999993294477,0.5524542927742004
1505,2015,COM,726685.0,1324576000.0,0.0,0.0,0.0299999993294477,0.5687275528907776
1506,2016,COM,741745.0,1356063486.0,0.0,0.0,0.0399999991059303,0.6518185138702393
1507,2017,COM,756672.0,1426021134.0,0.0,0.0,0.0599999986588954,0.7966944575309753
1508,2018,COM,771597.0,1479483924.0,0.0,0.0,0.0700000002980232,0.5571331977844238
1509,2019,COM,786582.0,1533170985.0,0.0,0.0,0.0700000002980232,0.5921850800514221
1510,2020,COM,802172.0,1594579416.0,0.0,0.0,0.0900000035762786,0.6713648438453674
1511,2021,COM,818178.0,1639163875.0,0.0,0.0,0.0900000035762786,0.9815915822982788
1512,2022,COM,834191.0,1682076951.0,0.0,0.0,0.0900000035762786,1.0256704092025757
1513,2023,COM,850390.0,1682076951.0,0.0,0.0,0.0900000035762786,1.0256704092025757
1514,1990,COG,2380562.0,8597207705.0,0.2899999916553497,0.0,0.0099999997764825,0.5409600734710693
1515,1991,COG,2449235.0,9009686346.0,0.2899999916553497,0.0,0.0099999997764825,0.4647641777992248
1516,1992,COG,2519467.0,9460341965.0,0.2899999916553497,0.0,0.0099999997764825,0.4316552877426147
1517,1993,COG,2595127.0,9584773341.0,0.2899999916553497,0.0,0.0099999997764825,0.3894551992416382
1518,1994,COG,2673147.0,9269118406.0,0.2899999916553497,0.0,0.0099999997764825,0.3856338858604431
1519,1995,COG,2749464.0,9864798737.0,0.2899999916553497,0.0,0.0099999997764825,0.3659514486789703
1520,1996,COG,2826786.0,10738735212.0,0.2899999916553497,0.0,0.0099999997764825,0.3418076336383819
1521,1997,COG,2887862.0,10724892959.0,0.2899999916553497,0.0,0.0099999997764825,0.334261417388916
1522,1998,COG,2952062.0,11368414038.0,0.2899999916553497,0.0,0.0099999997764825,0.3073489069938659
1523,1999,COG,3032876.0,11329492011.0,0.2899999916553497,0.0,0.0099999997764825,0.2637945115566253
1524,2000,COG,3151349.0,12472135877.0,0.2899999916553497,0.0,0.0099999997764825,0.2620266675949096
1525,2001,COG,3272542.0,13249308227.0,0.3300000131130218,0.0,0.0099999997764825,0.3092972636222839
1526,2002,COG,3350770.0,14180954098.0,0.3899999856948852,0.0,0.0099999997764825,0.2508663237094879
1527,2003,COG,3445758.0,14627827623.0,0.3400000035762787,0.0,0.0599999986588954,0.2960265576839447
1528,2004,COG,3565565.0,15504146539.0,0.3300000131130218,0.0,0.0700000002980232,0.3010785281658172
1529,2005,COG,3696399.0,17078609818.0,0.3499999940395355,0.0,0.0799999982118606,0.3798917531967163
1530,2006,COG,3837411.0,18567839817.0,0.3700000047683716,0.0,0.0799999982118606,0.4224073588848114
1531,2007,COG,3980430.0,18699065550.0,0.3300000131130218,0.0,0.0700000002980232,0.5286352038383484
1532,2008,COG,4113514.0,20270055811.0,0.3700000047683716,0.0,0.0900000035762786,0.5558856129646301
1533,2009,COG,4281218.0,22298715246.0,0.3300000131130218,0.0,0.1899999976158142,0.6241124272346497
1534,2010,COG,4462304.0,24809062977.0,0.4600000083446502,0.0,0.3400000035762787,0.76589035987854
1535,2011,COG,4609728.0,26249089782.0,0.8100000023841858,0.0,0.4900000095367431,0.8507148623466492
1536,2012,COG,4740457.0,28860086022.0,1.0099999904632568,0.0,0.6800000071525574,0.7845052480697632
1537,2013,COG,4857104.0,28654592534.0,0.9900000095367432,0.0,0.7099999785423279,1.0157151222229004
1538,2014,COG,4975887.0,30579326354.0,0.9700000286102296,0.0,0.75,0.9041337966918944
1539,2015,COG,5097583.0,29493455123.0,1.1200000047683716,0.0,1.5099999904632568,0.9391207695007324
1540,2016,COG,5222545.0,26313174327.0,1.149999976158142,0.0,1.659999966621399,1.00188946723938
1541,2017,COG,5351013.0,25159867387.0,1.2200000286102295,0.0,1.6200000047683716,0.7609068751335144
1542,2018,COG,5483128.0,23950933949.0,1.0800000429153442,0.0,1.830000042915344,0.7426536679267883
1543,2019,COG,5616656.0,24196673159.0,1.0800000429153442,0.0,2.549999952316284,0.5977073907852173
1544,2020,COG,5752792.0,22696964187.0,1.0800000429153442,0.0,2.6600000858306885,0.5259503126144409
1545,2021,COG,5892187.0,23037421913.0,1.0800000429153442,0.0,2.75,0.531704843044281
1546,2022,COG,6035104.0,23679011891.0,1.0800000429153442,0.0,3.5,0.5512290596961975
1547,2023,COG,6182890.0,23679011891.0,1.2599999904632568,0.0,3.7100000381469727,0.5512290596961975
1548,2024,COG,6332969.0,23679011891.0,1.1399999856948853,0.0,3.910000085830689,0.5512290596961975
1549,1990,COK,17146.0,0.0,0.0,0.0,0.0199999995529651,0.0
1550,1991,COK,17329.0,0.0,0.0,0.0,0.0199999995529651,0.0
1551,1992,COK,17495.0,0.0,0.0,0.0,0.0199999995529651,0.0
1552,1993,COK,17615.0,0.0,0.0,0.0,0.0199999995529651,0.0
1553,1994,COK,17710.0,0.0,0.0,0.0,0.0199999995529651,0.0
1554,1995,COK,17801.0,0.0,0.0,0.0,0.0199999995529651,0.0
1555,1996,COK,17880.0,0.0,0.0,0.0,0.0199999995529651,0.0
1556,1997,COK,17648.0,0.0,0.0,0.0,0.0199999995529651,0.0
1557,1998,COK,17102.0,0.0,0.0,0.0,0.0199999995529651,0.0
1558,1999,COK,16508.0,0.0,0.0,0.0,0.0199999995529651,0.0
1559,2000,COK,15876.0,0.0,0.0,0.0,0.0199999995529651,0.0
1560,2001,COK,15259.0,0.0,0.0,0.0,0.0199999995529651,0.0
1561,2002,COK,14994.0,0.0,0.0,0.0,0.0199999995529651,0.0
1562,2003,COK,15049.0,0.0,0.0,0.0,0.0199999995529651,0.0
1563,2004,COK,15103.0,0.0,0.0,0.0,0.0199999995529651,0.0
1564,2005,COK,15153.0,0.0,0.0,0.0,0.0199999995529651,0.0
1565,2006,COK,15233.0,0.0,0.0,0.0,0.0199999995529651,0.0
1566,2007,COK,15519.0,0.0,0.0,0.0,0.0199999995529651,0.0
1567,2008,COK,16003.0,0.0,0.0,0.0,0.0199999995529651,0.0
1568,2009,COK,16497.0,0.0,0.0,0.0,0.0199999995529651,0.0
1569,2010,COK,17000.0,0.0,0.0,0.0,0.0199999995529651,0.0
1570,2011,COK,17480.0,0.0,0.0,0.0,0.0199999995529651,0.0
1571,2012,COK,17690.0,0.0,0.0,0.0,0.0199999995529651,0.0
1572,2013,COK,17629.0,0.0,0.0,0.0,0.0199999995529651,0.0
1573,2014,COK,17556.0,0.0,0.0,0.0,0.0199999995529651,0.0
1574,2015,COK,17471.0,0.0,0.0,0.0,0.0199999995529651,0.0
1575,2016,COK,17360.0,0.0,0.0,0.0,0.0199999995529651,0.0
1576,2017,COK,17066.0,0.0,0.0099999997764825,0.0,0.0199999995529651,0.0
1577,2018,COK,16623.0,0.0,0.0199999995529651,0.0,0.0199999995529651,0.0
1578,2019,COK,16151.0,0.0,0.0099999997764825,0.0,0.0199999995529651,0.0
1579,2020,COK,15664.0,0.0,0.0099999997764825,0.0,0.0199999995529651,0.0
1580,2021,COK,15205.0,0.0,0.0199999995529651,0.0,0.0099999997764825,0.0
1581,2022,COK,14747.0,0.0,0.0199999995529651,0.0,0.0099999997764825,0.0
1582,2023,COK,14244.0,0.0,0.0199999995529651,0.0,0.0099999997764825,0.0
1583,2024,COK,13750.0,0.0,0.0199999995529651,0.0,0.0099999997764825,0.0
1584,1990,CRI,3121707.0,22906633594.0,6.800000190734863,0.0,0.209999993443489,0.6514690518379211
1585,1991,CRI,3202182.0,23392535070.0,6.800000190734863,0.0,0.209999993443489,0.6754115223884583
1586,1992,CRI,3284261.0,25455642664.0,6.800000190734863,0.0,0.209999993443489,0.7582452893257141
1587,1993,CRI,3367436.0,27068748885.0,6.800000190734863,0.0,0.209999993443489,0.7761074304580688
1588,1994,CRI,3451122.0,28250615652.0,6.800000190734863,0.0,0.209999993443489,0.7580693364143372
1589,1995,CRI,3535179.0,29404437442.0,6.800000190734863,0.0,0.209999993443489,0.7720782160758972
1590,1996,CRI,3619012.0,29695504987.0,6.800000190734863,0.0,0.209999993443489,0.7517366409301758
1591,1997,CRI,3701713.0,31327517132.0,6.800000190734863,0.0,0.209999993443489,0.7705075740814209
1592,1998,CRI,3782840.0,33453800269.0,6.800000190734863,0.0,0.209999993443489,0.7781192064285278
1593,1999,CRI,3862103.0,34758013094.0,6.800000190734863,0.0,0.209999993443489,0.8377721309661865
1594,2000,CRI,3937737.0,36043077867.0,6.800000190734863,0.0,0.209999993443489,0.8071709275245667
1595,2001,CRI,4008951.0,37338984417.0,6.800000190734863,0.0,0.2399999946355819,0.7930619716644287
1596,2002,CRI,4075710.0,38566391693.0,7.300000190734863,0.0,0.270000010728836,0.798018753528595
1597,2003,CRI,4138791.0,40104618605.0,7.139999866485596,0.0,0.2899999916553497,0.8025000691413879
1598,2004,CRI,4200079.0,41810218746.0,7.909999847412109,0.0,0.25,0.7707875370979309
1599,2005,CRI,4261240.0,43414436973.0,7.920000076293945,0.0,0.3899999856948852,0.7887681126594543
1600,2006,CRI,4321337.0,46549505108.0,8.09000015258789,0.0,0.5799999833106995,0.7782343626022339
1601,2007,CRI,4380250.0,50253055044.0,8.260000228881836,0.0,0.699999988079071,0.7743940353393555
1602,2008,CRI,4440058.0,52514579539.0,8.720000267028809,0.0,0.6800000071525574,0.7387446761131287
1603,2009,CRI,4499788.0,51990443852.0,8.789999961853027,0.0,0.5400000214576721,0.7210410237312317
1604,2010,CRI,4555965.0,54669051273.0,8.869999885559082,0.0,0.6600000262260437,0.6998366713523865
1605,2011,CRI,4609834.0,56719502938.0,8.890000343322754,0.0,0.8199999928474426,0.6803226470947266
1606,2012,CRI,4663930.0,59489116143.0,9.279999732971191,0.0,0.8100000023841858,0.6560768485069275
1607,2013,CRI,4716153.0,60973369897.0,8.989999771118164,0.0,1.0499999523162842,0.6538387537002563
1608,2014,CRI,4767126.0,63133053443.0,9.130000114440918,0.0,0.949999988079071,0.6466916799545288
1609,2015,CRI,4818045.0,65438671759.0,10.65999984741211,0.0,0.3600000143051147,0.6289574503898621
1610,2016,CRI,4867003.0,68189707920.0,10.670000076293944,0.0,0.4199999868869781,0.6381077170372009
1611,2017,CRI,4913177.0,71025038908.0,11.239999771118164,0.0,0.3199999928474426,0.6323682069778442
1612,2018,CRI,4957813.0,72883048113.0,11.279999732971191,0.0,0.4000000059604645,0.6329128742218018
1613,2019,CRI,4999549.0,74645366733.0,11.31999969482422,0.0,0.3600000143051147,0.6199591755867004
1614,2020,CRI,5034323.0,71455765338.0,11.699999809265137,0.0,0.3199999928474426,0.5671890377998352
1615,2021,CRI,5059991.0,77015741091.0,12.729999542236328,0.0,0.3300000131130218,0.5871414542198181
1616,2022,CRI,5081764.0,80345898158.0,12.4399995803833,0.0,0.3000000119209289,0.577784538269043
1617,2023,CRI,5105526.0,80345898158.0,11.710000038146973,0.0,0.2899999916553497,0.577784538269043
1618,2024,CRI,5129909.0,80345898158.0,10.989999771118164,0.0,0.2800000011920929,0.577784538269043
1619,2025,CRI,5152949.0,80345898158.0,12.8100004196167,0.0,0.3100000023841858,0.577784538269043
1620,1990,CIV,12189780.0,26018496693.0,1.75,0.0,1.75,0.7696405649185181
1621,1991,CIV,12683875.0,26972060608.0,1.75,0.0,1.75,0.6170008182525635
1622,1992,CIV,13200313.0,27466934209.0,1.75,0.0,1.75,0.6019235849380493
1623,1993,CIV,13735955.0,28127565766.0,1.75,0.0,1.75,0.6669458150863647
1624,1994,CIV,14287211.0,29026826745.0,1.75,0.0,1.75,0.6638505458831787
1625,1995,CIV,14855566.0,31414510714.0,1.75,0.0,1.75,0.6372484564781189
1626,1996,CIV,15442322.0,34617707279.0,1.75,0.0,1.75,0.6892668008804321
1627,1997,CIV,16047178.0,37316438035.0,1.75,0.0,1.75,0.651286244392395
1628,1998,CIV,16663948.0,39915308009.0,1.75,0.0,1.75,0.6404724717140198
1629,1999,CIV,17215937.0,41352107617.0,1.75,0.0,1.75,0.7999660968780518
1630,2000,CIV,17699007.0,41297593671.0,1.75,0.0,1.75,0.8059771060943604
1631,2001,CIV,18178920.0,42194161007.0,1.7799999713897705,0.0,1.7699999809265137,0.7774378061294556
1632,2002,CIV,18654772.0,42379148241.0,1.7100000381469729,0.0,2.039999961853028,0.7552259564399719
1633,2003,CIV,19125546.0,42761562091.0,1.809999942779541,0.0,1.870000004768372,0.6628466844558716
1634,2004,CIV,19594997.0,44320594821.0,1.840000033378601,0.0,2.109999895095825,0.7017694115638733
1635,2005,CIV,20068468.0,46182121378.0,1.5299999713897705,0.0,2.359999895095825,0.7686063051223755
1636,2006,CIV,20546808.0,48079711067.0,1.600000023841858,0.0,2.309999942779541,0.6200227737426758
1637,2007,CIV,21030558.0,50213105655.0,1.899999976158142,0.0,2.140000104904175,0.6294775009155273
1638,2008,CIV,21514446.0,52842644609.0,2.0,0.0,2.190000057220459,0.6606396436691284
1639,2009,CIV,21997936.0,55907844337.0,2.180000066757202,0.0,2.119999885559082,0.5990281105041504
1640,2010,CIV,22488068.0,58369987439.0,1.6699999570846558,0.0,2.4600000381469727,0.6042792797088623
1641,2011,CIV,22982003.0,57051170312.0,1.8200000524520876,0.0,2.430000066757202,0.5670150518417358
1642,2012,CIV,23467083.0,63249209930.0,1.840000033378601,0.0,2.9800000190734863,0.6358789205551147
1643,2013,CIV,23939775.0,69113673482.0,1.659999966621399,0.0,3.4100000858306885,0.6536775231361389
1644,2014,CIV,24527393.0,75191536255.0,1.9600000381469729,0.0,3.640000104904175,0.6297981142997742
1645,2015,CIV,25246347.0,81840720288.0,1.440000057220459,0.0,4.139999866485596,0.5891151428222656
1646,2016,CIV,25989404.0,87711151924.0,1.6799999475479126,0.0,4.860000133514404,0.6265711188316345
1647,2017,CIV,26733376.0,93099253173.0,2.150000095367432,0.0,4.519999980926514,0.5766342878341675
1648,2018,CIV,27464175.0,96591406762.0,3.0,0.0,4.010000228881836,0.5581302642822266
1649,2019,CIV,28193014.0,104618149506.0,3.5299999713897705,0.0,4.079999923706055,0.5490054488182068
1650,2020,CIV,28915452.0,106396657387.0,3.440000057220459,0.0,4.460000038146973,0.5236189961433411
1651,2021,CIV,29639737.0,113844428305.0,2.7100000381469727,0.0,4.900000095367432,0.5818310976028442
1652,2022,CIV,30395004.0,121471995793.0,3.450000047683716,0.0,5.210000038146973,0.644415557384491
1653,2023,CIV,31165653.0,121471995793.0,3.309999942779541,0.0,4.380000114440918,0.644415557384491
1654,2024,CIV,31934229.0,121471995793.0,3.119999885559082,0.0,4.369999885559082,0.644415557384491
1655,1990,HRV,4835067.0,58374079130.0,3.930000066757202,89.20178985595703,3.390000104904175,1.7271368503570557
1656,1991,HRV,4825159.0,46751295520.0,5.539999961853027,67.41936492919922,3.390000104904175,1.792240023612976
1657,1992,HRV,4782235.0,41906545003.0,4.360000133514404,67.64408111572266,3.390000104904175,1.9215011596679688
1658,1993,HRV,4729734.0,39138894948.0,4.570000171661377,70.49165344238281,3.390000104904175,2.1463563442230225
1659,1994,HRV,4675517.0,42079800726.0,5.440000057220459,68.77320098876953,3.390000104904175,2.016722679138184
1660,1995,HRV,4619362.0,45617097590.0,5.690000057220459,71.0169448852539,3.390000104904175,1.9258053302764893
1661,1996,HRV,4562290.0,48751845543.0,7.869999885559082,70.9623794555664,3.390000104904175,1.93307626247406
1662,1997,HRV,4504627.0,52770093719.0,5.849999904632568,76.04705810546875,3.390000104904175,1.7691590785980225
1663,1998,HRV,4445669.0,54840833756.0,6.03000020980835,80.89739227294922,3.390000104904175,1.8003252744674685
1664,1999,HRV,4385823.0,55058853604.0,7.340000152587891,80.41928100585938,3.390000104904175,1.854642033576965
1665,2000,HRV,4326105.0,57398794775.0,6.449999809265137,77.46546936035156,3.390000104904175,1.682087779045105
1666,2001,HRV,4301079.0,57633269426.0,7.179999828338623,80.42145538330078,3.910000085830689,1.761412262916565
1667,2002,HRV,4305783.0,61317061359.0,5.849999904632568,84.5428466796875,4.699999809265137,1.6573219299316406
1668,2003,HRV,4306683.0,65731224853.0,5.460000038146973,90.49130249023438,5.449999809265137,1.61749005317688
1669,2004,HRV,4310050.0,69483828958.0,7.630000114440918,88.54532623291016,4.369999885559082,1.5908890962600708
1670,2005,HRV,4313946.0,73522772944.0,7.059999942779541,89.0660400390625,4.389999866485596,1.486409068107605
1671,2006,HRV,4315802.0,78256427771.0,6.650000095367432,89.03258514404297,4.480000019073486,1.37943696975708
1672,2007,HRV,4315959.0,83591431787.0,4.739999771118164,95.01378631591795,5.269999980926514,1.2974398136138916
1673,2008,HRV,4314635.0,86620961215.0,5.840000152587891,91.4018096923828,4.889999866485596,1.2452468872070312
1674,2009,HRV,4310537.0,81451695571.0,7.480000019073486,85.49280548095703,4.03000020980835,1.307385802268982
1675,2010,HRV,4301150.0,81303793822.0,9.300000190734863,82.44185638427734,3.9700000286102295,1.3316011428833008
1676,2011,HRV,4280827.0,82302805353.0,5.28000020980835,79.79888916015625,4.210000038146973,1.1475706100463867
1677,2012,HRV,4259233.0,80383800465.0,5.260000228881836,72.79537200927734,3.7200000286102295,1.0897059440612793
1678,2013,HRV,4242403.0,80064089923.0,9.279999732971191,70.36751556396484,3.569999933242798,1.1999510526657104
1679,2014,HRV,4219485.0,79720242860.0,9.9399995803833,68.66935729980469,3.039999961853028,1.2043209075927734
1680,2015,HRV,4183732.0,81731110395.0,7.519999980926514,70.3839111328125,3.0899999141693115,1.1136503219604492
1681,2016,HRV,4136438.0,84640158587.0,8.359999656677246,72.1076431274414,3.470000028610229,1.1192153692245483
1682,2017,HRV,4079198.0,87528490789.0,7.119999885559082,75.56106567382812,3.009999990463257,1.0828863382339478
1683,2018,HRV,4024868.0,89979865983.0,9.779999732971191,71.60204315185547,2.720000028610229,1.090915560722351
1684,2019,HRV,3986338.0,93057982684.0,8.350000381469727,72.60490417480469,3.069999933242798,1.0296074151992798
1685,2020,HRV,3953956.0,85073361985.0,8.550000190734863,67.61569213867188,3.0,1.0741137266159058
1686,2021,HRV,3924607.0,96194363488.0,10.529999732971191,69.07713317871094,3.180000066757202,1.0220149755477903
1687,2022,HRV,3907031.0,102284645672.0,8.949999809265137,68.9314193725586,3.450000047683716,0.9108632206916808
1688,2023,HRV,3896023.0,102284645672.0,12.229999542236328,72.73501586914062,3.400000095367432,0.9108632206916808
1689,2024,HRV,3875325.0,102284645672.0,11.229999542236328,73.33687591552734,2.609999895095825,0.9108632206916808
1690,2025,HRV,3848164.0,102284645672.0,11.210000038146973,73.33687591552734,2.3299999237060547,0.9108632206916808
1691,1990,CUB,10631796.0,49943661000.0,1.0299999713897705,0.0,9.479999542236328,2.9131219387054443
1692,1991,CUB,10717640.0,42598295390.0,1.0299999713897705,0.0,9.479999542236328,3.177746295928955
1693,1992,CUB,10785807.0,36651621015.0,1.0299999713897705,0.0,9.479999542236328,3.287139177322388
1694,1993,CUB,10841040.0,28833506799.0,1.0299999713897705,0.0,9.479999542236328,4.083441257476807
1695,1994,CUB,10886022.0,29226990747.0,1.0299999713897705,0.0,9.479999542236328,4.074622631072998
1696,1995,CUB,10925362.0,31242330737.0,1.0299999713897705,0.0,9.479999542236328,3.884633302688599
1697,1996,CUB,10962009.0,35625751288.0,1.0299999713897705,0.0,9.479999542236328,3.511894941329956
1698,1997,CUB,10997933.0,37729137308.0,1.0299999713897705,0.0,9.479999542236328,3.648202657699585
1699,1998,CUB,11034716.0,37789591716.0,1.0299999713897705,0.0,9.479999542236328,3.466367244720459
1700,1999,CUB,11072230.0,40250898358.0,1.0299999713897705,0.0,9.479999542236328,2.8148043155670166
1701,2000,CUB,11109112.0,44692111238.0,1.0299999713897705,0.0,9.479999542236328,2.452166080474853
1702,2001,CUB,11144134.0,47301967982.0,1.0,0.0,9.670000076293944,2.1339094638824463
1703,2002,CUB,11177422.0,48976944311.0,1.0399999618530271,0.0,9.899999618530272,2.084444761276245
1704,2003,CUB,11209379.0,50659542457.0,0.8500000238418579,0.0,10.079999923706056,2.044757843017578
1705,2004,CUB,11238756.0,51357046933.0,0.8799999952316284,0.0,9.970000267028809,2.043848752975464
1706,2005,CUB,11262553.0,53114045326.0,0.4900000095367431,0.0,9.960000038146973,1.9452725648880005
1707,2006,CUB,11278550.0,61018245782.0,0.5,0.0,10.710000038146973,1.6496000289916992
1708,2007,CUB,11287274.0,63463487934.0,0.5299999713897705,0.0,11.449999809265137,1.601074457168579
1709,2008,CUB,11291764.0,67603097135.0,0.699999988079071,0.0,11.420000076293944,1.7192236185073853
1710,2009,CUB,11294719.0,70355905283.0,0.6899999976158142,0.0,11.449999809265137,1.6642462015151978
1711,2010,CUB,11297414.0,74083580619.0,0.5699999928474426,0.0,11.289999961853027,1.7975484132766724
1712,2011,CUB,11301578.0,78036992000.0,0.5699999928474426,0.0,11.510000228881836,1.5323941707611084
1713,2012,CUB,11303172.0,80388156000.0,0.6899999976158142,0.0,11.899999618530272,1.6187576055526731
1714,2013,CUB,11298163.0,83013750000.0,0.9399999976158142,0.0,12.3100004196167,1.504051685333252
1715,2014,CUB,11285780.0,85723464000.0,0.8500000238418579,0.0,12.5,1.4836372137069702
1716,2015,CUB,11275069.0,88467246000.0,0.8999999761581421,0.0,13.130000114440918,1.4420769214630127
1717,2016,CUB,11265615.0,88635596816.0,0.9100000262260436,0.0,13.220000267028809,1.1217390298843384
1718,2017,CUB,11247824.0,90020495157.0,0.800000011920929,0.0,13.279999732971191,1.1751084327697754
1719,2018,CUB,11227116.0,91854653880.0,0.7200000286102295,0.0,13.460000038146973,1.1484695672988892
1720,2019,CUB,11202847.0,91703236400.0,0.8899999856948853,0.0,13.270000457763672,1.0266897678375244
1721,2020,CUB,11176349.0,81663255167.0,0.8999999761581421,0.0,12.15999984741211,1.0303667783737185
1722,2021,CUB,11122169.0,82687389665.0,0.7900000214576721,0.0,11.390000343322754,0.9211743474006652
1723,2022,CUB,11059822.0,84154971449.0,0.6700000166893005,0.0,10.020000457763672,1.020480036735535
1724,2023,CUB,11019932.0,84154971449.0,0.7200000286102295,0.0,12.720000267028809,1.020480036735535
1725,2024,CUB,10979781.0,84154971449.0,0.7799999713897705,0.0,12.489999771118164,1.020480036735535
1726,1990,CUW,155750.0,0.0,0.0,0.0,0.0,0.0
1727,1991,CUW,155455.0,0.0,0.0,0.0,0.0,0.0
1728,1992,CUW,155101.0,0.0,0.0,0.0,0.0,0.0
1729,1993,CUW,154504.0,0.0,0.0,0.0,0.0,0.0
1730,1994,CUW,153677.0,0.0,0.0,0.0,0.0,0.0
1731,1995,CUW,152705.0,0.0,0.0,0.0,0.0,0.0
1732,1996,CUW,151582.0,0.0,0.0,0.0,0.0,0.0
1733,1997,CUW,150316.0,0.0,0.0,0.0,0.0,0.0
1734,1998,CUW,148874.0,0.0,0.0,0.0,0.0,0.0
1735,1999,CUW,147276.0,0.0,0.0,0.0,0.0,0.0
1736,2000,CUW,145540.0,0.0,0.0,0.0,0.0,0.0
1737,2001,CUW,144758.0,0.0,0.0,0.0,0.0,0.0
1738,2002,CUW,145911.0,0.0,0.0,0.0,0.0,0.0
1739,2003,CUW,147923.0,0.0,0.0,0.0,0.0,0.0
1740,2004,CUW,149805.0,0.0,0.0,0.0,0.0,0.0
1741,2005,CUW,151324.0,0.0,0.0,0.0,0.0,0.0
1742,2006,CUW,152516.0,0.0,0.0,0.0,0.0,0.0
1743,2007,CUW,153672.0,0.0,0.0,0.0,0.0,0.0
1744,2008,CUW,154784.0,0.0,0.0,0.0,0.0,0.0
1745,2009,CUW,155832.0,0.0,0.0,0.0,0.0,0.0
1746,2010,CUW,156881.0,0.0,0.0,0.0,0.0,0.0
1747,2011,CUW,158572.0,0.0,0.0,0.0,0.0,0.0
1748,2012,CUW,160904.0,0.0,0.0,0.0,0.0,0.0
1749,2013,CUW,163122.0,0.0,0.0,0.0,0.0,0.0
1750,2014,CUW,165041.0,0.0,0.0,0.0,0.0,0.0
1751,2015,CUW,166621.0,0.0,0.0,0.0,0.0,0.0
1752,2016,CUW,167787.0,0.0,0.0,0.0,0.0,0.0
1753,2017,CUW,168525.0,0.0,0.0,0.0,0.0,0.0
1754,2018,CUW,181590.0,0.0,0.0,0.0,0.0,0.0
1755,2019,CUW,189555.0,0.0,0.0,0.0,0.0,0.0
1756,2020,CUW,185029.0,0.0,0.0,0.0,0.0,0.0
1757,2021,CUW,185324.0,0.0,0.0,0.0,0.0,0.0
1758,2022,CUW,185350.0,0.0,0.0,0.0,0.0,0.0
1759,2023,CUW,185437.0,0.0,0.0,0.0,0.0,0.0
1760,2024,CUW,185482.0,0.0,0.0,0.0,0.0,0.0
1761,1990,CYP,788355.0,10601790424.0,0.0,19.2745361328125,2.220000028610229,1.8180453777313232
1762,1991,CYP,798950.0,10802933313.0,0.0,19.512155532836918,2.220000028610229,1.806190490722656
1763,1992,CYP,810344.0,11948250048.0,0.0,22.79667854309082,2.220000028610229,1.9079512357711792
1764,1993,CYP,826042.0,12173586499.0,0.0,23.69017791748047,2.220000028610229,1.946031093597412
1765,1994,CYP,844669.0,13051263000.0,0.0,23.73235893249512,2.220000028610229,1.8183956146240237
1766,1995,CYP,862698.0,14530339515.0,0.0,25.23067283630371,2.220000028610229,1.7364131212234497
1767,1996,CYP,880295.0,14861081660.0,0.0,25.60481834411621,2.220000028610229,1.7229444980621338
1768,1997,CYP,897574.0,15384666855.0,0.0,25.85162353515625,2.220000028610229,1.6803499460220337
1769,1998,CYP,914552.0,16341391926.0,0.0,27.44660758972168,2.220000028610229,1.679575800895691
1770,1999,CYP,931235.0,17289794170.0,0.0,28.88068008422852,2.220000028610229,1.67038893699646
1771,2000,CYP,947667.0,18447964503.0,0.0,30.261104583740234,2.220000028610229,1.640349268913269
1772,2001,CYP,964129.0,19289559263.0,0.0,30.60965156555176,2.3399999141693115,1.586850881576538
1773,2002,CYP,981443.0,20131146271.0,0.0,30.185935974121094,2.490000009536743,1.4994643926620483
1774,2003,CYP,999600.0,20821863547.0,0.0,32.08829879760742,2.6600000858306885,1.5410869121551514
1775,2004,CYP,1017875.0,21975893073.0,0.0,31.22618865966797,2.759999990463257,1.4210281372070312
1776,2005,CYP,1036156.0,23006188640.0,0.0,34.99014663696289,2.880000114440918,1.521016240119934
1777,2006,CYP,1054424.0,24267407225.0,0.0,34.40757751464844,3.059999942779541,1.4180309772491455
1778,2007,CYP,1072727.0,25673703212.0,0.0,34.965965270996094,3.200000047683716,1.3627407550811768
1779,2008,CYP,1091029.0,26913613219.0,0.0099999997764825,35.64310836791992,3.3299999237060547,1.3322361707687378
1780,2009,CYP,1109377.0,26682210733.0,0.0299999993294477,34.730491638183594,3.4200000762939453,1.3118689060211182
1781,2010,CYP,1127826.0,27285556934.0,0.0799999982118606,33.67438888549805,3.4600000381469727,1.2481341361999512
1782,2011,CYP,1146493.0,27627899267.0,0.1700000017881393,33.02655792236328,3.140000104904175,1.2206915616989136
1783,2012,CYP,1165403.0,26675451028.0,0.2599999904632568,30.69277572631836,2.940000057220459,1.1847959756851196
1784,2013,CYP,1183899.0,24918237857.0,0.3300000131130218,27.189645767211918,2.619999885559082,1.1348496675491333
1785,2014,CYP,1201806.0,24475580582.0,0.3100000023841858,27.29545021057129,2.6600000858306885,1.156025528907776
1786,2015,CYP,1219504.0,25312505108.0,0.4000000059604645,27.96932029724121,2.740000009536743,1.1529667377471924
1787,2016,CYP,1237114.0,26976335005.0,0.4300000071525574,30.47053337097168,2.950000047683716,1.1764733791351318
1788,2017,CYP,1254274.0,28523085691.0,0.4300000071525574,31.31027030944824,3.0299999713897705,1.1427825689315796
1789,2018,CYP,1270743.0,30134014224.0,0.4799999892711639,31.10297393798828,3.0299999713897705,1.077259182929993
1790,2019,CYP,1286669.0,31800247242.0,0.5199999809265137,30.979516983032227,3.069999933242798,1.0218002796173096
1791,2020,CYP,1302250.0,30409793367.0,0.6000000238418579,26.392038345336918,2.819999933242798,0.9300068020820618
1792,2021,CYP,1317311.0,32428676744.0,0.7799999713897705,27.531959533691406,2.890000104904175,0.9202343821525574
1793,2022,CYP,1331376.0,34255009922.0,0.8799999952316284,29.0968074798584,2.9200000762939453,0.9246655106544496
1794,2023,CYP,1344981.0,34255009922.0,1.090000033378601,28.98634147644043,2.8399999141693115,0.9246655106544496
1795,2024,CYP,1358287.0,34255009922.0,1.3899999856948853,29.5740909576416,2.9600000381469727,0.9246655106544496
1796,2025,CYP,1370754.0,34255009922.0,1.6399999856948853,29.5740909576416,2.890000104904175,0.9246655106544496
1797,1990,CZE,10301989.0,146168284839.0,1.159999966621399,507.6008605957031,55.91999816894531,3.7405107021331783
1798,1991,CZE,10304420.0,130499462994.0,1.090000033378601,459.9941711425781,55.91999816894531,3.813341856002808
1799,1992,CZE,10312449.0,131496641304.0,1.399999976158142,444.0542602539063,55.91999816894531,3.672941207885742
1800,1993,CZE,10320404.0,133342958573.0,1.5299999713897705,438.4952697753906,55.91999816894531,3.591710090637207
1801,1994,CZE,10322332.0,139002246482.0,1.7799999713897705,424.269287109375,55.91999816894531,3.3561689853668213
1802,1995,CZE,10312041.0,149541611781.0,2.4100000858306885,444.1142578125,55.91999816894531,3.2513623237609863
1803,1996,CZE,10296140.0,157900113788.0,2.259999990463257,459.4503479003906,55.91999816894531,3.18506383895874
1804,1997,CZE,10280049.0,158827904845.0,2.190000057220459,439.89251708984375,55.91999816894531,3.036745548248291
1805,1998,CZE,10265430.0,160364287569.0,1.9900000095367432,424.4679565429688,55.91999816894531,2.9200451374053955
1806,1999,CZE,10251385.0,164728010192.0,2.359999895095825,403.44439697265625,55.91999816894531,2.725626230239868
1807,2000,CZE,10236809.0,174309526192.0,2.2799999713897705,428.372802734375,55.91999816894531,2.722190618515014
1808,2001,CZE,10231942.0,181753179328.0,2.569999933242798,435.4642028808594,55.79999923706055,2.669950485229492
1809,2002,CZE,10239474.0,187044887124.0,2.990000009536743,424.6539306640625,53.150001525878906,2.602351665496826
1810,2003,CZE,10248907.0,196328003846.0,1.870000004768372,436.25787353515625,53.970001220703125,2.620869874954224
1811,2004,CZE,10261453.0,208725903761.0,2.740000009536743,446.5466003417969,53.63999938964844,2.5287926197052
1812,2005,CZE,10280155.0,225302570264.0,3.130000114440918,442.4450073242188,52.97999954223633,2.3063738346099854
1813,2006,CZE,10304592.0,243991794814.0,3.5199999809265137,447.7984313964844,53.04999923706055,2.1699721813201904
1814,2007,CZE,10337539.0,260673045889.0,3.4200000762939453,442.39251708984375,57.25,2.0090503692626958
1815,2008,CZE,10378298.0,271709547503.0,3.7200000286102295,429.709716796875,52.2599983215332,1.8903229236602783
1816,2009,CZE,10420985.0,261919697582.0,4.659999847412109,403.88861083984375,49.2400016784668,1.881534576416016
1817,2010,CZE,10464035.0,271231988282.0,5.909999847412109,419.1033325195313,50.59000015258789,1.8937625885009768
1818,2011,CZE,10495508.0,279082754736.0,7.239999771118164,402.4612121582031,50.560001373291016,1.7986626625061035
1819,2012,CZE,10507339.0,276891945353.0,8.069999694824219,392.8215637207031,47.86000061035156,1.803730010986328
1820,2013,CZE,10511164.0,276764861619.0,9.300000190734863,379.3299865722656,45.31999969482422,1.7712546586990356
1821,2014,CZE,10517223.0,283025537919.0,9.170000076293944,370.3104248046875,45.11000061035156,1.6957370042800903
1822,2015,CZE,10524418.0,298276052489.0,9.40999984741211,370.1322021484375,45.630001068115234,1.57812237739563
1823,2016,CZE,10531946.0,305844147713.0,9.390000343322754,371.3381042480469,47.060001373291016,1.5183364152908323
1824,2017,CZE,10541343.0,321652381589.0,9.630000114440918,386.3216247558594,46.5099983215332,1.5251928567886353
1825,2018,CZE,10548934.0,332009886797.0,9.43000030517578,381.9547119140625,46.25,1.4729207754135132
1826,2019,CZE,10554872.0,342069373423.0,10.0600004196167,368.2161254882813,43.15999984741211,1.397099494934082
1827,2020,CZE,10550129.0,323245433506.0,10.34000015258789,332.54345703125,36.86000061035156,1.36913800239563
1828,2021,CZE,10530683.0,334729441747.0,10.640000343322754,354.3458557128906,39.470001220703125,1.393381953239441
1829,2022,CZE,10673216.0,342966849621.0,10.770000457763672,336.53289794921875,40.88999938964844,1.308400273323059
1830,2023,CZE,10809722.0,342966849621.0,11.140000343322754,299.903076171875,33.54999923706055,1.308400273323059
1831,2024,CZE,10735857.0,342966849621.0,12.300000190734863,279.6413879394531,30.15999984741211,1.308400273323059
1832,2025,CZE,10609241.0,342966849621.0,12.720000267028809,279.6413879394531,30.309999465942383,1.308400273323059
1833,1990,COD,36684065.0,31745582566.0,5.940000057220459,0.0,0.1400000005960464,0.6230040788650513
1834,1991,COD,37925828.0,29817690890.0,5.940000057220459,0.0,0.1400000005960464,0.6112921237945557
1835,1992,COD,39228908.0,27407295375.0,5.940000057220459,0.0,0.1400000005960464,0.720845639705658
1836,1993,COD,40656338.0,24338479562.0,5.940000057220459,0.0,0.1400000005960464,0.8073260188102722
1837,1994,COD,42626873.0,23485765006.0,5.940000057220459,0.0,0.1400000005960464,0.6932590007781982
1838,1995,COD,44433718.0,24780657990.0,5.940000057220459,0.0,0.1400000005960464,0.6893138885498047
1839,1996,COD,45296125.0,24914388506.0,5.940000057220459,0.0,0.1400000005960464,0.7163025736808777
1840,1997,COD,46029907.0,23716345473.0,5.940000057220459,0.0,0.1400000005960464,0.7234851717948914
1841,1998,COD,47297595.0,23460462170.0,5.940000057220459,0.0,0.1400000005960464,0.6928083300590515
1842,1999,COD,48912972.0,23134197386.0,5.940000057220459,0.0,0.1400000005960464,0.7455317378044128
1843,2000,COD,50507445.0,21854113779.0,5.940000057220459,0.0,0.1400000005960464,0.4331709444522857
1844,2001,COD,52132646.0,21977293171.0,5.909999847412109,0.0,0.1500000059604644,0.4086402356624603
1845,2002,COD,53750529.0,23244764997.0,6.050000190734863,0.0,0.1500000059604644,0.411890834569931
1846,2003,COD,55343873.0,25228484809.0,6.099999904632568,0.0,0.1500000059604644,0.4138044416904449
1847,2004,COD,56997740.0,27653538438.0,7.010000228881836,0.0,0.1800000071525573,0.4292055666446686
1848,2005,COD,58775726.0,30164653557.0,7.320000171661377,0.0,0.1800000071525573,0.4463380575180053
1849,2006,COD,60615909.0,32708306949.0,7.449999809265137,0.0,0.209999993443489,0.4560172855854034
1850,2007,COD,62477753.0,35814302298.0,7.739999771118164,0.0,0.2399999946355819,0.427546352148056
1851,2008,COD,64390658.0,39245769597.0,7.409999847412109,0.0,0.2399999946355819,0.3669686019420624
1852,2009,COD,66412038.0,41718890407.0,7.71999979019165,0.0,0.2399999946355819,0.321413516998291
1853,2010,COD,68563038.0,46223524668.0,7.739999771118164,0.0,0.2399999946355819,0.3532115519046783
1854,2011,COD,70849311.0,51169100367.0,7.730000019073486,0.0,0.2399999946355819,0.3704611361026764
1855,2012,COD,73254623.0,55604951736.0,7.510000228881836,0.0,0.1899999976158142,0.3542196750640869
1856,2013,COD,75789397.0,60956372609.0,8.149999618530273,0.0,0.2000000029802322,0.4154991209506988
1857,2014,COD,78403248.0,65407411596.0,8.729999542236328,0.0,0.2199999988079071,0.492269217967987
1858,2015,COD,81035532.0,69567321729.0,8.829999923706055,0.0,0.2199999988079071,0.3328154385089874
1859,2016,COD,83956416.0,69841412960.0,9.010000228881836,0.0,0.2199999988079071,0.2846393883228302
1860,2017,COD,87083400.0,72396212035.0,9.40999984741211,0.0,0.2300000041723251,0.2926192283630371
1861,2018,COD,90047647.0,75889338637.0,10.449999809265137,0.0,0.2599999904632568,0.3437601029872894
1862,2019,COD,92947450.0,79292965259.0,11.779999732971191,0.0,0.2899999916553497,0.3599512279033661
1863,2020,COD,95990000.0,80617953765.0,12.479999542236328,0.0,0.3100000023841858,0.3611914217472076
1864,2021,COD,99148930.0,85639643645.0,14.1899995803833,0.0,0.3600000143051147,0.360139936208725
1865,2022,COD,102396974.0,91314988450.0,15.3100004196167,0.0,0.4099999964237213,0.4074695110321045
1866,2023,COD,105789733.0,91314988450.0,15.630000114440918,0.0,0.4199999868869781,0.4074695110321045
1867,2024,COD,109276264.0,91314988450.0,15.920000076293944,0.0,0.4399999976158142,0.4074695110321045
1868,1990,DNK,5141024.0,151205742035.0,0.8299999833106995,199.4031982421875,22.51000022888184,1.3356702327728271
1869,1991,DNK,5154346.0,154212932867.0,1.059999942779541,229.45689392089844,22.51000022888184,1.5099493265151978
1870,1992,DNK,5171372.0,158125301722.0,1.3600000143051147,213.68492126464844,22.51000022888184,1.3795186281204224
1871,1993,DNK,5188638.0,159069870418.0,1.6100000143051147,225.8403778076172,22.51000022888184,1.4541015625
1872,1994,DNK,5206188.0,168493895001.0,1.7400000095367432,242.76702880859372,22.51000022888184,1.472195386886597
1873,1995,DNK,5233364.0,174484978091.0,1.8600000143051147,237.9839630126953,22.51000022888184,1.3962215185165403
1874,1996,DNK,5263071.0,180654110941.0,2.0799999237060547,283.54693603515625,22.51000022888184,1.6046626567840576
1875,1997,DNK,5285041.0,187647333700.0,2.930000066757202,254.1063232421875,22.51000022888184,1.4015544652938845
1876,1998,DNK,5304263.0,192859238471.0,3.930000066757202,241.82931518554688,22.51000022888184,1.3154221773147583
1877,1999,DNK,5321814.0,199699305568.0,4.380000114440918,232.7891540527344,22.51000022888184,1.2320969104766846
1878,2000,DNK,5339659.0,208333676429.0,5.570000171661377,219.73675537109372,22.51000022888184,1.1352912187576294
1879,2001,DNK,5358825.0,211243390442.0,5.849999904632568,219.6565093994141,23.68000030517578,1.1229535341262815
1880,2002,DNK,5375967.0,213517288371.0,6.789999961853027,216.4253845214844,24.190000534057617,1.1088351011276243
1881,2003,DNK,5390621.0,215549132167.0,8.069999694824219,231.08041381835935,29.950000762939453,1.1841038465499878
1882,2004,DNK,5404594.0,222528951750.0,9.529999732971191,213.30813598632807,23.38999938964844,1.0859339237213137
1883,2005,DNK,5419550.0,229074701412.0,9.800000190734863,204.47476196289065,19.940000534057617,1.019828200340271
1884,2006,DNK,5437425.0,239411013967.0,9.1899995803833,228.18392944335935,28.8700008392334,1.0671244859695437
1885,2007,DNK,5461604.0,242913735233.0,10.300000190734863,213.05755615234372,23.3700008392334,1.0020060539245603
1886,2008,DNK,5493762.0,243090598807.0,10.100000381469728,205.2290802001953,21.059999465942383,0.9661916494369508
1887,2009,DNK,5523169.0,232507363099.0,10.06999969482422,191.265380859375,21.1299991607666,0.9496771693229676
1888,2010,DNK,5547865.0,238190225279.0,12.43000030517578,199.24012756347656,20.940000534057617,0.9907066822052002
1889,2011,DNK,5570848.0,242757622888.0,14.170000076293944,178.45770263671875,17.079999923706055,0.9102686047554016
1890,2012,DNK,5591911.0,243307499552.0,14.84000015258789,160.08352661132812,13.18000030517578,0.8435559272766113
1891,2013,DNK,5615333.0,245578374484.0,15.960000038146973,163.67648315429688,16.350000381469727,0.8620561361312866
1892,2014,DNK,5643795.0,249555233739.0,17.989999771118164,150.1525421142578,12.84000015258789,0.8157052397727966
1893,2015,DNK,5683698.0,255401297489.0,18.93000030517578,143.25897216796875,9.029999732971191,0.7790665030479431
1894,2016,DNK,5728196.0,263691544304.0,18.38999938964844,147.2855224609375,10.970000267028809,0.7645351886749268
1895,2017,DNK,5765164.0,271132202845.0,21.799999237060547,139.03636169433594,8.739999771118164,0.748654305934906
1896,2018,DNK,5793824.0,276526484620.0,20.75,139.38275146484375,8.970000267028809,0.7236822843551636
1897,2019,DNK,5814618.0,280656364923.0,23.06999969482422,149.16354370117188,6.0,0.7724820971488953
1898,2020,DNK,5831529.0,275058379473.0,23.450000762939453,123.47805786132812,5.400000095367432,0.698637843132019
1899,2021,DNK,5856774.0,288414406840.0,26.100000381469727,115.40145111083984,7.340000152587891,0.6651872396469116
1900,2022,DNK,5902901.0,299429011832.0,28.43000030517578,112.82223510742188,7.159999847412109,0.648663341999054
1901,2023,DNK,5948134.0,299429011832.0,29.280000686645508,112.89815521240234,5.150000095367432,0.648663341999054
1902,2024,DNK,5977417.0,299429011832.0,31.270000457763672,112.01693725585938,4.619999885559082,0.648663341999054
1903,2025,DNK,6002515.0,299429011832.0,30.36000061035156,112.01693725585938,3.809999942779541,0.648663341999054
1904,1990,DJI,579544.0,1151692000.0,0.0,0.0,0.1199999973177909,5.975543975830078
1905,1991,DJI,631096.0,1111365143.0,0.0,0.0,0.1199999973177909,6.192371845245361
1906,1992,DJI,626016.0,1171473816.0,0.0,0.0,0.1199999973177909,5.948300361633301
1907,1993,DJI,614247.0,1223279012.0,0.0,0.0,0.1199999973177909,5.731547832489014
1908,1994,DJI,626717.0,1189922913.0,0.0,0.0,0.1199999973177909,6.052070617675781
1909,1995,DJI,633075.0,1251123077.0,0.0,0.0,0.1199999973177909,5.702272891998291
1910,1996,DJI,648354.0,1182573365.0,0.0,0.0,0.1199999973177909,6.049341678619385
1911,1997,DJI,671826.0,1231663949.0,0.0,0.0,0.1199999973177909,5.84696626663208
1912,1998,DJI,699355.0,1226205283.0,0.0,0.0,0.1199999973177909,5.872994899749756
1913,1999,DJI,724228.0,1247108046.0,0.0,0.0,0.1199999973177909,5.774558067321777
1914,2000,DJI,747326.0,1258388183.0,0.0,0.0,0.1199999973177909,2.808154821395874
1915,2001,DJI,771311.0,1279069473.0,0.0,0.0,0.1299999952316284,2.752482891082764
1916,2002,DJI,795576.0,1306309835.0,0.0,0.0,0.1299999952316284,2.7029709815979004
1917,2003,DJI,813528.0,1344454879.0,0.0,0.0,0.1299999952316284,2.724294900894165
1918,2004,DJI,826133.0,1377810002.0,0.0,0.0,0.1400000005960464,2.585582971572876
1919,2005,DJI,839174.0,1416452247.0,0.0,0.0,0.2000000029802322,2.3783228397369385
1920,2006,DJI,855767.0,1590366862.0,0.0,0.0,0.2000000029802322,1.9794806241989136
1921,2007,DJI,874530.0,1662836538.0,0.0,0.0,0.209999993443489,1.970624566078186
1922,2008,DJI,892739.0,1746582380.0,0.0,0.0,0.2199999988079071,2.097994565963745
1923,2009,DJI,911524.0,1828090863.0,0.0,0.0,0.2300000041723251,1.7405821084976196
1924,2010,DJI,930252.0,1885010108.0,0.0,0.0,0.25,1.9223520755767824
1925,2011,DJI,948565.0,1960630000.0,0.0,0.0,0.2599999904632568,1.3961200714111328
1926,2012,DJI,966754.0,2054196000.0,0.0,0.0,0.2599999904632568,1.7578626871109009
1927,2013,DJI,984833.0,2157408000.0,0.0,0.0,0.2800000011920929,1.7277512550354004
1928,2014,DJI,1002720.0,2286630000.0,0.0,0.0,0.0700000002980232,1.8094030618667605
1929,2015,DJI,1020316.0,2435148000.0,0.0,0.0,0.1199999973177909,1.4983999729156494
1930,2016,DJI,1037660.0,2612607480.0,0.0,0.0,0.0599999986588954,1.3351399898529053
1931,2017,DJI,1054844.0,2767106002.0,0.0,0.0,0.0399999991059303,1.1410720348358154
1932,2018,DJI,1071886.0,2924431711.0,0.0,0.0,0.0299999993294477,1.062403678894043
1933,2019,DJI,1088710.0,3086593147.0,0.0,0.0,0.0599999986588954,1.141340970993042
1934,2020,DJI,1105193.0,3123694253.0,0.0,0.0,0.0900000035762786,1.0040117502212524
1935,2021,DJI,1121251.0,3274020536.0,0.0700000002980232,0.0,0.0900000035762786,1.0122798681259155
1936,2022,DJI,1137101.0,3395681646.0,0.0700000002980232,0.0,0.0900000035762786,0.9797313213348388
1937,2023,DJI,1152951.0,3395681646.0,0.0700000002980232,0.0,0.0900000035762786,0.9797313213348388
1938,2024,DJI,1168726.0,3395681646.0,0.0700000002980232,0.0,0.0900000035762786,0.9797313213348388
1939,1990,DMA,69644.0,275730000.0,0.0299999993294477,0.0,0.0299999993294477,0.8335739374160767
1940,1991,DMA,69321.0,285879709.0,0.0299999993294477,0.0,0.0299999993294477,0.803979218006134
1941,1992,DMA,69344.0,299018295.0,0.0299999993294477,0.0,0.0299999993294477,0.7702646255493164
1942,1993,DMA,69453.0,303787182.0,0.0299999993294477,0.0,0.0299999993294477,0.7565866708755493
1943,1994,DMA,69493.0,316614931.0,0.0299999993294477,0.0,0.0299999993294477,0.9471423029899596
1944,1995,DMA,69490.0,327078105.0,0.0299999993294477,0.0,0.0299999993294477,1.1522008180618286
1945,1996,DMA,69422.0,347533767.0,0.0299999993294477,0.0,0.0299999993294477,1.0872039794921875
1946,1997,DMA,69315.0,361956567.0,0.0299999993294477,0.0,0.0299999993294477,1.0444241762161257
1947,1998,DMA,69144.0,382388808.0,0.0299999993294477,0.0,0.0299999993294477,1.0069231986999512
1948,1999,DMA,68883.0,390881674.0,0.0299999993294477,0.0,0.0299999993294477,0.9978557229042052
1949,2000,DMA,68527.0,404483810.0,0.0299999993294477,0.0,0.0299999993294477,1.1511300802230835
1950,2001,DMA,68299.0,411786964.0,0.0299999993294477,0.0,0.0299999993294477,1.2430795431137085
1951,2002,DMA,68385.0,415539000.0,0.0299999993294477,0.0,0.0299999993294477,1.1420351266860962
1952,2003,DMA,68552.0,455180800.0,0.0299999993294477,0.0,0.0299999993294477,1.1834609508514404
1953,2004,DMA,68664.0,475394414.0,0.0299999993294477,0.0,0.050000000745058,1.34619402885437
1954,2005,DMA,68750.0,482222496.0,0.0299999993294477,0.0,0.0599999986588954,1.2936254739761353
1955,2006,DMA,68823.0,513632250.0,0.0299999993294477,0.0,0.0599999986588954,1.2120336294174194
1956,2007,DMA,68862.0,554311687.0,0.0199999995529651,0.0,0.0700000002980232,1.3970401287078855
1957,2008,DMA,68866.0,617146562.0,0.0199999995529651,0.0,0.0700000002980232,1.1265650987625122
1958,2009,DMA,68879.0,621365663.0,0.0199999995529651,0.0,0.0700000002980232,1.1272774934768677
1959,2010,DMA,68872.0,640098860.0,0.0199999995529651,0.0,0.0799999982118606,1.1476809978485107
1960,2011,DMA,69073.0,652912000.0,0.0399999991059303,0.0,0.0700000002980232,1.1072248220443726
1961,2012,DMA,69138.0,644079000.0,0.0299999993294477,0.0,0.0799999982118606,1.102996587753296
1962,2013,DMA,69733.0,667585000.0,0.0399999991059303,0.0,0.0700000002980232,1.035741686820984
1963,2014,DMA,70387.0,694011000.0,0.0299999993294477,0.0,0.0799999982118606,1.0472416877746582
1964,2015,DMA,70429.0,689606000.0,0.0199999995529651,0.0,0.0900000035762786,1.1154403686523438
1965,2016,DMA,69627.0,707976572.0,0.0399999991059303,0.0,0.0799999982118606,1.1108978986740112
1966,2017,DMA,68514.0,656048862.0,0.0299999993294477,0.0,0.0700000002980232,1.1368364095687866
1967,2018,DMA,68195.0,677586340.0,0.0199999995529651,0.0,0.0599999986588954,1.070607304573059
1968,2019,DMA,67901.0,714870398.0,0.0199999995529651,0.0,0.0799999982118606,1.0578287839889526
1969,2020,DMA,67588.0,600082697.0,0.0199999995529651,0.0,0.0799999982118606,1.1474521160125732
1970,2021,DMA,67222.0,637252112.0,0.0199999995529651,0.0,0.0799999982118606,1.094905972480774
1971,2022,DMA,66847.0,675098029.0,0.0199999995529651,0.0,0.0900000035762786,1.0664945840835571
1972,2023,DMA,66531.0,675098029.0,0.0199999995529651,0.0,0.0900000035762786,1.0664945840835571
1973,1990,DOM,7151165.0,27899937000.0,0.9100000262260436,0.0,8.010000228881836,1.4286004304885864
1974,1991,DOM,7299849.0,28624479731.0,0.9100000262260436,0.0,8.010000228881836,1.3332780599594116
1975,1992,DOM,7447476.0,30699616102.0,0.9100000262260436,0.0,8.010000228881836,1.3340306282043457
1976,1993,DOM,7594567.0,33455873012.0,0.9100000262260436,0.0,8.010000228881836,1.1104406118392944
1977,1994,DOM,7741694.0,34777859424.0,0.9100000262260436,0.0,8.010000228881836,1.202089548110962
1978,1995,DOM,7888120.0,37276713682.0,0.9100000262260436,0.0,8.010000228881836,1.2090582847595217
1979,1996,DOM,8032895.0,40578813798.0,0.9100000262260436,0.0,8.010000228881836,1.196736454963684
1980,1997,DOM,8174081.0,44531154793.0,0.9100000262260436,0.0,8.010000228881836,1.1651597023010254
1981,1998,DOM,8310369.0,48410050660.0,0.9100000262260436,0.0,8.010000228881836,1.107667326927185
1982,1999,DOM,8446207.0,52484601874.0,0.9100000262260436,0.0,8.010000228881836,1.1502262353897097
1983,2000,DOM,8584196.0,56344968399.0,0.9100000262260436,0.0,8.010000228881836,1.5079231262207031
1984,2001,DOM,8720287.0,58288496906.0,0.8600000143051147,0.0,7.960000038146973,1.4181404113769531
1985,2002,DOM,8852231.0,62671030582.0,1.0399999618530271,0.0,8.640000343322754,1.389327049255371
1986,2003,DOM,8980626.0,63562914579.0,1.3600000143051147,0.0,8.680000305175781,1.2449744939804075
1987,2004,DOM,9104889.0,65495459116.0,1.7400000095367432,0.0,7.019999980926514,1.1100473403930664
1988,2005,DOM,9225035.0,72784646192.0,2.059999942779541,0.0,7.670000076293945,1.0941147804260254
1989,2006,DOM,9341187.0,81940402491.0,1.909999966621399,0.0,8.300000190734863,0.9743308424949646
1990,2007,DOM,9455663.0,90412078042.0,1.8600000143051147,0.0,8.569999694824219,0.9099356532096864
1991,2008,DOM,9573135.0,94906712345.0,1.5399999618530271,0.0,8.789999961853027,0.8681821227073669
1992,2009,DOM,9695270.0,97411530204.0,1.6200000047683716,0.0,8.15999984741211,0.8341429829597473
1993,2010,DOM,9820180.0,107260793439.0,1.590000033378601,0.0,8.6899995803833,0.7960416078567505
1994,2011,DOM,9945623.0,112433265383.0,1.7000000476837158,0.0,9.300000190734863,0.7453199028968811
1995,2012,DOM,10070409.0,115488083453.0,2.049999952316284,0.0,9.84000015258789,0.8035330772399902
1996,2013,DOM,10193838.0,121118130894.0,2.309999942779541,0.0,10.130000114440918,0.7255147695541382
1997,2014,DOM,10315523.0,129656952614.0,1.75,0.0,10.260000228881836,0.6572952270507812
1998,2015,DOM,10434826.0,138638287562.0,1.4199999570846558,0.0,10.90999984741211,0.6884201169013977
1999,2016,DOM,10551430.0,147870212847.0,2.0799999237060547,0.0,11.079999923706056,0.6801627278327942
2000,2017,DOM,10666846.0,154771313809.0,3.039999961853028,0.0,10.56999969482422,0.6333073973655701
2001,2018,DOM,10782048.0,165578989651.0,2.700000047683716,0.0,11.100000381469728,0.6574923992156982
2002,2019,DOM,10894043.0,173944046167.0,2.6700000762939453,0.0,12.399999618530272,0.7108045816421509
2003,2020,DOM,11008298.0,162255006875.0,3.150000095367432,0.0,11.329999923706056,0.6283566951751709
2004,2021,DOM,11123480.0,182166940060.0,3.809999942779541,0.0,11.970000267028809,0.6548466682434082
2005,2022,DOM,11230734.0,191182362267.0,4.090000152587891,0.0,12.859999656677246,0.6931440234184265
2006,2023,DOM,11331269.0,191182362267.0,4.239999771118164,0.0,14.229999542236328,0.6931440234184265
2007,2024,DOM,11427558.0,191182362267.0,4.53000020980835,0.0,13.640000343322754,0.6931440234184265
2008,2025,DOM,11520483.0,191182362267.0,5.400000095367432,0.0,12.1899995803833,0.6931440234184265
2009,2003,TLS,916876.0,0.0,0.0,0.0,0.0399999991059303,0.0
2010,2004,TLS,929081.0,0.0,0.0,0.0,0.050000000745058,0.0
2011,2005,TLS,948310.0,0.0,0.0,0.0,0.050000000745058,0.0
2012,2006,TLS,976610.0,0.0,0.0,0.0,0.050000000745058,0.0
2013,2007,TLS,1004898.0,0.0,0.0,0.0,0.0599999986588954,0.0
2014,2008,TLS,1032431.0,0.0,0.0,0.0,0.0700000002980232,0.0
2015,2009,TLS,1058783.0,0.0,0.0,0.0,0.0900000035762786,0.0
2016,2010,TLS,1084688.0,0.0,0.0,0.0,0.0900000035762786,0.0
2017,2011,TLS,1110212.0,0.0,0.0,0.0,0.0900000035762786,0.0
2018,2012,TLS,1134891.0,0.0,0.0,0.0,0.0900000035762786,0.0
2019,2013,TLS,1158697.0,0.0,0.0,0.0,0.1899999976158142,0.0
2020,2014,TLS,1181913.0,0.0,0.0,0.0,0.2300000041723251,0.0
2021,2015,TLS,1205133.0,0.0,0.0,0.0,0.2300000041723251,0.0
2022,2016,TLS,1228314.0,0.0,0.0,0.0,0.270000010728836,0.0
2023,2017,TLS,1251711.0,0.0,0.0,0.0,0.2800000011920929,0.0
2024,2018,TLS,1275962.0,0.0,0.0,0.0,0.3000000119209289,0.0
2025,2019,TLS,1300946.0,0.0,0.0,0.0,0.3400000035762787,0.0
2026,2020,TLS,1326051.0,0.0,0.0,0.0,0.3300000131130218,0.0
2027,2021,TLS,1350142.0,0.0,0.0,0.0,0.3400000035762787,0.0
2028,2022,TLS,1369299.0,0.0,0.0,0.0,0.3400000035762787,0.0
2029,2023,TLS,1384292.0,0.0,0.0,0.0,0.3400000035762787,0.0
2030,2024,TLS,1400638.0,0.0,0.0,0.0,0.3400000035762787,0.0
2031,1990,ECU,10473674.0,64188502782.0,4.986687660217285,66.23651885986328,2.150000095367432,1.2616294622421265
2032,1991,ECU,10702377.0,67933582437.0,5.075921058654785,74.42925262451172,2.150000095367432,1.3165608644485474
2033,1992,ECU,10930128.0,70873835048.0,4.973580837249756,74.27257537841797,2.150000095367432,1.2554619312286377
2034,1993,ECU,11154283.0,72804333284.0,5.810137271881104,75.05091094970703,2.150000095367432,1.2668397426605225
2035,1994,ECU,11372197.0,76428090430.0,6.565277576446533,80.9092788696289,2.150000095367432,1.3126420974731443
2036,1995,ECU,11590519.0,78692037555.0,5.160551071166992,79.55850982666016,2.150000095367432,1.2049275636672974
2037,1996,ECU,11810954.0,80612101466.0,6.343415260314941,89.1561050415039,2.150000095367432,1.3386763334274292
2038,1997,ECU,12031129.0,84682917021.0,6.534177303314209,100.89974212646484,2.150000095367432,1.419663429260254
2039,1998,ECU,12251188.0,88055994335.0,6.506095409393311,101.6055908203125,2.150000095367432,1.3723546266555786
2040,1999,ECU,12470800.0,84464765477.0,7.1767258644104,89.00920104980469,2.150000095367432,1.3050496578216553
2041,2000,ECU,12689215.0,85978888021.0,7.53000020980835,81.62248992919922,2.150000095367432,1.2110974788665771
2042,2001,ECU,12910736.0,90060703680.0,7.0,84.71088409423828,2.789999961853028,1.1712429523468018
2043,2002,ECU,13138473.0,94404507340.0,7.449999809265137,82.1473159790039,3.0999999046325684,1.1028008460998535
2044,2003,ECU,13372304.0,97642542688.0,7.110000133514404,85.78331756591797,3.150000095367432,1.091813325881958
2045,2004,ECU,13608700.0,106393261231.0,7.340000152587891,92.68766021728516,3.890000104904175,1.0720221996307373
2046,2005,ECU,13846162.0,112798230080.0,6.829999923706055,100.68858337402344,4.139999866485596,1.0702720880508425
2047,2006,ECU,14086138.0,118581678982.0,7.079999923706055,106.93470001220705,4.960000038146973,1.0767741203308103
2048,2007,ECU,14328783.0,122016284055.0,8.970000267028809,107.99641418457033,5.869999885559082,1.100283980369568
2049,2008,ECU,14575201.0,130654762337.0,11.199999809265137,110.87755584716795,5.25,1.0966695547103882
2050,2009,ECU,14825960.0,132310294703.0,9.149999618530272,113.341064453125,6.349999904632568,1.0566458702087402
2051,2010,ECU,15076697.0,137913290159.0,8.569999694824219,130.43174743652344,7.570000171661377,1.125302791595459
2052,2011,ECU,15326232.0,149795272280.0,11.029999732971191,133.0118408203125,6.650000095367432,1.0991287231445312
2053,2012,ECU,15572195.0,158246726051.0,12.140000343322754,139.39390563964844,7.5,1.099128246307373
2054,2013,ECU,15807132.0,166075183974.0,11.029999732971191,148.28407287597656,8.539999961853027,1.0808908939361572
2055,2014,ECU,16035127.0,172367775440.0,11.5,155.9324188232422,8.930000305175781,1.0939583778381348
2056,2015,ECU,16266229.0,172538423301.0,13.199999809265137,151.02040100097656,8.930000305175781,1.0898797512054443
2057,2016,ECU,16505142.0,170423090933.0,16.290000915527344,142.99205017089844,7.840000152587891,1.099638819694519
2058,2017,ECU,16759515.0,174458721084.0,20.459999084472656,139.65408325195312,5.599999904632568,1.1183717250823977
2059,2018,ECU,17049542.0,176707497535.0,21.020000457763672,149.78701782226562,6.139999866485596,1.1679201126098633
2060,2019,ECU,17340017.0,176728682555.0,25.239999771118164,144.33421325683594,5.579999923706055,1.195805311203003
2061,2020,ECU,17546058.0,162965075602.0,24.920000076293945,117.01628112792967,4.989999771118164,1.1220955848693848
2062,2021,ECU,17682454.0,169866634253.0,26.07999992370605,143.87225341796875,4.789999961853027,1.251551866531372
2063,2022,ECU,17823900.0,175028884708.0,25.1299991607666,156.7308807373047,5.989999771118164,1.272466063499451
2064,2023,ECU,17980079.0,175028884708.0,26.3700008392334,164.3268280029297,7.0,1.272466063499451
2065,2024,ECU,18135478.0,175028884708.0,23.65999984741211,169.64279174804688,6.650000095367432,1.272466063499451
2066,2025,ECU,18289898.0,175028884708.0,29.059999465942383,169.64279174804688,5.820000171661377,1.272466063499451
2067,1990,EGY,58396625.0,227979905812.0,9.95300006866455,361.892578125,38.540000915527344,1.7164822816848757
2068,1991,EGY,60029001.0,241323329041.0,9.916000366210938,367.1111755371094,38.540000915527344,1.6427448987960815
2069,1992,EGY,61480663.0,254191038156.0,9.800000190734863,363.6475524902344,38.540000915527344,1.5446101427078247
2070,1993,EGY,62915681.0,269984893134.0,10.092499732971191,363.06939697265625,38.540000915527344,1.455314040184021
2071,1994,EGY,64285596.0,286215812013.0,10.727999687194824,381.50494384765625,38.540000915527344,1.443761944770813
2072,1995,EGY,65652621.0,305979220895.0,11.19200038909912,404.7259521484375,38.540000915527344,1.430883526802063
2073,1996,EGY,67028045.0,328668878031.0,11.484000205993652,427.3187561035156,38.540000915527344,1.4034696817398071
2074,1997,EGY,68431738.0,354503266736.0,11.770999908447266,445.6936645507813,38.540000915527344,1.3554188013076782
2075,1998,EGY,69943297.0,380551417847.0,12.104499816894531,464.5144348144531,38.540000915527344,1.314690351486206
2076,1999,EGY,71520953.0,409935668443.0,13.452500343322754,497.1098937988281,38.540000915527344,1.3096903562545776
2077,2000,EGY,73083287.0,444250275939.0,14.260000228881836,526.37060546875,38.540000915527344,1.279759407043457
2078,2001,EGY,74652035.0,475679003242.0,14.59000015258789,550.4415283203125,43.08000183105469,1.2472988367080688
2079,2002,EGY,76239140.0,501912285229.0,14.199999809265137,568.7730102539062,46.81999969482422,1.2158375978469849
2080,2003,EGY,77853548.0,528750466385.0,13.229999542236328,607.6345825195312,51.2599983215332,1.221732497215271
2081,2004,EGY,79477441.0,561597926809.0,13.329999923706056,643.6224975585938,55.0099983215332,1.2144877910614014
2082,2005,EGY,81101012.0,600297394092.0,13.149999618530272,661.7481079101562,59.5,1.1651169061660769
2083,2006,EGY,82700404.0,650403845291.0,13.390000343322754,698.5427856445312,63.66999816894531,1.1325953006744385
2084,2007,EGY,84276224.0,713462332878.0,14.880000114440918,742.501220703125,68.02999877929688,1.0996787548065186
2085,2008,EGY,85864791.0,775303694329.0,16.030000686645508,786.8004760742188,73.08000183105469,1.0729191303253174
2086,2009,EGY,87501635.0,831415021492.0,14.8100004196167,820.3059692382812,77.4000015258789,1.0363913774490356
2087,2010,EGY,89196073.0,898751418203.0,14.390000343322754,855.1743774414062,84.16000366210938,0.9959503412246704
2088,2011,EGY,91093066.0,923052843843.0,14.720000267028809,900.9404296875,87.22000122070312,1.0200648307800293
2089,2012,EGY,93161000.0,950287307199.0,14.869999885559082,939.1378784179688,95.7300033569336,1.0311667919158936
2090,2013,EGY,95333551.0,984556585202.0,14.850000381469728,932.8275756835938,97.26000213623048,0.9885351061820984
2091,2014,EGY,97528655.0,1035721838706.0,14.760000228881836,921.9996337890624,101.3499984741211,0.9287933707237244
2092,2015,EGY,99597334.0,1079611566322.0,15.609999656677246,934.0437622070312,107.69000244140624,0.9041289687156676
2093,2016,EGY,101644583.0,1121578599865.0,15.829999923706056,987.88916015625,111.58999633789062,0.918580949306488
2094,2017,EGY,103696055.0,1158060486104.0,15.5,1029.4949951171875,114.9000015258789,0.9246022701263428
2095,2018,EGY,105682092.0,1220661740193.0,16.459999084472656,1027.78662109375,118.12000274658205,0.8776760697364807
2096,2019,EGY,107553159.0,1289253465646.0,19.59000015258789,996.9415893554688,116.83000183105467,0.8133229613304138
2097,2020,EGY,109315118.0,1307778142529.0,23.76000022888184,924.4927368164062,113.0199966430664,0.7546423673629761
2098,2021,EGY,110957005.0,1400985648780.0,25.36000061035156,994.9290771484376,119.0999984741211,0.7575315833091736
2099,2022,EGY,112618252.0,1460427350416.0,25.61000061035156,1043.381103515625,123.54000091552734,0.7601496577262878
2100,2023,EGY,114535772.0,1460427350416.0,25.96999931335449,1028.197265625,126.77999877929688,0.7601496577262878
2101,2024,EGY,116538256.0,1460427350416.0,26.57999992370605,1057.07080078125,136.3800048828125,0.7601496577262878
2102,2025,EGY,118365995.0,1460427350416.0,31.979999542236328,1057.07080078125,138.38999938964844,0.7601496577262878
2103,1990,SLV,5399728.0,17260964768.0,2.039999961853028,0.0,1.1299999952316284,0.6916317343711853
2104,1991,SLV,5495081.0,18153449125.0,2.039999961853028,0.0,1.1299999952316284,0.7126471400260925
2105,1992,SLV,5585611.0,19825256603.0,2.039999961853028,0.0,1.1299999952316284,0.7470636963844299
2106,1993,SLV,5659959.0,21604952339.0,2.039999961853028,0.0,1.1299999952316284,0.6995372176170349
2107,1994,SLV,5714138.0,23258530978.0,2.039999961853028,0.0,1.1299999952316284,0.7186803817749023
2108,1995,SLV,5762135.0,25119269330.0,2.039999961853028,0.0,1.1299999952316284,0.835873544216156
2109,1996,SLV,5805286.0,25931149474.0,2.039999961853028,0.0,1.1299999952316284,0.8000133037567139
2110,1997,SLV,5844578.0,27444887250.0,2.039999961853028,0.0,1.1299999952316284,0.7807431817054749
2111,1998,SLV,5880786.0,28907125564.0,2.039999961853028,0.0,1.1299999952316284,0.8568496108055115
2112,1999,SLV,5913908.0,30355223155.0,2.039999961853028,0.0,1.1299999952316284,0.8459141850471497
2113,2000,SLV,5943363.0,31478454275.0,2.039999961853028,0.0,1.1299999952316284,0.8387128114700317
2114,2001,SLV,5968058.0,32499941192.0,2.2100000381469727,0.0,1.3200000524520874,0.8130506873130798
2115,2002,SLV,5986629.0,33751219265.0,2.2300000190734863,0.0,1.5099999904632568,0.8181719779968262
2116,2003,SLV,5998597.0,35029541311.0,2.630000114440918,0.0,1.440000057220459,0.8276469707489014
2117,2004,SLV,6004673.0,36185189370.0,2.549999952316284,0.0,1.590000033378601,0.8047733902931213
2118,2005,SLV,6005583.0,38001442916.0,2.900000095367432,0.0,1.559999942779541,0.7784205079078674
2119,2006,SLV,6002321.0,40054319005.0,3.3399999141693115,0.0,1.6799999475479126,0.7694805264472961
2120,2007,SLV,6009820.0,42202462933.0,3.390000104904175,0.0,1.809999942779541,0.760859489440918
2121,2008,SLV,6029302.0,43393063628.0,3.859999895095825,0.0,1.6299999952316284,0.7035293579101562
2122,2009,SLV,6048284.0,42668179532.0,3.319999933242798,0.0,1.809999942779541,0.7095539569854736
2123,2010,SLV,6068253.0,43862777197.0,3.9600000381469727,0.0,1.5499999523162842,0.6951233148574829
2124,2011,SLV,6090128.0,45520507146.0,3.920000076293945,0.0,1.649999976158142,0.6732546091079712
2125,2012,SLV,6113977.0,46608113564.0,3.819999933242798,0.0,1.8200000524520876,0.6742690801620483
2126,2013,SLV,6138845.0,48017379514.0,3.839999914169312,0.0,1.8200000524520876,0.6356487274169922
2127,2014,SLV,6162952.0,49026874064.0,3.7899999618530273,0.0,1.850000023841858,0.6431530714035034
2128,2015,SLV,6183675.0,50319726389.0,3.539999961853028,0.0,1.870000004768372,0.6688625812530518
2129,2016,SLV,6200808.0,51794877474.0,3.660000085830689,0.0,1.899999976158142,0.658858597278595
2130,2017,SLV,6213538.0,53295513328.0,4.150000095367432,0.0,1.1799999475479126,0.6199579834938049
2131,2018,SLV,6219803.0,55053057931.0,4.239999771118164,0.0,1.059999942779541,0.6564136743545532
2132,2019,SLV,6222316.0,56393644127.0,4.409999847412109,0.0,1.4700000286102295,0.7146563529968262
2133,2020,SLV,6234679.0,51960808936.0,5.449999809265137,0.0,0.9800000190734864,0.6461879014968872
2134,2021,SLV,6255780.0,57771997522.0,6.099999904632568,0.0,1.0199999809265137,0.6782020926475525
2135,2022,SLV,6280316.0,59270934820.0,6.019999980926514,0.0,0.75,0.7276875972747803
2136,2023,SLV,6309629.0,59270934820.0,5.25,0.0,0.8100000023841858,0.7276875972747803
2137,2024,SLV,6338197.0,59270934820.0,5.929999828338623,0.0,0.7400000095367432,0.7276875972747803
2138,2025,SLV,6365506.0,59270934820.0,5.590000152587891,0.0,0.8999999761581421,0.7276875972747803
2139,1990,GNQ,474289.0,917854000.0,0.0099999997764825,0.0,0.0399999991059303,0.5497622489929199
2140,1991,GNQ,492220.0,925022421.0,0.0099999997764825,0.0,0.0399999991059303,0.5455018877983093
2141,1992,GNQ,510775.0,1054728158.0,0.0099999997764825,0.0,0.0399999991059303,0.4796945452690124
2142,1993,GNQ,530030.0,1160722252.0,0.0099999997764825,0.0,0.0399999991059303,0.434730589389801
2143,1994,GNQ,550148.0,1275597171.0,0.0099999997764825,0.0,0.0399999991059303,0.3955805897712707
2144,1995,GNQ,571274.0,1433333474.0,0.0099999997764825,0.0,0.0399999991059303,0.3520258367061615
2145,1996,GNQ,593496.0,1938735996.0,0.0099999997764825,0.0,0.0399999991059303,0.2609676420688629
2146,1997,GNQ,616897.0,3808985683.0,0.0099999997764825,0.0,0.0399999991059303,0.1490979790687561
2147,1998,GNQ,641478.0,4506473125.0,0.0099999997764825,0.0,0.0399999991059303,0.174113318324089
2148,1999,GNQ,667222.0,5587884417.0,0.0099999997764825,0.0,0.0399999991059303,0.1404184401035308
2149,2000,GNQ,703287.0,6341192117.0,0.0099999997764825,0.0,0.0399999991059303,0.5088474154472351
2150,2001,GNQ,749836.0,10710877546.0,0.0099999997764825,0.0,0.0399999991059303,0.1702360659837722
2151,2002,GNQ,797968.0,12944267386.0,0.0099999997764825,0.0,0.050000000745058,2.1809139251708984
2152,2003,GNQ,847867.0,14778140796.0,0.0099999997764825,0.0,0.050000000745058,2.0699405670166016
2153,2004,GNQ,899924.0,18414357582.0,0.0099999997764825,0.0,0.0700000002980232,0.3361622393131256
2154,2005,GNQ,947370.0,20168023886.0,0.0099999997764825,0.0,0.0799999982118606,1.1201002597808838
2155,2006,GNQ,990349.0,21346957199.0,0.0099999997764825,0.0,0.0900000035762786,1.293161153793335
2156,2007,GNQ,1036053.0,24766652343.0,0.0099999997764825,0.0,0.1099999994039535,1.233009696006775
2157,2008,GNQ,1084538.0,29298389312.0,0.050000000745058,0.0,0.1299999952316284,1.030122995376587
2158,2009,GNQ,1135683.0,29853093503.0,0.050000000745058,0.0,0.1500000059604644,1.0714259147644043
2159,2010,GNQ,1189097.0,27366671882.0,0.0299999993294477,0.0,0.1700000017881393,1.1240805387496948
2160,2011,GNQ,1241843.0,29285788000.0,0.0299999993294477,0.0,0.2399999946355819,1.129442811012268
2161,2012,GNQ,1293485.0,31730930000.0,0.0799999982118606,0.0,0.4000000059604645,1.0107914209365845
2162,2013,GNQ,1346220.0,30419136000.0,0.25,0.0,0.5299999713897705,1.077887773513794
2163,2014,GNQ,1399829.0,30256854000.0,0.3799999952316284,0.0,0.6299999952316284,1.0117369890213013
2164,2015,GNQ,1453925.0,28026102000.0,0.4699999988079071,0.0,0.7400000095367432,0.9682098031044006
2165,2016,GNQ,1508192.0,25203837269.0,0.4699999988079071,0.0,0.8199999928474426,1.063153862953186
2166,2017,GNQ,1562401.0,23511758900.0,0.4399999976158142,0.0,0.800000011920929,1.2866170406341553
2167,2018,GNQ,1616425.0,21813514918.0,0.4399999976158142,0.0,0.800000011920929,0.9156144261360168
2168,2019,GNQ,1670184.0,20617750095.0,0.449999988079071,0.0,0.8399999737739563,0.9673861265182496
2169,2020,GNQ,1716479.0,19743252847.0,0.4900000095367431,0.0,0.8100000023841858,1.1907927989959717
2170,2021,GNQ,1758796.0,19556604569.0,0.4699999988079071,0.0,0.8500000238418579,1.3784818649291992
2171,2022,GNQ,1803549.0,20191378731.0,0.4799999892711639,0.0,0.9100000262260436,1.404055118560791
2172,2023,GNQ,1847556.0,20191378731.0,0.3499999940395355,0.0,0.949999988079071,1.404055118560791
2173,2024,GNQ,1892523.0,20191378731.0,0.4000000059604645,0.0,0.959999978542328,1.404055118560791
2174,1994,ERI,1913919.0,0.0,0.0,0.0,0.1400000005960464,0.0
2175,1995,ERI,2025273.0,0.0,0.0,0.0,0.1400000005960464,0.0
2176,1996,ERI,2128464.0,0.0,0.0,0.0,0.1400000005960464,0.0
2177,1997,ERI,2152146.0,0.0,0.0,0.0,0.1400000005960464,0.0
2178,1998,ERI,2180423.0,0.0,0.0,0.0,0.1400000005960464,0.0
2179,1999,ERI,2212785.0,0.0,0.0,0.0,0.1400000005960464,0.0
2180,2000,ERI,2247036.0,0.0,0.0,0.0,0.1400000005960464,0.0
2181,2001,ERI,2312083.0,0.0,0.0,0.0,0.1500000059604644,0.0
2182,2002,ERI,2392981.0,0.0,0.0,0.0,0.1700000017881393,0.0
2183,2003,ERI,2493906.0,0.0,0.0,0.0,0.1800000071525573,0.0
2184,2004,ERI,2598288.0,0.0,0.0,0.0,0.1800000071525573,0.0
2185,2005,ERI,2661215.0,0.0,0.0,0.0,0.1899999976158142,0.0
2186,2006,ERI,2703501.0,0.0,0.0,0.0,0.1800000071525573,0.0
2187,2007,ERI,2743226.0,0.0,0.0,0.0,0.1899999976158142,0.0
2188,2008,ERI,2816331.0,0.0,0.0,0.0,0.1800000071525573,0.0
2189,2009,ERI,2887887.0,0.0,0.0,0.0,0.1899999976158142,0.0
2190,2010,ERI,2945184.0,0.0,0.0,0.0,0.2000000029802322,0.0
2191,2011,ERI,2998493.0,0.0,0.0,0.0,0.209999993443489,0.0
2192,2012,ERI,3036998.0,0.0,0.0,0.0,0.209999993443489,0.0
2193,2013,ERI,3074367.0,0.0,0.0,0.0,0.1800000071525573,0.0
2194,2014,ERI,3095168.0,0.0,0.0,0.0,0.1800000071525573,0.0
2195,2015,ERI,3105554.0,0.0,0.0,0.0,0.1700000017881393,0.0
2196,2016,ERI,3124700.0,0.0,0.0,0.0,0.1800000071525573,0.0
2197,2017,ERI,3150350.0,0.0,0.0099999997764825,0.0,0.2199999988079071,0.0
2198,2018,ERI,3192763.0,0.0,0.050000000745058,0.0,0.2199999988079071,0.0
2199,2019,ERI,3240194.0,0.0,0.050000000745058,0.0,0.2300000041723251,0.0
2200,2020,ERI,3291277.0,0.0,0.050000000745058,0.0,0.2399999946355819,0.0
2201,2021,ERI,3350185.0,0.0,0.050000000745058,0.0,0.2399999946355819,0.0
2202,2022,ERI,3409450.0,0.0,0.050000000745058,0.0,0.2599999904632568,0.0
2203,2023,ERI,3470391.0,0.0,0.050000000745058,0.0,0.2899999916553497,0.0
2204,2024,ERI,3535610.0,0.0,0.050000000745058,0.0,0.2599999904632568,0.0
2205,1990,EST,1570309.0,27066096904.0,0.0,127.5850067138672,5.400000095367432,4.713830947875977
2206,1991,EST,1565380.0,23940083198.0,0.0,116.7498779296875,5.400000095367432,4.876753330230713
2207,1992,EST,1540214.0,20201098370.0,0.0,81.28993225097656,5.400000095367432,4.024035453796387
2208,1993,EST,1504344.0,18206161939.0,0.0,67.56243133544922,5.400000095367432,3.710965156555176
2209,1994,EST,1475716.0,17713297126.0,0.0,68.53907012939453,5.400000095367432,3.869357109069824
2210,1995,EST,1452774.0,18632898028.0,0.0099999997764825,62.14620590209961,5.400000095367432,3.336322546005249
2211,1996,EST,1434655.0,19286856884.0,0.0,65.99628448486328,5.400000095367432,3.422654390335083
2212,1997,EST,1421494.0,21171918456.0,0.0099999997764825,65.00199890136719,5.400000095367432,3.071404933929444
2213,1998,EST,1411206.0,21698756967.0,0.0099999997764825,58.296119689941406,5.400000095367432,2.6883761882781982
2214,1999,EST,1403578.0,21126870271.0,0.0099999997764825,53.684532165527344,5.400000095367432,2.543578624725342
2215,2000,EST,1397001.0,23525730943.0,0.0099999997764825,55.305908203125,5.400000095367432,2.3589601516723637
2216,2001,EST,1388174.0,24618992841.0,0.0199999995529651,57.75382614135742,5.380000114440918,2.3496410846710205
2217,2002,EST,1379438.0,25689833693.0,0.0299999993294477,57.50044631958008,5.409999847412109,2.2424070835113525
2218,2003,EST,1370849.0,27160243367.0,0.050000000745058,62.67780303955078,6.489999771118164,2.3127779960632324
2219,2004,EST,1362682.0,28392969678.0,0.0599999986588954,63.92109298706055,6.590000152587891,2.2578299045562744
2220,2005,EST,1354847.0,30566893529.0,0.1099999994039535,64.14088439941406,6.46999979019165,2.1089441776275635
2221,2006,EST,1346885.0,33162229951.0,0.1299999952316284,63.29087829589844,6.150000095367432,1.9202661514282229
2222,2007,EST,1340709.0,35115520992.0,0.1400000005960464,73.30529022216797,7.820000171661377,2.100083589553833
2223,2008,EST,1337078.0,32659893005.0,0.2000000029802322,67.23504638671875,6.699999809265137,2.077655553817749
2224,2009,EST,1334528.0,27402480486.0,0.5400000214576721,57.07078170776367,5.460000038146973,2.143134832382202
2225,2010,EST,1331450.0,27586968284.0,1.0499999523162842,69.84517669677734,7.909999847412109,2.651491403579712
2226,2011,EST,1327366.0,29217295065.0,1.1799999475479126,69.31268310546875,7.789999961853027,2.497244358062744
2227,2012,EST,1322615.0,30160490093.0,1.4700000286102295,68.94181823730469,7.090000152587891,2.436560869216919
2228,2013,EST,1317920.0,30600421813.0,1.2300000190734863,73.68636322021484,8.050000190734863,2.5314481258392334
2229,2014,EST,1314457.0,31521829560.0,1.3899999856948853,69.84308624267578,7.420000076293945,2.352702140808105
2230,2015,EST,1314580.0,32106015454.0,1.559999942779541,63.89152145385742,5.820000171661377,2.13749361038208
2231,2016,EST,1315850.0,33119083785.0,1.590000033378601,65.99987030029297,7.159999847412109,2.1366238594055176
2232,2017,EST,1317430.0,35037377711.0,1.8600000143051147,72.88528442382812,7.670000076293945,2.2400214672088623
2233,2018,EST,1321972.0,36363239216.0,1.9900000095367432,71.62368774414062,7.099999904632568,2.141695737838745
2234,2019,EST,1326822.0,37723175050.0,2.140000104904175,56.05405426025391,3.880000114440918,1.663716197013855
2235,2020,EST,1329675.0,37515273353.0,2.970000028610229,49.4625244140625,2.4600000381469727,1.5655839443206787
2236,2021,EST,1331750.0,40521483538.0,2.869999885559082,52.41119384765625,3.240000009536743,1.5163286924362185
2237,2022,EST,1350093.0,39999856613.0,2.859999895095825,54.66493225097656,4.360000133514404,1.5826635360717771
2238,2023,EST,1367195.0,39999856613.0,2.799999952316284,47.953311920166016,2.2699999809265137,1.5826635360717771
2239,2024,EST,1360548.0,39999856613.0,3.490000009536743,45.41019058227539,2.150000095367432,1.5826635360717771
2240,2025,EST,1344236.0,39999856613.0,3.640000104904175,45.41019058227539,1.950000047683716,1.5826635360717771
2241,1990,SWZ,872436.0,3420534889.0,0.6499999761581421,0.0,0.1099999994039535,0.9172114729881288
2242,1991,SWZ,908193.0,3548878922.0,0.6499999761581421,0.0,0.1099999994039535,0.8769265413284302
2243,1992,SWZ,943426.0,3732391463.0,0.6499999761581421,0.0,0.1099999994039535,0.815639078617096
2244,1993,SWZ,971327.0,3919793436.0,0.6499999761581421,0.0,0.1099999994039535,0.7741045951843262
2245,1994,SWZ,971221.0,4084365870.0,0.6499999761581421,0.0,0.1099999994039535,0.9913359880447388
2246,1995,SWZ,970439.0,4356450718.0,0.6499999761581421,0.0,0.1099999994039535,0.90536630153656
2247,1996,SWZ,989847.0,4598027973.0,0.6499999761581421,0.0,0.1099999994039535,0.8157921433448792
2248,1997,SWZ,1006647.0,4766768452.0,0.6499999761581421,0.0,0.1099999994039535,0.8120538592338562
2249,1998,SWZ,1019657.0,4867682233.0,0.6499999761581421,0.0,0.1099999994039535,1.0058345794677734
2250,1999,SWZ,1030785.0,4986982563.0,0.6499999761581421,0.0,0.1099999994039535,1.0039033889770508
2251,2000,SWZ,1041428.0,5050303320.0,0.6499999761581421,0.0,0.1099999994039535,1.3420690298080444
2252,2001,SWZ,1051066.0,5125500508.0,0.6899999976158142,0.0,0.1199999973177909,1.3472179174423218
2253,2002,SWZ,1059456.0,5280506497.0,0.6899999976158142,0.0,0.1400000005960464,1.3220854997634888
2254,2003,SWZ,1066706.0,5518729007.0,0.6100000143051147,0.0,0.1400000005960464,1.203234314918518
2255,2004,SWZ,1073170.0,5696422388.0,0.550000011920929,0.0,0.1299999952316284,1.114668369293213
2256,2005,SWZ,1079022.0,6002942535.0,0.6000000238418579,0.0,0.1199999973177909,1.0677942037582395
2257,2006,SWZ,1084442.0,6319744849.0,0.6700000166893005,0.0,0.1299999952316284,1.0729295015335083
2258,2007,SWZ,1090713.0,6589486313.0,0.6899999976158142,0.0,0.1299999952316284,1.060320258140564
2259,2008,SWZ,1098098.0,6906669172.0,0.6700000166893005,0.0,0.1299999952316284,0.9841374158859252
2260,2009,SWZ,1105158.0,7131566747.0,0.6399999856948853,0.0,0.1199999973177909,0.9004674553871155
2261,2010,SWZ,1111651.0,7332277029.0,0.7200000286102295,0.0,0.1299999952316284,0.8458316922187805
2262,2011,SWZ,1117845.0,7567466177.0,0.5600000023841858,0.0,0.0900000035762786,0.7525965571403503
2263,2012,SWZ,1123870.0,7793097968.0,0.4799999892711639,0.0,0.0900000035762786,0.705243706703186
2264,2013,SWZ,1130000.0,8126636123.0,0.5600000023841858,0.0,0.0900000035762786,0.6532250046730042
2265,2014,SWZ,1136305.0,8327527350.0,0.4600000083446502,0.0,0.0799999982118606,0.6595287919044495
2266,2015,SWZ,1142822.0,8445665268.0,0.3600000143051147,0.0,0.0700000002980232,0.6682856678962708
2267,2016,SWZ,1149516.0,8545156780.0,0.3300000131130218,0.0,0.0799999982118606,0.6874672770500183
2268,2017,SWZ,1158198.0,8725282454.0,0.4099999964237213,0.0,0.0599999986588954,0.6981804966926575
2269,2018,SWZ,1168933.0,8936238936.0,0.4699999988079071,0.0,0.0700000002980232,0.7144727110862732
2270,2019,SWZ,1179885.0,9177836965.0,0.449999988079071,0.0,0.1000000014901161,0.7517444491386414
2271,2020,SWZ,1192734.0,9034694873.0,0.4699999988079071,0.0,0.0799999982118606,0.7562330365180969
2272,2021,SWZ,1206598.0,9746927305.0,0.4900000095367431,0.0,0.0700000002980232,0.6811147332191467
2273,2022,SWZ,1218921.0,9594910875.0,0.5299999713897705,0.0,0.0700000002980232,0.6523017883300781
2274,2023,SWZ,1230507.0,9594910875.0,0.6399999856948853,0.0,0.0799999982118606,0.6523017883300781
2275,2024,SWZ,1242829.0,9594910875.0,0.5899999737739563,0.0,0.0799999982118606,0.6523017883300781
2276,1990,ETH,47609760.0,45030920800.0,1.6699999570846558,0.0,0.0599999986588954,0.2941887378692627
2277,1991,ETH,49717203.0,41447817951.0,1.6699999570846558,0.0,0.0599999986588954,0.2692501544952392
2278,1992,ETH,51853756.0,37455354506.0,1.6699999570846558,0.0,0.0599999986588954,0.4208142757415771
2279,1993,ETH,53708892.0,37874279529.0,1.6699999570846558,0.0,0.0599999986588954,0.3892397582530975
2280,1994,ETH,55611514.0,40711848289.0,1.6699999570846558,0.0,0.0599999986588954,0.2511746883392334
2281,1995,ETH,57537340.0,42631100913.0,1.6699999570846558,0.0,0.0599999986588954,0.2584962546825409
2282,1996,ETH,59467640.0,46130264957.0,1.6699999570846558,0.0,0.0599999986588954,0.1868200898170471
2283,1997,ETH,61404541.0,49275077370.0,1.6699999570846558,0.0,0.0599999986588954,0.1756181418895721
2284,1998,ETH,63363523.0,48734081758.0,1.6699999570846558,0.0,0.0599999986588954,0.2485610544681549
2285,1999,ETH,65374561.0,48438288398.0,1.6699999570846558,0.0,0.0599999986588954,0.3076111078262329
2286,2000,ETH,67411496.0,50326965912.0,1.6699999570846558,0.0,0.0599999986588954,0.3187675178050995
2287,2001,ETH,69487767.0,52434129516.0,2.0199999809265137,0.0,0.0700000002980232,0.3246455192565918
2288,2002,ETH,71635521.0,54501781462.0,2.039999961853028,0.0,0.0700000002980232,0.3233585655689239
2289,2003,ETH,73832664.0,53892038989.0,2.309999942779541,0.0,0.0700000002980232,0.3512317538261413
2290,2004,ETH,76077211.0,55845384136.0,2.549999952316284,0.0,0.0799999982118606,0.3608044683933258
2291,2005,ETH,78367476.0,61634778962.0,2.869999885559082,0.0,0.0900000035762786,0.377966821193695
2292,2006,ETH,80703495.0,67217118145.0,3.289999961853028,0.0,0.1000000014901161,0.3768939971923828
2293,2007,ETH,83103218.0,73421784125.0,3.390000104904175,0.0,0.1199999973177909,0.3879019618034363
2294,2008,ETH,85543670.0,79756503135.0,3.319999933242798,0.0,0.1000000014901161,0.3796854615211487
2295,2009,ETH,88007641.0,86391027022.0,3.559999942779541,0.0,0.1299999952316284,0.3608158528804779
2296,2010,ETH,90538518.0,94148625646.0,4.960000038146973,0.0,0.1599999964237213,0.3470667600631714
2297,2011,ETH,93149977.0,104948629242.0,6.289999961853027,0.0,0.1899999976158142,0.3401146829128265
2298,2012,ETH,95798771.0,116345224724.0,7.550000190734863,0.0,0.1899999976158142,0.336705207824707
2299,2013,ETH,98438752.0,128310309167.0,8.65999984741211,0.0,0.2199999988079071,0.3578705489635467
2300,2014,ETH,101115615.0,141950543442.0,9.470000267028809,0.0,0.2199999988079071,0.3713925778865814
2301,2015,ETH,103867140.0,157107146471.0,10.390000343322754,0.0,0.25,0.3525405824184418
2302,2016,ETH,106718163.0,173708917362.0,12.470000267028809,0.0,0.3000000119209289,0.367177814245224
2303,2017,ETH,109666482.0,190761659136.0,13.119999885559082,0.0,0.3100000023841858,0.3340727984905243
2304,2018,ETH,112664157.0,206205566995.0,14.229999542236328,0.0,0.3400000035762787,0.3356710970401764
2305,2019,ETH,115737384.0,221885291686.0,15.300000190734863,0.0,0.3700000047683716,0.3589856624603271
2306,2020,ETH,118917670.0,237860193068.0,15.609999656677246,0.0,0.3799999952316284,0.2883665263652801
2307,2021,ETH,122138588.0,251849804145.0,15.779999732971191,0.0,0.3600000143051147,0.2837623655796051
2308,2022,ETH,125384285.0,269977225159.0,17.40999984741211,0.0,0.4099999964237213,0.2983368039131164
2309,2023,ETH,128691695.0,269977225159.0,17.770000457763672,0.0,0.4199999868869781,0.2983368039131164
2310,2024,ETH,132059770.0,269977225159.0,25.200000762939453,0.0,0.5899999737739563,0.2983368039131164
2311,2025,ETH,135472048.0,269977225159.0,33.369998931884766,0.0,0.7699999809265137,0.2983368039131164
2312,1990,FLK,2368.0,0.0,0.0,0.0,0.0099999997764825,0.0
2313,1991,FLK,2417.0,0.0,0.0,0.0,0.0099999997764825,0.0
2314,1992,FLK,2503.0,0.0,0.0,0.0,0.0099999997764825,0.0
2315,1993,FLK,2596.0,0.0,0.0,0.0,0.0099999997764825,0.0
2316,1994,FLK,2687.0,0.0,0.0,0.0,0.0099999997764825,0.0
2317,1995,FLK,2789.0,0.0,0.0,0.0,0.0099999997764825,0.0
2318,1996,FLK,2871.0,0.0,0.0,0.0,0.0099999997764825,0.0
2319,1997,FLK,2929.0,0.0,0.0,0.0,0.0099999997764825,0.0
2320,1998,FLK,2995.0,0.0,0.0,0.0,0.0099999997764825,0.0
2321,1999,FLK,3055.0,0.0,0.0,0.0,0.0099999997764825,0.0
2322,2000,FLK,3119.0,0.0,0.0,0.0,0.0099999997764825,0.0
2323,2001,FLK,3167.0,0.0,0.0,0.0,0.0099999997764825,0.0
2324,2002,FLK,3193.0,0.0,0.0,0.0,0.0099999997764825,0.0
2325,2003,FLK,3212.0,0.0,0.0,0.0,0.0099999997764825,0.0
2326,2004,FLK,3230.0,0.0,0.0,0.0,0.0099999997764825,0.0
2327,2005,FLK,3242.0,0.0,0.0,0.0,0.0099999997764825,0.0
2328,2006,FLK,3254.0,0.0,0.0,0.0,0.0099999997764825,0.0
2329,2007,FLK,3249.0,0.0,0.0,0.0,0.0099999997764825,0.0
2330,2008,FLK,3244.0,0.0,0.0,0.0,0.0099999997764825,0.0
2331,2009,FLK,3233.0,0.0,0.0,0.0,0.0099999997764825,0.0
2332,2010,FLK,3218.0,0.0,0.0,0.0,0.0099999997764825,0.0
2333,2011,FLK,3205.0,0.0,0.0099999997764825,0.0,0.0099999997764825,0.0
2334,2012,FLK,3223.0,0.0,0.0099999997764825,0.0,0.0099999997764825,0.0
2335,2013,FLK,3291.0,0.0,0.0099999997764825,0.0,0.0099999997764825,0.0
2336,2014,FLK,3362.0,0.0,0.0099999997764825,0.0,0.0099999997764825,0.0
2337,2015,FLK,3432.0,0.0,0.0099999997764825,0.0,0.0099999997764825,0.0
2338,2016,FLK,3499.0,0.0,0.0099999997764825,0.0,0.0099999997764825,0.0
2339,2017,FLK,3541.0,0.0,0.0,0.0,0.0099999997764825,0.0
2340,2018,FLK,3549.0,0.0,0.0,0.0,0.0099999997764825,0.0
2341,2019,FLK,3541.0,0.0,0.0,0.0,0.0099999997764825,0.0
2342,2020,FLK,3537.0,0.0,0.0,0.0,0.0099999997764825,0.0
2343,2021,FLK,3524.0,0.0,0.0,0.0,0.0099999997764825,0.0
2344,2022,FLK,3515.0,0.0,0.0,0.0,0.0099999997764825,0.0
2345,2023,FLK,3498.0,0.0,0.0,0.0,0.0099999997764825,0.0
2346,1990,FRO,47525.0,0.0,0.0799999982118606,0.0,0.0900000035762786,0.0
2347,1991,FRO,46839.0,0.0,0.0799999982118606,0.0,0.0900000035762786,0.0
2348,1992,FRO,46043.0,0.0,0.0799999982118606,0.0,0.0900000035762786,0.0
2349,1993,FRO,45160.0,0.0,0.0799999982118606,0.0,0.0900000035762786,0.0
2350,1994,FRO,44195.0,0.0,0.0799999982118606,0.0,0.0900000035762786,0.0
2351,1995,FRO,43863.0,0.0,0.0799999982118606,0.0,0.0900000035762786,0.0
2352,1996,FRO,44203.0,0.0,0.0799999982118606,0.0,0.0900000035762786,0.0
2353,1997,FRO,44568.0,0.0,0.0799999982118606,0.0,0.0900000035762786,0.0
2354,1998,FRO,44920.0,0.0,0.0799999982118606,0.0,0.0900000035762786,0.0
2355,1999,FRO,45242.0,0.0,0.0799999982118606,0.0,0.0900000035762786,0.0
2356,2000,FRO,45687.0,0.0,0.0799999982118606,0.0,0.0900000035762786,0.0
2357,2001,FRO,46262.0,0.0,0.0799999982118606,0.0,0.1099999994039535,0.0
2358,2002,FRO,46852.0,0.0,0.1000000014901161,0.0,0.0900000035762786,0.0
2359,2003,FRO,47448.0,0.0,0.0799999982118606,0.0,0.1099999994039535,0.0
2360,2004,FRO,48041.0,0.0,0.1000000014901161,0.0,0.1000000014901161,0.0
2361,2005,FRO,48386.0,0.0,0.1099999994039535,0.0,0.0900000035762786,0.0
2362,2006,FRO,48456.0,0.0,0.1099999994039535,0.0,0.0900000035762786,0.0
2363,2007,FRO,48498.0,0.0,0.1199999973177909,0.0,0.1000000014901161,0.0
2364,2008,FRO,48528.0,0.0,0.1000000014901161,0.0,0.1099999994039535,0.0
2365,2009,FRO,48512.0,0.0,0.1000000014901161,0.0,0.1099999994039535,0.0
2366,2010,FRO,48191.0,0.0,0.0799999982118606,0.0,0.1299999952316284,0.0
2367,2011,FRO,47957.0,0.0,0.1000000014901161,0.0,0.1099999994039535,0.0
2368,2012,FRO,48113.0,0.0,0.1099999994039535,0.0,0.1199999973177909,0.0
2369,2013,FRO,48297.0,0.0,0.1099999994039535,0.0,0.1199999973177909,0.0
2370,2014,FRO,48515.0,0.0,0.1599999964237213,0.0,0.1000000014901161,0.0
2371,2015,FRO,48916.0,0.0,0.1899999976158142,0.0,0.0900000035762786,0.0
2372,2016,FRO,49554.0,0.0,0.1500000059604644,0.0,0.1099999994039535,0.0
2373,2017,FRO,50268.0,0.0,0.1700000017881393,0.0,0.1099999994039535,0.0
2374,2018,FRO,51062.0,0.0,0.1700000017881393,0.0,0.1199999973177909,0.0
2375,2019,FRO,51868.0,0.0,0.1500000059604644,0.0,0.1500000059604644,0.0
2376,2020,FRO,52615.0,0.0,0.1599999964237213,0.0,0.1599999964237213,0.0
2377,2021,FRO,53324.0,0.0,0.1700000017881393,0.0,0.1700000017881393,0.0
2378,2022,FRO,54039.0,0.0,0.2199999988079071,0.0,0.1700000017881393,0.0
2379,2023,FRO,54738.0,0.0,0.2300000041723251,0.0,0.1700000017881393,0.0
2380,1990,FJI,773325.0,0.0,0.5400000214576721,0.0,0.1800000071525573,0.0
2381,1991,FJI,779666.0,0.0,0.5400000214576721,0.0,0.1800000071525573,0.0
2382,1992,FJI,785349.0,0.0,0.5400000214576721,0.0,0.1800000071525573,0.0
2383,1993,FJI,790380.0,0.0,0.5400000214576721,0.0,0.1800000071525573,0.0
2384,1994,FJI,794779.0,0.0,0.5400000214576721,0.0,0.1800000071525573,0.0
2385,1995,FJI,798750.0,0.0,0.5400000214576721,0.0,0.1800000071525573,0.0
2386,1996,FJI,803788.0,0.0,0.5400000214576721,0.0,0.1800000071525573,0.0
2387,1997,FJI,812145.0,0.0,0.5400000214576721,0.0,0.1800000071525573,0.0
2388,1998,FJI,822259.0,0.0,0.5400000214576721,0.0,0.1800000071525573,0.0
2389,1999,FJI,831835.0,0.0,0.5400000214576721,0.0,0.1800000071525573,0.0
2390,2000,FJI,840913.0,0.0,0.5400000214576721,0.0,0.1800000071525573,0.0
2391,2001,FJI,849606.0,0.0,0.5899999737739563,0.0,0.1700000017881393,0.0
2392,2002,FJI,858057.0,0.0,0.5799999833106995,0.0,0.2000000029802322,0.0
2393,2003,FJI,866297.0,0.0,0.4699999988079071,0.0,0.3000000119209289,0.0
2394,2004,FJI,874369.0,0.0,0.5,0.0,0.2899999916553497,0.0
2395,2005,FJI,882384.0,0.0,0.4699999988079071,0.0,0.3199999928474426,0.0
2396,2006,FJI,890370.0,0.0,0.4699999988079071,0.0,0.3199999928474426,0.0
2397,2007,FJI,897843.0,0.0,0.6100000143051147,0.0,0.209999993443489,0.0
2398,2008,FJI,903403.0,0.0,0.5699999928474426,0.0,0.2000000029802322,0.0
2399,2009,FJI,907248.0,0.0,0.5199999809265137,0.0,0.2199999988079071,0.0
2400,2010,FJI,910427.0,0.0,0.4600000083446502,0.0,0.3000000119209289,0.0
2401,2011,FJI,912991.0,0.0,0.4900000095367431,0.0,0.2599999904632568,0.0
2402,2012,FJI,914920.0,0.0,0.5699999928474426,0.0,0.209999993443489,0.0
2403,2013,FJI,916359.0,0.0,0.5600000023841858,0.0,0.2300000041723251,0.0
2404,2014,FJI,917589.0,0.0,0.4399999976158142,0.0,0.3300000131130218,0.0
2405,2015,FJI,918585.0,0.0,0.449999988079071,0.0,0.3400000035762787,0.0
2406,2016,FJI,919167.0,0.0,0.5199999809265137,0.0,0.2899999916553497,0.0
2407,2017,FJI,918762.0,0.0,0.5099999904632568,0.0,0.3499999940395355,0.0
2408,2018,FJI,917185.0,0.0,0.6499999761581421,0.0,0.3300000131130218,0.0
2409,2019,FJI,914906.0,0.0,0.6600000262260437,0.0,0.3499999940395355,0.0
2410,2020,FJI,914971.0,0.0,0.6800000071525574,0.0,0.2899999916553497,0.0
2411,2021,FJI,916718.0,0.0,0.6600000262260437,0.0,0.2899999916553497,0.0
2412,2022,FJI,919428.0,0.0,0.6499999761581421,0.0,0.3000000119209289,0.0
2413,2023,FJI,924150.0,0.0,0.7300000190734863,0.0,0.3199999928474426,0.0
2414,2024,FJI,928800.0,0.0,0.7300000190734863,0.0,0.3199999928474426,0.0
2415,1990,FIN,4986576.0,134055215099.0,16.020000457763672,220.15293884277344,17.270000457763672,2.4113118648529053
2416,1991,FIN,5013889.0,126220143051.0,18.200000762939453,220.41238403320312,17.270000457763672,2.6204843521118164
2417,1992,FIN,5042145.0,122116750127.0,20.059999465942383,214.54428100585935,17.270000457763672,2.699671745300293
2418,1993,FIN,5066594.0,121309307835.0,19.440000534057617,217.0834503173828,17.270000457763672,2.741016387939453
2419,1994,FIN,5088454.0,126178680040.0,18.270000457763672,238.39242553710935,17.270000457763672,2.766167402267456
2420,1995,FIN,5107919.0,131586003036.0,19.549999237060547,218.86575317382807,17.270000457763672,2.528685569763184
2421,1996,FIN,5124715.0,136506127418.0,17.760000228881836,238.3111267089844,17.270000457763672,2.545517921447754
2422,1997,FIN,5139927.0,145148158927.0,20.149999618530277,231.6507568359375,17.270000457763672,2.42773175239563
2423,1998,FIN,5153545.0,153138899026.0,24.399999618530277,227.86587524414065,17.270000457763672,2.378523111343384
2424,1999,FIN,5165516.0,160063696383.0,21.190000534057617,227.3243408203125,17.270000457763672,2.2312941551208496
2425,2000,FIN,5176197.0,169209765102.0,23.3799991607666,224.1629943847656,17.270000457763672,2.122275829315185
2426,2001,FIN,5187970.0,173703951475.0,21.540000915527344,237.284912109375,21.209999084472656,2.112177848815918
2427,2002,FIN,5200548.0,176751491921.0,19.82999992370605,245.9748077392578,23.690000534057617,2.08636474609375
2428,2003,FIN,5212958.0,180408462125.0,19.059999465942383,273.5923767089844,31.299999237060547,2.189075231552124
2429,2004,FIN,5228147.0,187633923914.0,25.6299991607666,253.28289794921875,27.93000030517578,2.095857620239258
2430,2005,FIN,5246078.0,192990732516.0,23.459999084472656,223.27708435058597,16.290000915527344,1.852667570114136
2431,2006,FIN,5266248.0,200966858669.0,22.459999084472656,253.28436279296875,27.6299991607666,1.9083356857299805
2432,2007,FIN,5288715.0,211541390078.0,24.31999969482422,246.212890625,25.09000015258789,1.8067028522491453
2433,2008,FIN,5313379.0,213226105706.0,27.770000457763672,223.68833923339844,19.040000915527344,1.7281914949417114
2434,2009,FIN,5338854.0,195739132370.0,21.700000762939453,212.70074462890625,19.899999618530277,1.7435845136642456
2435,2010,FIN,5363347.0,201746033638.0,24.18000030517578,237.3933258056641,25.38999938964844,1.8403862714767456
2436,2011,FIN,5388236.0,207084301562.0,24.18000030517578,214.8258819580078,19.709999084472656,1.689760684967041
2437,2012,FIN,5413978.0,204190196792.0,28.559999465942383,194.5039520263672,15.149999618530272,1.6673609018325806
2438,2013,FIN,5439057.0,202349011206.0,25.6299991607666,202.2497100830078,18.36000061035156,1.6891632080078125
2439,2014,FIN,5461686.0,201610622550.0,26.280000686645508,186.6282196044922,15.420000076293944,1.6359400749206543
2440,2015,FIN,5479719.0,202706706722.0,30.530000686645508,175.87355041503906,12.489999771118164,1.6225084066390991
2441,2016,FIN,5495468.0,208405735062.0,30.40999984741211,185.296630859375,13.720000267028809,1.6030429601669312
2442,2017,FIN,5508398.0,215058877437.0,31.46999931335449,175.71263122558594,12.56999969482422,1.5215177536010742
2443,2018,FIN,5515730.0,217509947213.0,32.13999938964844,180.04238891601562,13.579999923706056,1.5348308086395264
2444,2019,FIN,5521754.0,220173891564.0,31.8799991607666,170.72146606445312,11.770000457763672,1.4851511716842651
2445,2020,FIN,5529616.0,214988893865.0,35.93000030517578,150.22483825683594,9.020000457763672,1.4603075981140137
2446,2021,FIN,5541069.0,221538476826.0,38.18000030517578,146.35484313964844,9.779999732971191,1.4470491409301758
2447,2022,FIN,5569300.0,226154847456.0,38.65999984741211,142.4013214111328,9.380000114440918,1.4159835577011108
2448,2023,FIN,5601185.0,226154847456.0,42.29999923706055,125.72906494140624,6.619999885559082,1.4159835577011108
2449,2024,FIN,5617311.0,226154847456.0,46.11000061035156,120.25961303710938,5.5,1.4159835577011108
2450,2025,FIN,5623328.0,226154847456.0,46.470001220703125,120.25961303710938,4.730000019073486,1.4159835577011108
2451,1990,FRA,56990239.0,1636207672000.0,54.619998931884766,1593.2252197265625,42.47999954223633,1.6194907426834106
2452,1991,FRA,57271564.0,1654070164992.0,58.43000030517578,1716.953857421875,42.47999954223633,1.7134557962417605
2453,1992,FRA,57554867.0,1681416991070.0,69.62000274658203,1686.8057861328125,42.47999954223633,1.6997216939926147
2454,1993,FRA,57801261.0,1671995828699.0,65.2699966430664,1610.580078125,42.47999954223633,1.706875205039978
2455,1994,FRA,57999868.0,1712086429935.0,79.19000244140625,1562.3165283203125,42.47999954223633,1.649893045425415
2456,1995,FRA,58192207.0,1748659531786.0,73.66000366210938,1608.3944091796875,42.47999954223633,1.660813808441162
2457,1996,FRA,58380638.0,1773843233893.0,67.0999984741211,1679.229248046875,42.47999954223633,1.6982043981552124
2458,1997,FRA,58568662.0,1816394950229.0,64.79000091552734,1642.9521484375,42.47999954223633,1.6327283382415771
2459,1998,FRA,58778817.0,1882050330390.0,63.43999862670898,1741.22216796875,42.47999954223633,1.613783597946167
2460,1999,FRA,59084209.0,1949849405155.0,73.70999908447266,1732.63720703125,42.47999954223633,1.5785917043685913
2461,2000,FRA,59483716.0,2031676031476.0,67.83000183105469,1730.306396484375,42.47999954223633,1.5346487760543823
2462,2001,FRA,59905131.0,2077786711965.0,76.08999633789062,1723.065673828125,37.2400016784668,1.5126895904541016
2463,2002,FRA,60327247.0,2107316572579.0,62.68999862670898,1703.3438720703125,41.459999084472656,1.4800431728363037
2464,2003,FRA,60741119.0,2130940712046.0,61.470001220703125,1738.046875,45.209999084472656,1.4796477556228638
2465,2004,FRA,61175244.0,2196883540402.0,62.41999816894531,1751.327392578125,43.709999084472656,1.4475641250610352
2466,2005,FRA,61625031.0,2238790479440.0,54.97999954223633,1744.266845703125,48.68000030517578,1.4088317155838013
2467,2006,FRA,62049831.0,2297018080700.0,60.90999984741211,1713.0303955078125,43.43999862670898,1.362170696258545
2468,2007,FRA,62432438.0,2354672057875.0,64.30000305175781,1678.67333984375,45.0099983215332,1.3062496185302734
2469,2008,FRA,62780187.0,2362451821701.0,72.33000183105469,1664.64697265625,43.11000061035156,1.305781006813049
2470,2009,FRA,63106460.0,2295352990111.0,68.1500015258789,1586.6134033203125,39.97999954223633,1.2673041820526123
2471,2010,FRA,63417366.0,2342490492199.0,76.68000030517578,1613.470703125,44.18000030517578,1.281213641166687
2472,2011,FRA,63733776.0,2393401943613.0,66.0199966430664,1517.901611328125,42.36000061035156,1.2107075452804563
2473,2012,FRA,64058465.0,2400896391731.0,85.25,1513.1710205078125,44.040000915527344,1.2057406902313232
2474,2013,FRA,64387736.0,2414733629218.0,99.43000030517578,1516.781494140625,44.0,1.2113357782363892
2475,2014,FRA,64692495.0,2437822780219.0,94.02999877929688,1375.717041015625,29.56999969482422,1.1476560831069946
2476,2015,FRA,64916337.0,2464953810985.0,91.83999633789062,1412.4532470703125,33.970001220703125,1.1454278230667114
2477,2016,FRA,65086853.0,2491956183265.0,99.0,1432.8115234375,38.34999847412109,1.1102110147476196
2478,2017,FRA,65284775.0,2549057506683.0,91.91000366210938,1458.230224609375,43.52000045776367,1.0812737941741943
2479,2018,FRA,65519537.0,2596599107835.0,113.8499984741211,1408.239990234375,34.529998779296875,1.0746475458145142
2480,2019,FRA,65729460.0,2644453795826.0,112.9000015258789,1388.441162109375,33.810001373291016,1.0328588485717771
2481,2020,FRA,65905273.0,2438594133224.0,125.02999877929688,1197.5147705078125,31.149999618530277,1.0023256540298462
2482,2021,FRA,66083547.0,2604822841790.0,122.0999984741211,1296.50537109375,32.90999984741211,0.9972119927406312
2483,2022,FRA,66277412.0,2671568767031.0,113.37000274658205,1240.2965087890625,36.790000915527344,0.8632350564002991
2484,2023,FRA,66438828.0,2671568767031.0,139.49000549316406,1166.84619140625,27.6299991607666,0.8632350564002991
2485,2024,FRA,66548532.0,2671568767031.0,152.6699981689453,1144.72412109375,22.739999771118164,0.8632350564002991
2486,2025,FRA,66650804.0,2671568767031.0,148.55999755859375,1144.72412109375,23.6200008392334,0.8632350564002991
2487,1990,GUF,112699.0,0.0,0.4099999964237213,0.0,0.0399999991059303,0.0
2488,1991,GUF,116988.0,0.0,0.4099999964237213,0.0,0.0399999991059303,0.0
2489,1992,GUF,121257.0,0.0,0.4099999964237213,0.0,0.0399999991059303,0.0
2490,1993,GUF,125658.0,0.0,0.4099999964237213,0.0,0.0399999991059303,0.0
2491,1994,GUF,130128.0,0.0,0.4099999964237213,0.0,0.0399999991059303,0.0
2492,1995,GUF,134644.0,0.0,0.4099999964237213,0.0,0.0399999991059303,0.0
2493,1996,GUF,139180.0,0.0,0.4099999964237213,0.0,0.0399999991059303,0.0
2494,1997,GUF,143736.0,0.0,0.4099999964237213,0.0,0.0399999991059303,0.0
2495,1998,GUF,148390.0,0.0,0.4099999964237213,0.0,0.0399999991059303,0.0
2496,1999,GUF,153752.0,0.0,0.4099999964237213,0.0,0.0399999991059303,0.0
2497,2000,GUF,160633.0,0.0,0.4099999964237213,0.0,0.0399999991059303,0.0
2498,2001,GUF,168544.0,0.0,0.4199999868869781,0.0,0.1299999952316284,0.0
2499,2002,GUF,176719.0,0.0,0.4199999868869781,0.0,0.1500000059604644,0.0
2500,2003,GUF,185101.0,0.0,0.3400000035762787,0.0,0.2300000041723251,0.0
2501,2004,GUF,193656.0,0.0,0.4099999964237213,0.0,0.1800000071525573,0.0
2502,2005,GUF,202452.0,0.0,0.4300000071525574,0.0,0.1899999976158142,0.0
2503,2006,GUF,210976.0,0.0,0.5400000214576721,0.0,0.1400000005960464,0.0
2504,2007,GUF,219123.0,0.0,0.5,0.0,0.1599999964237213,0.0
2505,2008,GUF,226106.0,0.0,0.5,0.0,0.1700000017881393,0.0
2506,2009,GUF,230715.0,0.0,0.3499999940395355,0.0,0.2899999916553497,0.0
2507,2010,GUF,234578.0,0.0,0.4699999988079071,0.0,0.25,0.0
2508,2011,GUF,239525.0,0.0,0.5099999904632568,0.0,0.2199999988079071,0.0
2509,2012,GUF,245784.0,0.0,0.6200000047683716,0.0,0.1899999976158142,0.0
2510,2013,GUF,253250.0,0.0,0.5400000214576721,0.0,0.2399999946355819,0.0
2511,2014,GUF,260564.0,0.0,0.5600000023841858,0.0,0.25,0.0
2512,2015,GUF,266377.0,0.0,0.550000011920929,0.0,0.2599999904632568,0.0
2513,2016,GUF,271278.0,0.0,0.5,0.0,0.2800000011920929,0.0
2514,2017,GUF,276158.0,0.0,0.6200000047683716,0.0,0.209999993443489,0.0
2515,2018,GUF,280972.0,0.0,0.6000000238418579,0.0,0.2300000041723251,0.0
2516,2019,GUF,285574.0,0.0,0.4699999988079071,0.0,0.3300000131130218,0.0
2517,2020,GUF,289063.0,0.0,0.5,0.0,0.3100000023841858,0.0
2518,2021,GUF,293023.0,0.0,0.6800000071525574,0.0,0.209999993443489,0.0
2519,2022,GUF,298319.0,0.0,0.6800000071525574,0.0,0.2000000029802322,0.0
2520,2023,GUF,303408.0,0.0,0.6399999856948853,0.0,0.2399999946355819,0.0
2521,1990,PYF,203780.0,0.0,0.1199999973177909,0.0,0.1899999976158142,0.0
2522,1991,PYF,207755.0,0.0,0.1199999973177909,0.0,0.1899999976158142,0.0
2523,1992,PYF,211570.0,0.0,0.1199999973177909,0.0,0.1899999976158142,0.0
2524,1993,PYF,215229.0,0.0,0.1199999973177909,0.0,0.1899999976158142,0.0
2525,1994,PYF,218747.0,0.0,0.1199999973177909,0.0,0.1899999976158142,0.0
2526,1995,PYF,222128.0,0.0,0.1199999973177909,0.0,0.1899999976158142,0.0
2527,1996,PYF,225500.0,0.0,0.1199999973177909,0.0,0.1899999976158142,0.0
2528,1997,PYF,229132.0,0.0,0.1199999973177909,0.0,0.1899999976158142,0.0
2529,1998,PYF,232898.0,0.0,0.1199999973177909,0.0,0.1899999976158142,0.0
2530,1999,PYF,236606.0,0.0,0.1199999973177909,0.0,0.1899999976158142,0.0
2531,2000,PYF,240346.0,0.0,0.1199999973177909,0.0,0.1899999976158142,0.0
2532,2001,PYF,244107.0,0.0,0.1000000014901161,0.0,0.209999993443489,0.0
2533,2002,PYF,247785.0,0.0,0.1299999952316284,0.0,0.2199999988079071,0.0
2534,2003,PYF,251650.0,0.0,0.1500000059604644,0.0,0.209999993443489,0.0
2535,2004,PYF,255663.0,0.0,0.1800000071525573,0.0,0.2399999946355819,0.0
2536,2005,PYF,259517.0,0.0,0.1800000071525573,0.0,0.2199999988079071,0.0
2537,2006,PYF,263234.0,0.0,0.2000000029802322,0.0,0.2199999988079071,0.0
2538,2007,PYF,266448.0,0.0,0.2199999988079071,0.0,0.2300000041723251,0.0
2539,2008,PYF,268390.0,0.0,0.209999993443489,0.0,0.2399999946355819,0.0
2540,2009,PYF,269494.0,0.0,0.209999993443489,0.0,0.2399999946355819,0.0
2541,2010,PYF,270590.0,0.0,0.270000010728836,0.0,0.3499999940395355,0.0
2542,2011,PYF,271734.0,0.0,0.2300000041723251,0.0,0.3499999940395355,0.0
2543,2012,PYF,273092.0,0.0,0.209999993443489,0.0,0.3400000035762787,0.0
2544,2013,PYF,274736.0,0.0,0.1700000017881393,0.0,0.3400000035762787,0.0
2545,2014,PYF,276391.0,0.0,0.2000000029802322,0.0,0.3199999928474426,0.0
2546,2015,PYF,277877.0,0.0,0.2000000029802322,0.0,0.3199999928474426,0.0
2547,2016,PYF,279180.0,0.0,0.209999993443489,0.0,0.3100000023841858,0.0
2548,2017,PYF,280096.0,0.0,0.2199999988079071,0.0,0.3100000023841858,0.0
2549,2018,PYF,279823.0,0.0,0.2000000029802322,0.0,0.3199999928474426,0.0
2550,2019,PYF,279040.0,0.0,0.2000000029802322,0.0,0.3199999928474426,0.0
2551,2020,PYF,279218.0,0.0,0.2000000029802322,0.0,0.3000000119209289,0.0
2552,2021,PYF,279808.0,0.0,0.1899999976158142,0.0,0.3100000023841858,0.0
2553,2022,PYF,280388.0,0.0,0.2399999946355819,0.0,0.3100000023841858,0.0
2554,2023,PYF,281125.0,0.0,0.2399999946355819,0.0,0.3100000023841858,0.0
2555,2024,PYF,281816.0,0.0,0.25,0.0,0.3100000023841858,0.0
2556,1990,GAB,983740.0,7172590144.0,0.8100000023841858,0.0,0.4000000059604645,1.5634297132492063
2557,1991,GAB,1010821.0,7974667240.0,0.8100000023841858,0.0,0.4000000059604645,1.4493550062179563
2558,1992,GAB,1038386.0,7946205803.0,0.8100000023841858,0.0,0.4000000059604645,1.499759316444397
2559,1993,GAB,1066404.0,8684711681.0,0.8100000023841858,0.0,0.4000000059604645,1.292834758758545
2560,1994,GAB,1094724.0,9485805468.0,0.8100000023841858,0.0,0.4000000059604645,1.2111496925354004
2561,1995,GAB,1123212.0,10240919781.0,0.8100000023841858,0.0,0.4000000059604645,1.0332820415496826
2562,1996,GAB,1152018.0,11022743781.0,0.8100000023841858,0.0,0.4000000059604645,1.0103081464767456
2563,1997,GAB,1181445.0,12164042989.0,0.8100000023841858,0.0,0.4000000059604645,0.963079571723938
2564,1998,GAB,1211744.0,13062140404.0,0.8100000023841858,0.0,0.4000000059604645,0.8728390336036682
2565,1999,GAB,1243023.0,12170660106.0,0.8100000023841858,0.0,0.4000000059604645,1.0984359979629517
2566,2000,GAB,1275578.0,12538030035.0,0.8100000023841858,0.0,0.4000000059604645,0.7892522215843201
2567,2001,GAB,1309594.0,13408080502.0,0.8799999952316284,0.0,0.4300000071525574,0.7922395467758179
2568,2002,GAB,1345142.0,13745891364.0,0.9200000166893004,0.0,0.449999988079071,0.7694756984710693
2569,2003,GAB,1382354.0,14717147740.0,0.8999999761581421,0.0,0.5,0.6998875141143799
2570,2004,GAB,1421620.0,15597639635.0,0.8899999856948853,0.0,0.5099999904632568,0.6778001189231873
2571,2005,GAB,1463503.0,16662264363.0,0.8100000023841858,0.0,0.5899999737739563,0.6960766315460205
2572,2006,GAB,1508338.0,17083887620.0,0.949999988079071,0.0,0.5600000023841858,0.6850226521492004
2573,2007,GAB,1556242.0,19294943982.0,0.800000011920929,0.0,0.699999988079071,0.6167049407958984
2574,2008,GAB,1607182.0,19821156608.0,0.8899999856948853,0.0,0.7300000190734863,0.6056978106498718
2575,2009,GAB,1661567.0,21001791917.0,0.949999988079071,0.0,0.7300000190734863,0.5612751245498657
2576,2010,GAB,1719883.0,23885406357.0,0.9100000262260436,0.0,0.8600000143051147,0.5901060700416565
2577,2011,GAB,1781987.0,27165828850.0,0.8399999737739563,0.0,1.0,0.537321925163269
2578,2012,GAB,1846893.0,28592310064.0,0.9100000262260436,0.0,1.0399999618530271,0.6506381630897522
2579,2013,GAB,1913061.0,30169739768.0,0.9399999976158142,0.0,0.949999988079071,0.6218746900558472
2580,2014,GAB,1978400.0,31507773384.0,0.800000011920929,0.0,0.9900000095367432,0.6323292851448059
2581,2015,GAB,2040990.0,32729961516.0,0.9200000166893004,0.0,1.0099999904632568,0.5783161520957947
2582,2016,GAB,2100310.0,33414337569.0,0.8299999833106995,0.0,1.149999976158142,0.5562678575515747
2583,2017,GAB,2156902.0,33572391290.0,0.9399999976158142,0.0,1.1100000143051147,0.5944140553474426
2584,2018,GAB,2212320.0,33855404131.0,1.309999942779541,0.0,1.2200000286102295,0.4858432412147522
2585,2019,GAB,2267711.0,35180839675.0,1.3200000524520874,0.0,1.2599999904632568,0.432220309972763
2586,2020,GAB,2322538.0,34525072669.0,1.4299999475479126,0.0,1.2400000095367432,0.4634880423545837
2587,2021,GAB,2376729.0,35037430976.0,1.3799999952316284,0.0,1.2999999523162842,0.4618921279907226
2588,2022,GAB,2430750.0,36035291983.0,1.5299999713897705,0.0,1.3700000047683716,0.4387324452400207
2589,2023,GAB,2484790.0,36035291983.0,0.9200000166893004,0.0,1.3600000143051147,0.4387324452400207
2590,2024,GAB,2538953.0,36035291983.0,0.9200000166893004,0.0,1.3600000143051147,0.4387324452400207
2591,1990,GMB,1054703.0,1331400000.0,0.0,0.0,0.0900000035762786,0.5916001200675964
2592,1991,GMB,1099960.0,1378188611.0,0.0,0.0,0.0900000035762786,0.5688146352767944
2593,1992,GMB,1145583.0,1438713178.0,0.0,0.0,0.0900000035762786,0.5463548302650452
2594,1993,GMB,1188372.0,1492281313.0,0.0,0.0,0.0900000035762786,0.5670810341835022
2595,1994,GMB,1227233.0,1506439238.0,0.0,0.0,0.0900000035762786,0.6474621891975403
2596,1995,GMB,1264320.0,1529318604.0,0.0,0.0,0.0900000035762786,0.5900903940200806
2597,1996,GMB,1301421.0,1606890442.0,0.0,0.0,0.0900000035762786,0.5631217360496521
2598,1997,GMB,1338898.0,1625140474.0,0.0,0.0,0.0900000035762786,0.5552973747253418
2599,1998,GMB,1376994.0,1698553130.0,0.0,0.0,0.0900000035762786,0.5670053958892822
2600,1999,GMB,1415786.0,1829034023.0,0.0,0.0,0.0900000035762786,0.5265583992004395
2601,2000,GMB,1455095.0,1955249650.0,0.0,0.0,0.0900000035762786,0.6472863554954529
2602,2001,GMB,1495023.0,2082662873.0,0.0,0.0,0.1000000014901161,0.6619554758071899
2603,2002,GMB,1535700.0,2108436308.0,0.0,0.0,0.1000000014901161,0.6510981917381287
2604,2003,GMB,1577619.0,2172586623.0,0.0,0.0,0.1099999994039535,0.6318730711936951
2605,2004,GMB,1621309.0,2391385185.0,0.0,0.0,0.1299999952316284,0.6057959794998169
2606,2005,GMB,1667035.0,2386414713.0,0.0,0.0,0.1299999952316284,0.6126189827919006
2607,2006,GMB,1715285.0,2432257588.0,0.0,0.0,0.1400000005960464,0.6532098054885864
2608,2007,GMB,1765778.0,2539291281.0,0.0,0.0,0.1500000059604644,0.6483006477355957
2609,2008,GMB,1817859.0,2704420689.0,0.0,0.0,0.1599999964237213,0.6324079036712646
2610,2009,GMB,1871428.0,2899496318.0,0.0,0.0,0.1599999964237213,0.6331479549407959
2611,2010,GMB,1926634.0,3111135545.0,0.0,0.0,0.1599999964237213,0.6436727643013
2612,2011,GMB,1983785.0,3000862000.0,0.0,0.0,0.1599999964237213,0.7014465928077698
2613,2012,GMB,2043097.0,3174000000.0,0.0,0.0,0.1599999964237213,0.646816074848175
2614,2013,GMB,2103825.0,3327261000.0,0.0,0.0,0.1599999964237213,0.614084780216217
2615,2014,GMB,2164535.0,3357018000.0,0.0,0.0,0.1599999964237213,0.6730785369873047
2616,2015,GMB,2224530.0,3514848000.0,0.0,0.0,0.1800000071525573,0.6580065488815308
2617,2016,GMB,2283775.0,3558432648.0,0.0,0.0,0.2000000029802322,0.6552181243896484
2618,2017,GMB,2342191.0,3704517995.0,0.0,0.0,0.2000000029802322,0.6402193903923035
2619,2018,GMB,2399633.0,3947001965.0,0.0,0.0,0.2599999904632568,0.489501953125
2620,2019,GMB,2456847.0,4192588256.0,0.0,0.0,0.3000000119209289,0.471463531255722
2621,2020,GMB,2515744.0,4217390293.0,0.0,0.0,0.3199999928474426,0.4218063056468963
2622,2021,GMB,2576015.0,4439051582.0,0.0,0.0,0.3300000131130218,0.4596557021141052
2623,2022,GMB,2636472.0,4656793663.0,0.0,0.0,0.3400000035762787,0.4508542418479919
2624,2023,GMB,2697846.0,4656793663.0,0.0,0.0,0.3400000035762787,0.4508542418479919
2625,2024,GMB,2759999.0,4656793663.0,0.0,0.0,0.3400000035762787,0.4508542418479919
2626,1992,GEO,5294186.0,28371171916.0,5.800000190734863,0.0,1.1200000047683716,2.859408378601074
2627,1993,GEO,5178784.0,19963504254.0,5.800000190734863,0.0,1.1200000047683716,2.250697374343872
2628,1994,GEO,5046267.0,17806249680.0,5.800000190734863,0.0,1.1200000047683716,1.7551103830337524
2629,1995,GEO,4925742.0,18187119363.0,5.800000190734863,0.0,1.1200000047683716,1.8606667518615725
2630,1996,GEO,4812774.0,19998469132.0,5.800000190734863,0.0,1.1200000047683716,1.723767638206482
2631,1997,GEO,4695359.0,22010932129.0,5.800000190734863,0.0,1.1200000047683716,1.6355804204940796
2632,1998,GEO,4576447.0,22536773053.0,5.800000190734863,0.0,1.1200000047683716,1.5970919132232666
2633,1999,GEO,4455581.0,23091342082.0,5.800000190734863,0.0,1.1200000047683716,1.4874446392059326
2634,2000,GEO,4328361.0,23550477143.0,5.800000190734863,0.0,1.1200000047683716,1.216619610786438
2635,2001,GEO,4209641.0,24543619701.0,5.489999771118164,0.0,1.0099999904632568,1.0594816207885742
2636,2002,GEO,4127854.0,25794086372.0,6.699999809265137,0.0,0.4699999988079071,1.182093381881714
2637,2003,GEO,4085489.0,28539726793.0,6.460000038146973,0.0,0.550000011920929,0.919462263584137
2638,2004,GEO,4056076.0,30055110813.0,5.989999771118164,0.0,0.6899999976158142,0.9528587460517884
2639,2005,GEO,4026135.0,32780625465.0,6.170000076293945,0.0,0.800000011920929,1.0325130224227903
2640,2006,GEO,3996584.0,35705812889.0,5.260000228881836,0.0,1.5,0.8776922225952148
2641,2007,GEO,3967592.0,40006939154.0,6.75,0.0,1.2599999904632568,0.9734017848968506
2642,2008,GEO,3941192.0,40781279289.0,7.090000152587891,0.0,0.9800000190734864,0.9411191344261168
2643,2009,GEO,3918935.0,39112877651.0,7.340000152587891,0.0,0.7900000214576721,0.9966742992401124
2644,2010,GEO,3895932.0,41359835742.0,9.270000457763672,0.0,0.6499999761581421,0.955154836177826
2645,2011,GEO,3868724.0,44138043878.0,7.809999942779541,0.0,1.5800000429153442,0.8697314262390137
2646,2012,GEO,3839208.0,46970386649.0,7.150000095367432,0.0,1.7100000381469729,0.8921037316322327
2647,2013,GEO,3809128.0,48668828674.0,8.1899995803833,0.0,1.309999942779541,0.963314950466156
2648,2014,GEO,3792921.0,50830708616.0,8.25,0.0,1.4800000190734863,0.9754360914230348
2649,2015,GEO,3791570.0,52369351007.0,8.369999885559082,0.0,1.690000057220459,1.0258972644805908
2650,2016,GEO,3792061.0,53891203471.0,9.25,0.0,1.6299999952316284,1.045298457145691
2651,2017,GEO,3792860.0,56501161966.0,9.210000038146973,0.0,1.6200000047683716,0.991788387298584
2652,2018,GEO,3794881.0,59237502380.0,9.93000030517578,0.0,1.5499999523162842,0.9546040296554564
2653,2019,GEO,3796722.0,62188716739.0,9.020000457763672,0.0,1.9900000095367432,0.9601983428001404
2654,2020,GEO,3795680.0,57984758412.0,8.34000015258789,0.0,1.9600000381469729,0.9807465076446532
2655,2021,GEO,3788450.0,64053441556.0,10.260000228881836,0.0,1.7300000190734863,0.9530314207077026
2656,2022,GEO,3794782.0,70528605169.0,10.859999656677246,0.0,2.380000114440918,0.9601600766181946
2657,2023,GEO,3807494.0,70528605169.0,10.979999542236328,0.0,2.4200000762939453,0.9601600766181946
2658,2024,GEO,3807668.0,70528605169.0,11.119999885559082,0.0,2.0199999809265137,0.9601600766181946
2659,2025,GEO,3806669.0,70528605169.0,10.75,0.0,1.9700000286102293,0.9601600766181946
2660,1990,DEU,79707963.0,2015547498359.0,19.100000381469727,3703.8671875,326.1000061035156,2.0801501274108887
2661,1991,DEU,80303190.0,2141316417831.0,16.979999542236328,3620.40283203125,326.1000061035156,1.9103401899337769
2662,1992,DEU,80934901.0,2204952392823.0,19.729999542236328,3497.780029296875,326.1000061035156,1.8183330297470093
2663,1993,DEU,81486771.0,2206290854718.0,20.520000457763672,3492.76025390625,326.1000061035156,1.8091570138931277
2664,1994,DEU,81773613.0,2283952742009.0,23.43000030517578,3456.3515625,326.1000061035156,1.7312846183776855
2665,1995,DEU,82019890.0,2347761113534.0,25.920000076293945,3462.442626953125,326.1000061035156,1.693015217781067
2666,1996,DEU,82263195.0,2391519573153.0,26.549999237060547,3578.18994140625,326.1000061035156,1.7168354988098145
2667,1997,DEU,82389631.0,2461046373781.0,23.049999237060547,3496.779052734375,326.1000061035156,1.6469364166259766
2668,1998,DEU,82011933.0,2535903706522.0,24.8799991607666,3481.8798828125,326.1000061035156,1.5850883722305298
2669,1999,DEU,81678279.0,2613176576967.0,28.709999084472656,3392.8798828125,326.1000061035156,1.5167595148086548
2670,2000,DEU,81797255.0,2718560455818.0,35.40999984741211,3391.7763671875,326.1000061035156,1.467018723487854
2671,2001,DEU,81933882.0,2793373055251.0,37.880001068115234,3460.38134765625,327.3800048828125,1.454442024230957
2672,2002,DEU,82068328.0,2822441773260.0,44.4900016784668,3408.056640625,332.5199890136719,1.4213660955429075
2673,2003,DEU,82111619.0,2831676106520.0,46.66999816894531,3405.056640625,343.1600036621094,1.4162887334823608
2674,2004,DEU,82092706.0,2894624877966.0,57.970001220703125,3366.810546875,338.1499938964844,1.385289430618286
2675,2005,DEU,82046733.0,2945460930734.0,63.43000030517578,3308.25537109375,335.07000732421875,1.3453361988067627
2676,2006,DEU,81701971.0,3086359147617.0,72.55999755859375,3360.617431640625,337.9200134277344,1.316239356994629
2677,2007,DEU,81298546.0,3220275669650.0,89.44000244140625,3214.107421875,348.25,1.2090342044830322
2678,2008,DEU,81110780.0,3289020399474.0,94.37000274658205,3225.8837890625,332.2099914550781,1.196303367614746
2679,2009,DEU,80935276.0,3136502162046.0,96.08000183105467,3018.43212890625,306.6499938964844,1.1771641969680786
2680,2010,DEU,80830916.0,3301123203586.0,105.41000366210938,3134.52880859375,322.5,1.1654068231582642
2681,2011,DEU,80857877.0,3467712967640.0,124.43000030517578,3032.669189453125,320.45001220703125,1.0700379610061646
2682,2012,DEU,80916391.0,3482225441398.0,143.39999389648438,3052.56396484375,331.0799865722656,1.0803195238113403
2683,2013,DEU,81041581.0,3497463140441.0,151.9499969482422,3147.404296875,338.79998779296875,1.10609233379364
2684,2014,DEU,81376078.0,3574741315261.0,161.92999267578125,2963.163330078125,322.7900085449219,1.037967324256897
2685,2015,DEU,82077546.0,3628073946157.0,188.13999938964844,2981.134033203125,321.8800048828125,1.042112112045288
2686,2016,DEU,82760102.0,3708979940863.0,189.1300048828125,3060.6611328125,319.6700134277344,1.0357162952423096
2687,2017,DEU,83104010.0,3808389445530.0,215.67999267578125,3122.242919921875,302.7099914550781,1.037067174911499
2688,2018,DEU,83368507.0,3845758522294.0,222.92999267578125,3002.167236328125,287.3999938964844,0.999910295009613
2689,2019,DEU,83559184.0,3886392581475.0,241.1699981689453,2868.07568359375,235.5399932861328,0.9658580422401428
2690,2020,DEU,83628711.0,3742721113842.0,251.4900054931641,2609.17919921875,201.5399932861328,0.9348586201667786
2691,2021,DEU,83697080.0,3841041747482.0,232.5,2749.06689453125,228.42999267578125,0.9368532299995422
2692,2022,DEU,84086227.0,3909612753939.0,251.5399932861328,2639.55029296875,237.94000244140625,0.8838343024253845
2693,2023,DEU,84548233.0,3909612753939.0,277.1000061035156,2380.90576171875,183.8999938964844,0.8838343024253845
2694,2024,DEU,84552234.0,3909612753939.0,290.8599853515625,2400.4921875,166.83999633789062,0.8838343024253845
2695,2025,DEU,84075075.0,3909612753939.0,295.739990234375,2400.4921875,164.97999572753906,0.8838343024253845
2696,1990,GHA,15394650.0,26095563069.0,6.550000190734863,0.0,0.5699999928474426,0.6802754402160645
2697,1991,GHA,15787495.0,27591405114.0,6.550000190734863,0.0,0.5699999928474426,0.6520838141441345
2698,1992,GHA,16184863.0,28798780490.0,6.550000190734863,0.0,0.5699999928474426,0.69087153673172
2699,1993,GHA,16589521.0,30003484574.0,6.550000190734863,0.0,0.5699999928474426,0.6684818267822266
2700,1994,GHA,16993190.0,31249854280.0,6.550000190734863,0.0,0.5699999928474426,0.6851906776428223
2701,1995,GHA,17399023.0,32723356676.0,6.550000190734863,0.0,0.5699999928474426,0.6716392040252686
2702,1996,GHA,17810184.0,34380471108.0,6.550000190734863,0.0,0.5699999928474426,0.6632813811302185
2703,1997,GHA,18238961.0,36217443285.0,6.550000190734863,0.0,0.5699999928474426,0.6085596084594727
2704,1998,GHA,18688041.0,38085090200.0,6.550000190734863,0.0,0.5699999928474426,0.5323942303657532
2705,1999,GHA,19149875.0,39944569386.0,6.550000190734863,0.0,0.5699999928474426,0.5903072357177734
2706,2000,GHA,19637085.0,41569375833.0,6.550000190734863,0.0,0.5699999928474426,0.68818199634552
2707,2001,GHA,20167073.0,43462708607.0,6.550000190734863,0.0,0.9900000095367432,0.657957911491394
2708,2002,GHA,20729392.0,45606385848.0,5.0,0.0,1.6100000143051147,0.6236945986747742
2709,2003,GHA,21296710.0,48182826322.0,3.859999895095825,0.0,1.4199999570846558,0.5712957978248596
2710,2004,GHA,21868298.0,51015950853.0,5.239999771118164,0.0,0.6200000047683716,0.6142552495002747
2711,2005,GHA,22449446.0,54178109578.0,5.579999923706055,0.0,0.8899999856948853,0.5877770781517029
2712,2006,GHA,23040704.0,57735681030.0,5.570000171661377,0.0,1.9900000095367432,0.5341028571128845
2713,2007,GHA,23642284.0,60409358255.0,3.700000047683716,0.0,2.240000009536743,0.5316119194030762
2714,2008,GHA,24249945.0,66155974151.0,6.150000095367432,0.0,1.5800000429153442,0.5235620737075806
2715,2009,GHA,24862667.0,69564814012.0,6.829999923706055,0.0,1.5499999523162842,0.5820600986480713
2716,2010,GHA,25475000.0,75296610301.0,6.949999809265137,0.0,2.3299999237060547,0.5564666390419006
2717,2011,GHA,26095091.0,86160263888.0,7.510000228881836,0.0,2.869999885559082,0.6387532949447632
2718,2012,GHA,26734273.0,93421855305.0,8.010000228881836,0.0,3.049999952316284,0.6034294962882996
2719,2013,GHA,27386193.0,100187456075.0,8.170000076293945,0.0,3.4600000381469727,0.5952113270759583
2720,2014,GHA,28041592.0,103048820009.0,8.319999694824219,0.0,3.5199999809265137,0.5873622894287109
2721,2015,GHA,28696071.0,105234477793.0,5.809999942779541,0.0,4.300000190734863,0.6858299374580383
2722,2016,GHA,29356736.0,108784039058.0,5.559999942779541,0.0,5.400000095367432,0.6780380606651306
2723,2017,GHA,30008364.0,117627099029.0,5.670000076293945,0.0,5.420000076293945,0.6270370483398438
2724,2018,GHA,30637592.0,124919973796.0,6.070000171661377,0.0,6.289999961853027,0.5893852710723877
2725,2019,GHA,31258943.0,133049773378.0,7.320000171661377,0.0,7.210000038146973,0.6012214422225952
2726,2020,GHA,31887802.0,133733644694.0,7.369999885559082,0.0,9.0600004196167,0.7040910720825195
2727,2021,GHA,32518662.0,140896419821.0,7.679999828338623,0.0,10.5600004196167,0.7316216230392456
2728,2022,GHA,33149152.0,145431875240.0,8.369999885559082,0.0,10.899999618530272,0.7090155482292175
2729,2023,GHA,33787916.0,145431875240.0,9.359999656677246,0.0,11.0,0.7090155482292175
2730,2024,GHA,34427417.0,145431875240.0,8.789999961853027,0.0,11.380000114440918,0.7090155482292175
2731,1990,GIB,27223.0,0.0,0.0,0.0,0.0900000035762786,0.0
2732,1991,GIB,26921.0,0.0,0.0,0.0,0.0900000035762786,0.0
2733,1992,GIB,26900.0,0.0,0.0,0.0,0.0900000035762786,0.0
2734,1993,GIB,27098.0,0.0,0.0,0.0,0.0900000035762786,0.0
2735,1994,GIB,27265.0,0.0,0.0,0.0,0.0900000035762786,0.0
2736,1995,GIB,27402.0,0.0,0.0,0.0,0.0900000035762786,0.0
2737,1996,GIB,27513.0,0.0,0.0,0.0,0.0900000035762786,0.0
2738,1997,GIB,27611.0,0.0,0.0,0.0,0.0900000035762786,0.0
2739,1998,GIB,27676.0,0.0,0.0,0.0,0.0900000035762786,0.0
2740,1999,GIB,27719.0,0.0,0.0,0.0,0.0900000035762786,0.0
2741,2000,GIB,27734.0,0.0,0.0,0.0,0.0900000035762786,0.0
2742,2001,GIB,27685.0,0.0,0.0,0.0,0.0900000035762786,0.0
2743,2002,GIB,27850.0,0.0,0.0,0.0,0.0900000035762786,0.0
2744,2003,GIB,28301.0,0.0,0.0,0.0,0.0900000035762786,0.0
2745,2004,GIB,28741.0,0.0,0.0,0.0,0.0900000035762786,0.0
2746,2005,GIB,29191.0,0.0,0.0,0.0,0.0900000035762786,0.0
2747,2006,GIB,29620.0,0.0,0.0,0.0,0.1000000014901161,0.0
2748,2007,GIB,30032.0,0.0,0.0,0.0,0.1099999994039535,0.0
2749,2008,GIB,30431.0,0.0,0.0,0.0,0.1099999994039535,0.0
2750,2009,GIB,30847.0,0.0,0.0,0.0,0.1099999994039535,0.0
2751,2010,GIB,31271.0,0.0,0.0,0.0,0.1199999973177909,0.0
2752,2011,GIB,31685.0,0.0,0.0,0.0,0.1099999994039535,0.0
2753,2012,GIB,32054.0,0.0,0.0,0.0,0.1199999973177909,0.0
2754,2013,GIB,32429.0,0.0,0.0,0.0,0.1299999952316284,0.0
2755,2014,GIB,32836.0,0.0,0.0,0.0,0.1299999952316284,0.0
2756,2015,GIB,33214.0,0.0,0.0,0.0,0.1400000005960464,0.0
2757,2016,GIB,33682.0,0.0,0.0,0.0,0.1400000005960464,0.0
2758,2017,GIB,34267.0,0.0,0.0,0.0,0.1400000005960464,0.0
2759,2018,GIB,34883.0,0.0,0.0,0.0,0.1400000005960464,0.0
2760,2019,GIB,35518.0,0.0,0.0,0.0,0.1400000005960464,0.0
2761,2020,GIB,36198.0,0.0,0.0,0.0,0.1199999973177909,0.0
2762,2021,GIB,36881.0,0.0,0.0,0.0,0.1299999952316284,0.0
2763,2022,GIB,37631.0,0.0,0.0,0.0,0.1199999973177909,0.0
2764,2023,GIB,38493.0,0.0,0.0,0.0,0.1400000005960464,0.0
2765,2024,GIB,39351.0,0.0,0.0,0.0,0.1299999952316284,0.0
2766,1990,GRC,10258494.0,161708974933.0,1.7699999809265137,282.0756530761719,43.560001373291016,1.7767255306243896
2767,1991,GRC,10306645.0,167630714744.0,3.0999999046325684,282.31268310546875,43.560001373291016,1.7388358116149902
2768,1992,GRC,10359895.0,170259945599.0,2.2100000381469727,290.07733154296875,43.560001373291016,1.7421503067016602
2769,1993,GRC,10412752.0,168977989489.0,2.3299999237060547,293.64080810546875,43.560001373291016,1.778520584106445
2770,1994,GRC,10466266.0,173829055414.0,2.640000104904175,297.8455810546875,43.560001373291016,1.7582985162734983
2771,1995,GRC,10519233.0,178710456938.0,3.559999942779541,306.2550964355469,43.560001373291016,1.7726664543151855
2772,1996,GRC,10570083.0,185480705042.0,4.389999866485596,311.8312683105469,43.560001373291016,1.7511287927627563
2773,1997,GRC,10622327.0,195536972604.0,3.920000076293945,322.4582824707031,43.560001373291016,1.7083406448364258
2774,1998,GRC,10675411.0,204984690770.0,3.7899999618530273,343.5747985839844,43.560001373291016,1.7307288646697998
2775,1999,GRC,10727953.0,213181329734.0,4.75,340.6441345214844,43.560001373291016,1.6638646125793457
2776,2000,GRC,10782638.0,223530895992.0,4.139999866485596,360.79833984375,43.560001373291016,1.6689062118530271
2777,2001,GRC,10843166.0,234861781413.0,2.940000057220459,367.39154052734375,44.43000030517578,1.6010490655899048
2778,2002,GRC,10890287.0,246267119689.0,3.5799999237060547,365.89544677734375,44.15999984741211,1.5283021926879885
2779,2003,GRC,10918467.0,262880256421.0,5.889999866485596,381.1978454589844,45.27000045776367,1.5151995420455933
2780,2004,GRC,10947369.0,278667908011.0,5.909999847412109,381.1408386230469,45.77000045776367,1.4290571212768557
2781,2005,GRC,10981340.0,282859759866.0,6.409999847412109,381.2219848632813,45.959999084472656,1.4127360582351685
2782,2006,GRC,11016107.0,301538680337.0,7.670000076293945,388.8902587890625,44.150001525878906,1.3640235662460327
2783,2007,GRC,11045737.0,314210147911.0,4.590000152587891,405.3247680664063,48.47999954223633,1.3346176147460938
2784,2008,GRC,11076874.0,315974328109.0,5.75,394.5705261230469,47.18999862670898,1.302590250968933
2785,2009,GRC,11108067.0,305101334774.0,8.15999984741211,372.6297607421875,45.08000183105469,1.299233317375183
2786,2010,GRC,11124666.0,290984350750.0,10.529999732971191,347.664306640625,40.040000915527344,1.300541877746582
2787,2011,GRC,11108838.0,266793942822.0,8.149999618530273,347.5272521972656,42.380001068115234,1.3916528224945068
2788,2012,GRC,11048291.0,247887031358.0,10.130000114440918,319.9549865722656,42.18000030517578,1.4091176986694336
2789,2013,GRC,10967534.0,241650188710.0,14.359999656677246,287.4749450683594,35.88999938964844,1.3585890531539917
2790,2014,GRC,10893169.0,242799798246.0,12.18000030517578,273.05401611328125,33.13999938964844,1.2681649923324585
2791,2015,GRC,10820902.0,242323725826.0,14.850000381469728,269.76617431640625,30.809999465942383,1.2863911390304563
2792,2016,GRC,10775506.0,241143085639.0,14.890000343322754,265.0513916015625,30.770000457763672,1.273072600364685
2793,2017,GRC,10753532.0,243776808141.0,13.800000190734863,283.3632202148437,31.770000457763672,1.3216898441314695
2794,2018,GRC,10730846.0,247844015413.0,16.139999389648438,279.2142333984375,28.68000030517578,1.307539463043213
2795,2019,GRC,10718581.0,252514250712.0,16.100000381469727,271.9769287109375,23.82999992370605,1.2549283504486084
2796,2020,GRC,10699370.0,229777821500.0,17.549999237060547,228.2075653076172,20.100000381469727,1.2053213119506836
2797,2021,GRC,10579561.0,249158215293.0,22.1299991607666,241.73768615722656,20.780000686645508,1.2142332792282104
2798,2022,GRC,10412481.0,263892672733.0,22.450000762939453,252.5953063964844,19.46999931335449,1.1911442279815674
2799,2023,GRC,10242910.0,263892672733.0,24.3799991607666,239.39244079589844,16.459999084472656,1.1911442279815674
2800,2024,GRC,10047813.0,263892672733.0,28.100000381469727,250.53793334960935,18.36000061035156,1.1911442279815674
2801,2025,GRC,9938847.0,263892672733.0,28.959999084472656,250.53793334960935,18.36000061035156,1.1911442279815674
2802,1990,GRL,55650.0,0.0,0.1700000017881393,0.0,0.0799999982118606,0.0
2803,1991,GRL,55740.0,0.0,0.1700000017881393,0.0,0.0799999982118606,0.0
2804,1992,GRL,55769.0,0.0,0.1700000017881393,0.0,0.0799999982118606,0.0
2805,1993,GRL,55780.0,0.0,0.1700000017881393,0.0,0.0799999982118606,0.0
2806,1994,GRL,55766.0,0.0,0.1700000017881393,0.0,0.0799999982118606,0.0
2807,1995,GRL,55857.0,0.0,0.1700000017881393,0.0,0.0799999982118606,0.0
2808,1996,GRL,56020.0,0.0,0.1700000017881393,0.0,0.0799999982118606,0.0
2809,1997,GRL,56115.0,0.0,0.1700000017881393,0.0,0.0799999982118606,0.0
2810,1998,GRL,56175.0,0.0,0.1700000017881393,0.0,0.0799999982118606,0.0
2811,1999,GRL,56148.0,0.0,0.1700000017881393,0.0,0.0799999982118606,0.0
2812,2000,GRL,56228.0,0.0,0.1700000017881393,0.0,0.0799999982118606,0.0
2813,2001,GRL,56433.0,0.0,0.1599999964237213,0.0,0.0799999982118606,0.0
2814,2002,GRL,56617.0,0.0,0.1800000071525573,0.0,0.0900000035762786,0.0
2815,2003,GRL,56781.0,0.0,0.1800000071525573,0.0,0.0900000035762786,0.0
2816,2004,GRL,56926.0,0.0,0.1899999976158142,0.0,0.0900000035762786,0.0
2817,2005,GRL,56969.0,0.0,0.2000000029802322,0.0,0.0900000035762786,0.0
2818,2006,GRL,56901.0,0.0,0.2000000029802322,0.0,0.1000000014901161,0.0
2819,2007,GRL,56807.0,0.0,0.2000000029802322,0.0,0.1099999994039535,0.0
2820,2008,GRL,56683.0,0.0,0.2000000029802322,0.0,0.1099999994039535,0.0
2821,2009,GRL,56547.0,0.0,0.2599999904632568,0.0,0.1099999994039535,0.0
2822,2010,GRL,56634.0,0.0,0.2899999916553497,0.0,0.0900000035762786,0.0
2823,2011,GRL,56853.0,0.0,0.3400000035762787,0.0,0.0799999982118606,0.0
2824,2012,GRL,56797.0,0.0,0.3400000035762787,0.0,0.0799999982118606,0.0
2825,2013,GRL,56532.0,0.0,0.3700000047683716,0.0,0.0700000002980232,0.0
2826,2014,GRL,56195.0,0.0,0.3899999856948852,0.0,0.0700000002980232,0.0
2827,2015,GRL,56048.0,0.0,0.4199999868869781,0.0,0.0700000002980232,0.0
2828,2016,GRL,56082.0,0.0,0.4000000059604645,0.0,0.0599999986588954,0.0
2829,2017,GRL,56094.0,0.0,0.3799999952316284,0.0,0.0900000035762786,0.0
2830,2018,GRL,56100.0,0.0,0.4199999868869781,0.0,0.0799999982118606,0.0
2831,2019,GRL,56109.0,0.0,0.4099999964237213,0.0,0.0599999986588954,0.0
2832,2020,GRL,56105.0,0.0,0.4300000071525574,0.0,0.0700000002980232,0.0
2833,2021,GRL,56065.0,0.0,0.4300000071525574,0.0,0.0599999986588954,0.0
2834,2022,GRL,56014.0,0.0,0.4699999988079071,0.0,0.0599999986588954,0.0
2835,2023,GRL,55951.0,0.0,0.5,0.0,0.0799999982118606,0.0
2836,2024,GRL,55864.0,0.0,0.5,0.0,0.0900000035762786,0.0
2837,1990,GRD,99973.0,0.0,0.0,0.0,0.0900000035762786,0.0
2838,1991,GRD,100806.0,0.0,0.0,0.0,0.0900000035762786,0.0
2839,1992,GRD,101618.0,0.0,0.0,0.0,0.0900000035762786,0.0
2840,1993,GRD,102398.0,0.0,0.0,0.0,0.0900000035762786,0.0
2841,1994,GRD,103150.0,0.0,0.0,0.0,0.0900000035762786,0.0
2842,1995,GRD,103890.0,0.0,0.0,0.0,0.0900000035762786,0.0
2843,1996,GRD,104599.0,0.0,0.0,0.0,0.0900000035762786,0.0
2844,1997,GRD,105309.0,0.0,0.0,0.0,0.0900000035762786,0.0
2845,1998,GRD,106023.0,0.0,0.0,0.0,0.0900000035762786,0.0
2846,1999,GRD,106744.0,0.0,0.0,0.0,0.0900000035762786,0.0
2847,2000,GRD,107466.0,0.0,0.0,0.0,0.0900000035762786,0.0
2848,2001,GRD,107998.0,0.0,0.0,0.0,0.0900000035762786,0.0
2849,2002,GRD,108414.0,0.0,0.0,0.0,0.1000000014901161,0.0
2850,2003,GRD,108895.0,0.0,0.0,0.0,0.1099999994039535,0.0
2851,2004,GRD,109338.0,0.0,0.0,0.0,0.0900000035762786,0.0
2852,2005,GRD,109744.0,0.0,0.0,0.0,0.1000000014901161,0.0
2853,2006,GRD,110149.0,0.0,0.0,0.0,0.1099999994039535,0.0
2854,2007,GRD,110532.0,0.0,0.0,0.0,0.1199999973177909,0.0
2855,2008,GRD,110911.0,0.0,0.0,0.0,0.1299999952316284,0.0
2856,2009,GRD,111266.0,0.0,0.0,0.0,0.1299999952316284,0.0
2857,2010,GRD,111600.0,0.0,0.0,0.0,0.1400000005960464,0.0
2858,2011,GRD,112093.0,0.0,0.0,0.0,0.1299999952316284,0.0
2859,2012,GRD,112792.0,0.0,0.0,0.0,0.1299999952316284,0.0
2860,2013,GRD,113499.0,0.0,0.0,0.0,0.1299999952316284,0.0
2861,2014,GRD,114148.0,0.0,0.0,0.0,0.1299999952316284,0.0
2862,2015,GRD,114691.0,0.0,0.0,0.0,0.1400000005960464,0.0
2863,2016,GRD,115147.0,0.0,0.0,0.0,0.1400000005960464,0.0
2864,2017,GRD,115448.0,0.0,0.0,0.0,0.1500000059604644,0.0
2865,2018,GRD,115703.0,0.0,0.0,0.0,0.1500000059604644,0.0
2866,2019,GRD,115995.0,0.0,0.0,0.0,0.1599999964237213,0.0
2867,2020,GRD,116353.0,0.0,0.0,0.0,0.1400000005960464,0.0
2868,2021,GRD,116696.0,0.0,0.0,0.0,0.1500000059604644,0.0
2869,2022,GRD,116928.0,0.0,0.0,0.0,0.1599999964237213,0.0
2870,2023,GRD,117094.0,0.0,0.0,0.0,0.1599999964237213,0.0
2871,2024,GRD,117218.0,0.0,0.0,0.0,0.1599999964237213,0.0
2872,1990,GLP,388820.0,0.0,0.1199999973177909,0.0,0.8199999928474426,0.0
2873,1991,GLP,393787.0,0.0,0.1199999973177909,0.0,0.8199999928474426,0.0
2874,1992,GLP,398165.0,0.0,0.1199999973177909,0.0,0.8199999928474426,0.0
2875,1993,GLP,402324.0,0.0,0.1199999973177909,0.0,0.8199999928474426,0.0
2876,1994,GLP,406330.0,0.0,0.1199999973177909,0.0,0.8199999928474426,0.0
2877,1995,GLP,410191.0,0.0,0.1199999973177909,0.0,0.8199999928474426,0.0
2878,1996,GLP,413932.0,0.0,0.1199999973177909,0.0,0.8199999928474426,0.0
2879,1997,GLP,417595.0,0.0,0.1199999973177909,0.0,0.8199999928474426,0.0
2880,1998,GLP,420476.0,0.0,0.1199999973177909,0.0,0.8199999928474426,0.0
2881,1999,GLP,420943.0,0.0,0.1199999973177909,0.0,0.8199999928474426,0.0
2882,2000,GLP,419565.0,0.0,0.1199999973177909,0.0,0.8199999928474426,0.0
2883,2001,GLP,417844.0,0.0,0.1099999994039535,0.0,0.8600000143051147,0.0
2884,2002,GLP,415762.0,0.0,0.1400000005960464,0.0,0.8700000047683716,0.0
2885,2003,GLP,413418.0,0.0,0.1299999952316284,0.0,0.9100000262260436,0.0
2886,2004,GLP,410859.0,0.0,0.1700000017881393,0.0,0.9100000262260436,0.0
2887,2005,GLP,408085.0,0.0,0.209999993443489,0.0,0.9300000071525574,0.0
2888,2006,GLP,407230.0,0.0,0.2000000029802322,0.0,0.9700000286102296,0.0
2889,2007,GLP,408303.0,0.0,0.2199999988079071,0.0,1.0,0.0
2890,2008,GLP,408987.0,0.0,0.2199999988079071,0.0,1.0,0.0
2891,2009,GLP,408998.0,0.0,0.1899999976158142,0.0,1.0,0.0
2892,2010,GLP,408815.0,0.0,0.1500000059604644,0.0,1.1100000143051147,0.0
2893,2011,GLP,409063.0,0.0,0.2000000029802322,0.0,1.090000033378601,0.0
2894,2012,GLP,409153.0,0.0,0.2599999904632568,0.0,1.090000033378601,0.0
2895,2013,GLP,408367.0,0.0,0.3100000023841858,0.0,1.0700000524520874,0.0
2896,2014,GLP,406652.0,0.0,0.3199999928474426,0.0,1.0499999523162842,0.0
2897,2015,GLP,403950.0,0.0,0.3100000023841858,0.0,1.0499999523162842,0.0
2898,2016,GLP,404642.0,0.0,0.3000000119209289,0.0,1.0800000429153442,0.0
2899,2017,GLP,412701.0,0.0,0.3600000143051147,0.0,1.0499999523162842,0.0
2900,2018,GLP,415184.0,0.0,0.3700000047683716,0.0,1.0,0.0
2901,2019,GLP,410266.0,0.0,0.3700000047683716,0.0,0.9800000190734864,0.0
2902,2020,GLP,407401.0,0.0,0.4099999964237213,0.0,0.9300000071525574,0.0
2903,2021,GLP,399157.0,0.0,0.5600000023841858,0.0,0.8299999833106995,0.0
2904,2022,GLP,384702.0,0.0,0.5699999928474426,0.0,0.8100000023841858,0.0
2905,2023,GLP,376518.0,0.0,0.5899999737739563,0.0,0.8299999833106995,0.0
2906,1990,GUM,138623.0,0.0,0.0,0.0,1.2799999713897705,0.0
2907,1991,GUM,141093.0,0.0,0.0,0.0,1.2799999713897705,0.0
2908,1992,GUM,143400.0,0.0,0.0,0.0,1.2799999713897705,0.0
2909,1993,GUM,145670.0,0.0,0.0,0.0,1.2799999713897705,0.0
2910,1994,GUM,147882.0,0.0,0.0,0.0,1.2799999713897705,0.0
2911,1995,GUM,150064.0,0.0,0.0,0.0,1.2799999713897705,0.0
2912,1996,GUM,152178.0,0.0,0.0,0.0,1.2799999713897705,0.0
2913,1997,GUM,154225.0,0.0,0.0,0.0,1.2799999713897705,0.0
2914,1998,GUM,156244.0,0.0,0.0,0.0,1.2799999713897705,0.0
2915,1999,GUM,158297.0,0.0,0.0,0.0,1.2799999713897705,0.0
2916,2000,GUM,160078.0,0.0,0.0,0.0,1.2799999713897705,0.0
2917,2001,GUM,161339.0,0.0,0.0,0.0,1.2799999713897705,0.0
2918,2002,GUM,162326.0,0.0,0.0,0.0,1.1299999952316284,0.0
2919,2003,GUM,163146.0,0.0,0.0,0.0,1.1699999570846558,0.0
2920,2004,GUM,163815.0,0.0,0.0,0.0,1.2400000095367432,0.0
2921,2005,GUM,164373.0,0.0,0.0,0.0,1.25,0.0
2922,2006,GUM,164848.0,0.0,0.0,0.0,1.2400000095367432,0.0
2923,2007,GUM,165278.0,0.0,0.0,0.0,1.2400000095367432,0.0
2924,2008,GUM,165704.0,0.0,0.0,0.0,1.2400000095367432,0.0
2925,2009,GUM,166189.0,0.0,0.0,0.0,1.2300000190734863,0.0
2926,2010,GUM,166533.0,0.0,0.0,0.0,1.2300000190734863,0.0
2927,2011,GUM,166554.0,0.0,0.0,0.0,1.2100000381469729,0.0
2928,2012,GUM,166348.0,0.0,0.0,0.0,1.1699999570846558,0.0
2929,2013,GUM,165979.0,0.0,0.0,0.0,1.1399999856948853,0.0
2930,2014,GUM,165492.0,0.0,0.0,0.0,1.1200000047683716,0.0
2931,2015,GUM,164914.0,0.0,0.0299999993294477,0.0,1.1100000143051147,0.0
2932,2016,GUM,164240.0,0.0,0.0700000002980232,0.0,1.100000023841858,0.0
2933,2017,GUM,163501.0,0.0,0.0599999986588954,0.0,1.1299999952316284,0.0
2934,2018,GUM,162689.0,0.0,0.0700000002980232,0.0,1.090000033378601,0.0
2935,2019,GUM,161819.0,0.0,0.0799999982118606,0.0,1.100000023841858,0.0
2936,2020,GUM,162167.0,0.0,0.0799999982118606,0.0,1.0700000524520874,0.0
2937,2021,GUM,163741.0,0.0,0.0799999982118606,0.0,1.090000033378601,0.0
2938,2022,GUM,165193.0,0.0,0.1400000005960464,0.0,1.100000023841858,0.0
2939,2023,GUM,166522.0,0.0,0.1400000005960464,0.0,1.100000023841858,0.0
2940,2024,GUM,167790.0,0.0,0.1599999964237213,0.0,1.1299999952316284,0.0
2941,1990,GTM,9024775.0,46309390000.0,3.240000009536743,0.0,2.4200000762939453,0.4121659994125366
2942,1991,GTM,9272592.0,47626497282.0,3.240000009536743,0.0,2.4200000762939453,0.3866468071937561
2943,1992,GTM,9522265.0,50269786731.0,3.240000009536743,0.0,2.4200000762939453,0.426728755235672
2944,1993,GTM,9779760.0,52486732016.0,3.240000009536743,0.0,2.4200000762939453,0.4374316930770874
2945,1994,GTM,10043713.0,54315587488.0,3.240000009536743,0.0,2.4200000762939453,0.4756995737552643
2946,1995,GTM,10312999.0,56765526295.0,3.240000009536743,0.0,2.4200000762939453,0.4971541464328766
2947,1996,GTM,10583528.0,58480373177.0,3.240000009536743,0.0,2.4200000762939453,0.5019665956497192
2948,1997,GTM,10857754.0,61054671663.0,3.240000009536743,0.0,2.4200000762939453,0.526282787322998
2949,1998,GTM,11139147.0,64142605771.0,3.240000009536743,0.0,2.4200000762939453,0.5908233523368835
2950,1999,GTM,11422977.0,66910781466.0,3.240000009536743,0.0,2.4200000762939453,0.6036583185195923
2951,2000,GTM,11697592.0,68731616093.0,3.240000009536743,0.0,2.4200000762939453,0.6130731105804443
2952,2001,GTM,11969423.0,70402333033.0,2.940000057220459,0.0,2.869999885559082,0.6345111727714539
2953,2002,GTM,12246923.0,73303957428.0,2.640000104904175,0.0,3.0299999713897705,0.6224731802940369
2954,2003,GTM,12525843.0,75388396403.0,3.369999885559082,0.0,2.720000028610229,0.6206454038619995
2955,2004,GTM,12807409.0,78142886190.0,3.2699999809265137,0.0,2.5,0.5636159777641296
2956,2005,GTM,13087637.0,80920955084.0,3.900000095367432,0.0,2.490000009536743,0.574918270111084
2957,2006,GTM,13367455.0,85238080655.0,4.210000038146973,0.0,2.900000095367432,0.577470064163208
2958,2007,GTM,13652042.0,90511916055.0,4.440000057220459,0.0,3.400000095367432,0.5971184968948364
2959,2008,GTM,13935172.0,93386251977.0,4.769999980926514,0.0,3.0899999141693115,0.5266640186309814
2960,2009,GTM,14215614.0,93773785204.0,4.079999923706055,0.0,3.609999895095825,0.5642085671424866
2961,2010,GTM,14500118.0,96390296358.0,5.630000114440918,0.0,2.799999952316284,0.5454460382461548
2962,2011,GTM,14792123.0,100335200000.0,5.489999771118164,0.0,2.759999990463257,0.5197011232376099
2963,2012,GTM,15089639.0,103492749162.0,6.239999771118164,0.0,2.7699999809265137,0.5329679250717163
2964,2013,GTM,15387339.0,107099471666.0,6.840000152587891,0.0,3.049999952316284,0.5528795123100281
2965,2014,GTM,15681725.0,111858970345.0,7.28000020980835,0.0,3.200000047683716,0.5592696070671082
2966,2015,GTM,15971745.0,116436247567.0,6.829999923706055,0.0,4.119999885559082,0.6220958828926086
2967,2016,GTM,16268761.0,119554400888.0,7.329999923706055,0.0,4.409999847412109,0.6624269485473633
2968,2017,GTM,16567363.0,123236680953.0,8.470000267028809,0.0,3.859999895095825,0.6655017733573914
2969,2018,GTM,16845688.0,127435350812.0,8.760000228881836,0.0,4.510000228881836,0.6568706035614014
2970,2019,GTM,17103803.0,132535316516.0,8.109999656677246,0.0,4.619999885559082,0.684420108795166
2971,2020,GTM,17357331.0,130197392340.0,9.40999984741211,0.0,3.299999952316284,0.6918579936027527
2972,2021,GTM,17598652.0,140588440273.0,11.369999885559082,0.0,4.420000076293945,0.7346185445785522
2973,2022,GTM,17847877.0,146224632616.0,11.40999984741211,0.0,2.5799999237060547,0.6534662246704102
2974,2023,GTM,18124841.0,146224632616.0,10.029999732971191,0.0,4.619999885559082,0.6534662246704102
2975,2024,GTM,18406366.0,146224632616.0,10.789999961853027,0.0,4.760000228881836,0.6534662246704102
2976,1990,GIN,6434383.0,4999407010.0,0.4099999964237213,0.0,0.270000010728836,1.207854986190796
2977,1991,GIN,6697167.0,5139871689.0,0.4099999964237213,0.0,0.270000010728836,0.91114342212677
2978,1992,GIN,6914370.0,5362577356.0,0.4099999964237213,0.0,0.270000010728836,0.9022899270057678
2979,1993,GIN,7128174.0,5695353285.0,0.4099999964237213,0.0,0.270000010728836,0.8909497261047363
2980,1994,GIN,7345106.0,5997837304.0,0.4099999964237213,0.0,0.270000010728836,0.8557193279266357
2981,1995,GIN,7553252.0,6351702761.0,0.4099999964237213,0.0,0.270000010728836,0.8006157279014587
2982,1996,GIN,7770035.0,6708782077.0,0.4099999964237213,0.0,0.270000010728836,0.7605974078178406
2983,1997,GIN,7931371.0,7124296839.0,0.4099999964237213,0.0,0.270000010728836,0.7348747253417969
2984,1998,GIN,8081993.0,7467530405.0,0.4099999964237213,0.0,0.270000010728836,0.7123517990112305
2985,1999,GIN,8265121.0,7849296748.0,0.4099999964237213,0.0,0.270000010728836,0.6884067058563232
2986,2000,GIN,8428837.0,8142368042.0,0.4099999964237213,0.0,0.270000010728836,0.8563201427459717
2987,2001,GIN,8539963.0,8530150477.0,0.550000011920929,0.0,0.2800000011920929,0.869491457939148
2988,2002,GIN,8674072.0,9080053247.0,0.5899999737739563,0.0,0.2899999916553497,0.8495712280273438
2989,2003,GIN,8870790.0,9309105966.0,0.4000000059604645,0.0,0.3100000023841858,0.8432285189628601
2990,2004,GIN,9062724.0,9645747516.0,0.550000011920929,0.0,0.2399999946355819,0.8571969866752625
2991,2005,GIN,9245844.0,10059820577.0,0.4900000095367431,0.0,0.209999993443489,0.8435786366462708
2992,2006,GIN,9441174.0,10279820925.0,0.4600000083446502,0.0,0.1899999976158142,0.8482080101966858
2993,2007,GIN,9662278.0,11105668501.0,0.5299999713897705,0.0,0.1700000017881393,0.8255914449691772
2994,2008,GIN,9898870.0,11730748654.0,0.5199999809265137,0.0,0.2000000029802322,0.7919188737869263
2995,2009,GIN,10143540.0,11707653951.0,0.5199999809265137,0.0,0.1899999976158142,0.8393223285675049
2996,2010,GIN,10396090.0,12362234837.0,0.4799999892711639,0.0,0.1099999994039535,0.9263287782669068
2997,2011,GIN,10656812.0,13233698841.0,0.4099999964237213,0.0,0.1000000014901161,0.8927996158599854
2998,2012,GIN,10921580.0,14087313893.0,0.4900000095367431,0.0,0.1700000017881393,0.8044613003730774
2999,2013,GIN,11191874.0,14709018009.0,0.4799999892711639,0.0,0.1199999973177909,0.6792709827423096
3000,2014,GIN,11472921.0,14874105154.0,0.4199999868869781,0.0,0.2000000029802322,0.7030990719795227
3001,2015,GIN,11767077.0,14900874140.0,0.8999999761581421,0.0,0.1800000071525573,0.8090311288833618
3002,2016,GIN,12073031.0,16533568057.0,1.100000023841858,0.0,0.3700000047683716,0.8138460516929626
3003,2017,GIN,12385668.0,18265129177.0,1.2300000190734863,0.0,0.3899999856948852,0.7304611802101135
3004,2018,GIN,12704776.0,19467826772.0,1.2100000381469729,0.0,0.5099999904632568,0.7351308465003967
3005,2019,GIN,13034349.0,20561330331.0,1.309999942779541,0.0,0.5199999809265137,0.91302889585495
3006,2020,GIN,13371185.0,21528646361.0,1.5099999904632568,0.0,0.6800000071525574,0.9814234972000122
3007,2021,GIN,13710515.0,22615336825.0,2.6600000858306885,0.0,0.699999988079071,0.9256464838981628
3008,2022,GIN,14055136.0,23678257190.0,2.9800000190734863,0.0,0.7400000095367432,0.9097527265548706
3009,2023,GIN,14405469.0,23678257190.0,2.9800000190734863,0.0,0.7400000095367432,0.9097527265548706
3010,2024,GIN,14754779.0,23678257190.0,3.0299999713897705,0.0,0.7300000190734863,0.9097527265548706
3011,1990,GNB,973678.0,1261819956.0,0.0,0.0,0.0199999995529651,0.8965352177619934
3012,1991,GNB,994640.0,1300711311.0,0.0,0.0,0.0199999995529651,0.8697287440299988
3013,1992,GNB,1024365.0,1333901605.0,0.0,0.0,0.0199999995529651,0.9009378552436828
3014,1993,GNB,1058755.0,1360698820.0,0.0,0.0,0.0199999995529651,0.967703938484192
3015,1994,GNB,1092037.0,1398135470.0,0.0,0.0,0.0199999995529651,0.941792607307434
3016,1995,GNB,1119950.0,1448758085.0,0.0,0.0,0.0199999995529651,0.9088844060897828
3017,1996,GNB,1143544.0,1501514648.0,0.0,0.0,0.0199999995529651,0.8418002128601074
3018,1997,GNB,1165550.0,1589254020.0,0.0,0.0,0.0199999995529651,0.8285356760025024
3019,1998,GNB,1187478.0,1315465409.0,0.0,0.0,0.0199999995529651,1.0009793043136597
3020,1999,GNB,1210211.0,1485364038.0,0.0,0.0,0.0199999995529651,0.8864856958389282
3021,2000,GNB,1234747.0,1486201658.0,0.0,0.0,0.0199999995529651,0.6707124710083008
3022,2001,GNB,1261281.0,1520990575.0,0.0,0.0,0.0099999997764825,0.6674190163612366
3023,2002,GNB,1289317.0,1507700424.0,0.0,0.0,0.0099999997764825,0.6878441572189331
3024,2003,GNB,1318809.0,1522869105.0,0.0,0.0,0.0099999997764825,0.7917238473892212
3025,2004,GNB,1349569.0,1573921435.0,0.0,0.0,0.0199999995529651,0.7926023006439209
3026,2005,GNB,1381590.0,1653070519.0,0.0,0.0,0.0199999995529651,0.7643728852272034
3027,2006,GNB,1415315.0,1701901067.0,0.0,0.0,0.0199999995529651,0.7593662738800049
3028,2007,GNB,1450989.0,1768965179.0,0.0,0.0,0.0199999995529651,0.7762336730957031
3029,2008,GNB,1488059.0,1837842538.0,0.0,0.0,0.0199999995529651,0.727653980255127
3030,2009,GNB,1526384.0,1913611627.0,0.0,0.0,0.0199999995529651,0.7240381240844727
3031,2010,GNB,1566352.0,2015432308.0,0.0,0.0,0.0199999995529651,0.705478310585022
3032,2011,GNB,1608084.0,2192198781.0,0.0,0.0,0.0199999995529651,0.6581013798713684
3033,2012,GNB,1651425.0,2160239109.0,0.0,0.0,0.0199999995529651,0.6809839606285095
3034,2013,GNB,1695980.0,2238347369.0,0.0,0.0,0.0099999997764825,0.6727574467658997
3035,2014,GNB,1741126.0,2253617077.0,0.0,0.0,0.0199999995529651,0.7018317580223083
3036,2015,GNB,1786461.0,2372699688.0,0.0,0.0,0.0399999991059303,0.6890549659729004
3037,2016,GNB,1831898.0,2519068025.0,0.0,0.0,0.050000000745058,0.6757340431213379
3038,2017,GNB,1877074.0,2668676184.0,0.0,0.0,0.050000000745058,0.5161384344100952
3039,2018,GNB,1922167.0,2771625236.0,0.0,0.0,0.050000000745058,0.5306452512741089
3040,2019,GNB,1967704.0,2896348420.0,0.0,0.0,0.050000000745058,0.5200754404067993
3041,2020,GNB,2013259.0,2939793794.0,0.0,0.0,0.050000000745058,0.4796241223812103
3042,2021,GNB,2058841.0,3127940606.0,0.0,0.0,0.050000000745058,0.4541448056697845
3043,2022,GNB,2105535.0,3259313986.0,0.0,0.0,0.050000000745058,0.4426652491092682
3044,2023,GNB,2153343.0,3259313986.0,0.0,0.0,0.050000000745058,0.4426652491092682
3045,2024,GNB,2201360.0,3259313986.0,0.0,0.0,0.050000000745058,0.4426652491092682
3046,1990,GUY,749891.0,0.0,0.0099999997764825,0.0,0.5899999737739563,0.0
3047,1991,GUY,747870.0,0.0,0.0099999997764825,0.0,0.5899999737739563,0.0
3048,1992,GUY,749919.0,0.0,0.0099999997764825,0.0,0.5899999737739563,0.0
3049,1993,GUY,752969.0,0.0,0.0099999997764825,0.0,0.5899999737739563,0.0
3050,1994,GUY,755821.0,0.0,0.0099999997764825,0.0,0.5899999737739563,0.0
3051,1995,GUY,758395.0,0.0,0.0099999997764825,0.0,0.5899999737739563,0.0
3052,1996,GUY,760535.0,0.0,0.0099999997764825,0.0,0.5899999737739563,0.0
3053,1997,GUY,762250.0,0.0,0.0099999997764825,0.0,0.5899999737739563,0.0
3054,1998,GUY,763596.0,0.0,0.0099999997764825,0.0,0.5899999737739563,0.0
3055,1999,GUY,764490.0,0.0,0.0099999997764825,0.0,0.5899999737739563,0.0
3056,2000,GUY,764836.0,0.0,0.0099999997764825,0.0,0.5899999737739563,0.0
3057,2001,GUY,764484.0,0.0,0.0099999997764825,0.0,0.6000000238418579,0.0
3058,2002,GUY,763657.0,0.0,0.0099999997764825,0.0,0.6000000238418579,0.0
3059,2003,GUY,763107.0,0.0,0.0099999997764825,0.0,0.5299999713897705,0.0
3060,2004,GUY,762424.0,0.0,0.0099999997764825,0.0,0.5600000023841858,0.0
3061,2005,GUY,760922.0,0.0,0.0099999997764825,0.0,0.4199999868869781,0.0
3062,2006,GUY,758976.0,0.0,0.0099999997764825,0.0,0.4300000071525574,0.0
3063,2007,GUY,756874.0,0.0,0.0099999997764825,0.0,0.449999988079071,0.0
3064,2008,GUY,754614.0,0.0,0.0099999997764825,0.0,0.4600000083446502,0.0
3065,2009,GUY,752097.0,0.0,0.0099999997764825,0.0,0.5400000214576721,0.0
3066,2010,GUY,749259.0,0.0,0.0399999991059303,0.0,0.5799999833106995,0.0
3067,2011,GUY,746161.0,0.0,0.050000000745058,0.0,0.6000000238418579,0.0
3068,2012,GUY,746296.0,0.0,0.0399999991059303,0.0,0.6200000047683716,0.0
3069,2013,GUY,750020.0,0.0,0.0399999991059303,0.0,0.6299999952316284,0.0
3070,2014,GUY,754231.0,0.0,0.0399999991059303,0.0,0.6399999856948853,0.0
3071,2015,GUY,758783.0,0.0,0.0399999991059303,0.0,0.6499999761581421,0.0
3072,2016,GUY,763553.0,0.0,0.0399999991059303,0.0,0.7099999785423279,0.0
3073,2017,GUY,768483.0,0.0,0.0399999991059303,0.0,0.7200000286102295,0.0
3074,2018,GUY,791563.0,0.0,0.0299999993294477,0.0,0.7300000190734863,0.0
3075,2019,GUY,807668.0,0.0,0.0399999991059303,0.0,0.7300000190734863,0.0
3076,2020,GUY,807486.0,0.0,0.0299999993294477,0.0,0.7300000190734863,0.0
3077,2021,GUY,815484.0,0.0,0.0399999991059303,0.0,0.7300000190734863,0.0
3078,2022,GUY,821638.0,0.0,0.0299999993294477,0.0,0.8299999833106995,0.0
3079,2023,GUY,826357.0,0.0,0.0399999991059303,0.0,0.8899999856948853,0.0
3080,2024,GUY,831092.0,0.0,0.0399999991059303,0.0,0.8899999856948853,0.0
3081,1990,HTI,6854444.0,10773450000.0,0.2800000011920929,0.0,0.1800000071525573,0.314508706331253
3082,1991,HTI,6995455.0,11156723437.0,0.2800000011920929,0.0,0.1800000071525573,0.312010258436203
3083,1992,HTI,7136577.0,10725683419.0,0.2800000011920929,0.0,0.1800000071525573,0.3588954508304596
3084,1993,HTI,7278182.0,10302867632.0,0.2800000011920929,0.0,0.1800000071525573,0.2770326137542724
3085,1994,HTI,7419776.0,9215060363.0,0.2800000011920929,0.0,0.1800000071525573,0.2651313841342926
3086,1995,HTI,7562551.0,10289435607.0,0.2800000011920929,0.0,0.1800000071525573,0.3937909305095672
3087,1996,HTI,7707560.0,10882101707.0,0.2800000011920929,0.0,0.1800000071525573,0.4364056289196014
3088,1997,HTI,7854304.0,11346974445.0,0.2800000011920929,0.0,0.1800000071525573,0.5302841067314148
3089,1998,HTI,8002144.0,11780950427.0,0.2800000011920929,0.0,0.1800000071525573,0.4836117327213287
3090,1999,HTI,8151301.0,12289767443.0,0.2800000011920929,0.0,0.1800000071525573,0.5119088292121887
3091,2000,HTI,8303151.0,12590117444.0,0.2800000011920929,0.0,0.1800000071525573,0.5109345316886902
3092,2001,HTI,8455917.0,12654293375.0,0.2800000011920929,0.0,0.209999993443489,0.5560464859008789
3093,2002,HTI,8607648.0,12820096281.0,0.2599999904632568,0.0,0.2000000029802322,0.609974205493927
3094,2003,HTI,8759913.0,13072600973.0,0.25,0.0,0.1899999976158142,0.5515402555465698
3095,2004,HTI,8910267.0,12808948010.0,0.2599999904632568,0.0,0.2000000029802322,0.6539542078971863
3096,2005,HTI,9061274.0,13245370242.0,0.2599999904632568,0.0,0.2000000029802322,0.6606292128562927
3097,2006,HTI,9216569.0,13759840125.0,0.270000010728836,0.0,0.209999993443489,0.6514334082603455
3098,2007,HTI,9373300.0,14437110458.0,0.1500000059604644,0.0,0.2000000029802322,0.6878190636634827
3099,2008,HTI,9530782.0,14789629003.0,0.1800000071525573,0.0,0.2000000029802322,0.6732500791549683
3100,2009,HTI,9689585.0,15482895499.0,0.2000000029802322,0.0,0.3400000035762787,0.607476532459259
3101,2010,HTI,9803299.0,14869726114.0,0.1700000017881393,0.0,0.3400000035762787,0.5885295867919922
3102,2011,HTI,9914904.0,15936160000.0,0.1199999973177909,0.0,0.5699999928474426,0.5848645567893982
3103,2012,HTI,10069770.0,16393482000.0,0.2199999988079071,0.0,0.5899999737739563,0.6159565448760986
3104,2013,HTI,10222365.0,17085684000.0,0.1400000005960464,0.0,0.6000000238418579,0.6312704086303711
3105,2014,HTI,10373241.0,17572203000.0,0.0900000035762786,0.0,0.6200000047683716,0.6678347587585449
3106,2015,HTI,10523249.0,17862468000.0,0.0799999982118606,0.0,0.6299999952316284,0.7515566349029541
3107,2016,HTI,10671462.0,18337150574.0,0.0700000002980232,0.0,0.6600000262260437,0.7615549564361572
3108,2017,HTI,10817759.0,18822570039.0,0.1299999952316284,0.0,0.6100000143051147,0.730964183807373
3109,2018,HTI,10962373.0,19129086184.0,0.1899999976158142,0.0,0.5600000023841858,0.6026726365089417
3110,2019,HTI,11105165.0,18799472313.0,0.1700000017881393,0.0,0.5899999737739563,0.6303102374076843
3111,2020,HTI,11243846.0,18185520397.0,0.1400000005960464,0.0,0.5799999833106995,0.6435979008674622
3112,2021,HTI,11374592.0,17851170361.0,0.1299999952316284,0.0,0.5899999737739563,0.6315769553184509
3113,2022,HTI,11503603.0,17550916862.0,0.1899999976158142,0.0,0.5400000214576721,0.6875944137573242
3114,2023,HTI,11637402.0,17550916862.0,0.1899999976158142,0.0,0.4300000071525574,0.6875944137573242
3115,2024,HTI,11772562.0,17550916862.0,0.1599999964237213,0.0,0.4600000083446502,0.6875944137573242
3116,1990,HND,4980493.0,14201085625.0,2.25,0.0,0.959999978542328,0.9191769361495972
3117,1991,HND,5123797.0,14777670050.0,2.25,0.0,0.959999978542328,0.8759512901306152
3118,1992,HND,5271437.0,15733343099.0,2.25,0.0,0.959999978542328,0.8522119522094727
3119,1993,HND,5423253.0,16847892598.0,2.25,0.0,0.959999978542328,0.7856863737106323
3120,1994,HND,5579247.0,16756478908.0,2.25,0.0,0.959999978542328,0.8422736525535583
3121,1995,HND,5739636.0,17579243982.0,2.25,0.0,0.959999978542328,0.9014694690704346
3122,1996,HND,5903962.0,18358896091.0,2.25,0.0,0.959999978542328,0.9464134573936462
3123,1997,HND,6071458.0,19427979548.0,2.25,0.0,0.959999978542328,0.9232433438301086
3124,1998,HND,6234436.0,20150664632.0,2.25,0.0,0.959999978542328,0.9863346815109252
3125,1999,HND,6400470.0,19928432930.0,2.25,0.0,0.959999978542328,1.060834288597107
3126,2000,HND,6577781.0,21239307387.0,2.25,0.0,0.959999978542328,0.937853455543518
3127,2001,HND,6757992.0,21992955509.0,1.940000057220459,0.0,1.350000023841858,1.0412989854812622
3128,2002,HND,6938866.0,22983633152.0,1.690000057220459,0.0,1.6799999475479126,1.039844632148743
3129,2003,HND,7119213.0,24205428089.0,1.919999957084656,0.0,1.899999976158142,1.0958731174468994
3130,2004,HND,7299003.0,25910108120.0,1.7599999904632568,0.0,2.3499999046325684,1.1383641958236694
3131,2005,HND,7478362.0,27704981594.0,1.830000042915344,0.0,2.5,1.0369089841842651
3132,2006,HND,7656832.0,29769398424.0,2.190000057220459,0.0,2.559999942779541,0.9066001176834106
3133,2007,HND,7834806.0,31871721735.0,2.359999895095825,0.0,2.680000066757202,1.0720207691192627
3134,2008,HND,8012590.0,33484306097.0,2.470000028610229,0.0,2.7300000190734863,1.0039483308792114
3135,2009,HND,8189904.0,32923391943.0,3.25,0.0,2.549999952316284,0.9610845446586608
3136,2010,HND,8365881.0,34409603132.0,3.5,0.0,2.5999999046325684,0.9504106640815736
3137,2011,HND,8540587.0,35990758725.0,3.440000057220459,0.0,2.859999895095825,0.9317216873168944
3138,2012,HND,8715081.0,37443688294.0,3.640000104904175,0.0,2.9800000190734863,0.9671837687492372
3139,2013,HND,8889276.0,38446700070.0,3.619999885559082,0.0,3.2300000190734863,0.955521285533905
3140,2014,HND,9063127.0,39484545761.0,3.369999885559082,0.0,3.4100000858306885,0.9850866198539734
3141,2015,HND,9237306.0,40757802007.0,3.9700000286102295,0.0,3.549999952316284,1.0856066942214966
3142,2016,HND,9412380.0,42125312119.0,4.46999979019165,0.0,3.430000066757202,0.9965704083442688
3143,2017,HND,9588144.0,43936103834.0,5.380000114440918,0.0,2.9200000762939453,0.9947171211242676
3144,2018,HND,9765209.0,45477892182.0,6.099999904632568,0.0,2.680000066757202,0.972798764705658
3145,2019,HND,9943637.0,46684518271.0,5.639999866485596,0.0,3.650000095367432,1.0426090955734253
3146,2020,HND,10119638.0,42499283305.0,5.539999961853027,0.0,3.309999942779541,1.044259548187256
3147,2021,HND,10289881.0,47826185166.0,6.829999923706055,0.0,3.1600000858306885,1.0597167015075684
3148,2022,HND,10463880.0,49738252980.0,6.760000228881836,0.0,3.359999895095825,1.065840721130371
3149,2023,HND,10644853.0,49738252980.0,6.789999961853027,0.0,4.099999904632568,1.065840721130371
3150,2024,HND,10825704.0,49738252980.0,6.920000076293945,0.0,4.019999980926514,1.065840721130371
3151,1990,HKG,5560599.0,159035333203.0,0.0,139.3577423095703,24.770000457763672,0.8762690424919128
3152,1991,HKG,5628091.0,166388672053.0,0.0,144.389404296875,24.770000457763672,0.8677839636802673
3153,1992,HKG,5759558.0,174712323919.0,0.0,169.92892456054688,24.770000457763672,0.9726212620735168
3154,1993,HKG,5902506.0,183841594031.0,0.0,185.50230407714844,24.770000457763672,1.0090333223342896
3155,1994,HKG,6042259.0,193897052623.0,0.0,168.0928955078125,24.770000457763672,0.8669182658195496
3156,1995,HKG,6177105.0,196081470595.0,0.0,180.68063354492188,24.770000457763672,0.9214569330215454
3157,1996,HKG,6302469.0,207053020618.0,0.0,180.5910186767578,24.770000457763672,0.8721969723701477
3158,1997,HKG,6416674.0,216031296787.0,0.0,182.69309997558597,24.770000457763672,0.8456788659095764
3159,1998,HKG,6521331.0,201421963837.0,0.0,186.2337646484375,24.770000457763672,0.9245951175689696
3160,1999,HKG,6616524.0,205093825462.0,0.0,188.6217498779297,24.770000457763672,0.9196851849555968
3161,2000,HKG,6704665.0,218622146616.0,0.0,197.47531127929688,24.770000457763672,0.903272271156311
3162,2001,HKG,6774243.0,219159408785.0,0.0,249.42022705078125,25.770000457763672,1.1380767822265625
3163,2002,HKG,6821412.0,222182532288.0,0.0,243.4325256347656,27.6299991607666,1.09564208984375
3164,2003,HKG,6858906.0,225487397415.0,0.0,251.40542602539065,30.700000762939453,1.1149423122406006
3165,2004,HKG,6888164.0,243895605092.0,0.0,281.5269470214844,30.729999542236328,1.1542928218841553
3166,2005,HKG,6908483.0,259469641313.0,0.0,270.0904541015625,32.04999923706055,1.0409327745437622
3167,2006,HKG,6931089.0,274690745926.0,0.0,285.75048828125,31.940000534057617,1.0402697324752808
3168,2007,HKG,6971344.0,291247413551.0,0.0,304.01202392578125,32.939998626708984,1.0438357591629028
3169,2008,HKG,7020689.0,295823304243.0,0.0,282.8510131835937,31.309999465942383,0.9561561346054076
3170,2009,HKG,7064464.0,285619082956.0,0.0,308.8552551269531,32.33000183105469,1.081364393234253
3171,2010,HKG,7101614.0,302377330309.0,0.0399999991059303,321.0028686523437,30.57999992370605,1.0621685981750488
3172,2011,HKG,7142969.0,314044556431.0,0.0399999991059303,328.8775329589844,32.66999816894531,1.0486762523651123
3173,2012,HKG,7201059.0,319384208506.0,0.0399999991059303,316.2942199707031,31.290000915527344,0.990936517715454
3174,2013,HKG,7264330.0,329290162080.0,0.0399999991059303,324.50372314453125,33.33000183105469,0.9870554208755492
3175,2014,HKG,7319502.0,338386398632.0,0.0399999991059303,316.7261962890625,34.20000076293945,0.9374128580093384
3176,2015,HKG,7366411.0,346466191769.0,0.0700000002980232,325.7787170410156,30.850000381469727,0.9422309398651124
3177,2016,HKG,7408006.0,354003396927.0,0.1400000005960464,334.3590393066406,31.07999992370605,0.94646817445755
3178,2017,HKG,7444889.0,367441685993.0,0.1500000059604644,358.5839233398437,29.940000534057617,0.97795307636261
3179,2018,HKG,7471190.0,377902310676.0,0.1500000059604644,362.6946411132813,28.899999618530277,0.962082862854004
3180,2019,HKG,7485817.0,371582312306.0,0.1599999964237213,343.6655578613281,28.690000534057617,0.927236557006836
3181,2020,HKG,7490240.0,347263059452.0,0.1899999976158142,256.7388000488281,23.5,0.7427992820739746
3182,2021,HKG,7484604.0,369654417943.0,0.2599999904632568,242.0644378662109,25.049999237060547,0.6592275500297546
3183,2022,HKG,7465913.0,356690492875.0,0.3300000131130218,215.3578643798828,24.6299991607666,0.6095179915428162
3184,2023,HKG,7442738.0,356690492875.0,0.3600000143051147,248.55679321289065,25.459999084472656,0.6095179915428162
3185,2024,HKG,7414914.0,356690492875.0,0.3899999856948852,270.01177978515625,25.290000915527344,0.6095179915428162
3186,1990,HUN,10381280.0,106788855164.0,0.2000000029802322,283.712890625,15.869999885559082,3.027052164077759
3187,1991,HUN,10378174.0,95825225553.0,0.209999993443489,262.30322265625,15.869999885559082,3.150540351867676
3188,1992,HUN,10371477.0,94567780137.0,0.209999993443489,249.41485595703125,15.869999885559082,3.06290340423584
3189,1993,HUN,10356869.0,95740692963.0,0.209999993443489,239.07958984375,15.869999885559082,2.912463903427124
3190,1994,HUN,10339936.0,100339331340.0,0.209999993443489,243.1007080078125,15.869999885559082,2.826256513595581
3191,1995,HUN,10322792.0,104751822959.0,0.2199999988079071,246.34078979492188,15.869999885559082,2.7379050254821777
3192,1996,HUN,10302238.0,106886865711.0,0.2599999904632568,251.24099731445312,15.869999885559082,2.734186887741089
3193,1997,HUN,10278600.0,112676520011.0,0.270000010728836,244.75489807128903,15.869999885559082,2.5311148166656494
3194,1998,HUN,10251717.0,119818720518.0,0.2199999988079071,249.24668884277344,15.869999885559082,2.415958404541016
3195,1999,HUN,10219797.0,126176462095.0,0.2399999946355819,248.59744262695312,15.869999885559082,2.2931199073791504
3196,2000,HUN,10190598.0,134151505450.0,0.2399999946355819,239.8325042724609,15.869999885559082,2.093173027038574
3197,2001,HUN,10166693.0,142043461403.0,0.2599999904632568,247.04904174804688,15.989999771118164,2.025044202804565
3198,2002,HUN,10138461.0,151456660939.0,0.2300000041723251,241.12794494628903,15.630000114440918,1.854736089706421
3199,2003,HUN,10108970.0,160456137012.0,0.3300000131130218,252.7170562744141,16.0,1.7723667621612549
3200,2004,HUN,10085788.0,171925388770.0,0.9399999976158142,253.0567626953125,14.539999961853027,1.6805356740951538
3201,2005,HUN,10065703.0,183107031890.0,1.870000004768372,264.13580322265625,13.68000030517578,1.682498335838318
3202,2006,HUN,10049946.0,194033322767.0,1.4900000095367432,260.4930114746094,13.979999542236328,1.5567457675933838
3203,2007,HUN,10034084.0,198872162765.0,1.8799999952316284,252.03384399414065,15.420000076293944,1.4988800287246704
3204,2008,HUN,10016653.0,204720371926.0,2.3499999046325684,244.67544555664065,15.050000190734863,1.4355995655059814
3205,2009,HUN,10001381.0,195180908684.0,2.890000104904175,220.37940979003903,12.350000381469728,1.3971058130264282
3206,2010,HUN,9979128.0,200496589291.0,3.0199999809265137,224.50962829589844,12.739999771118164,1.3856946229934692
3207,2011,HUN,9946675.0,208407605976.0,2.7100000381469727,217.82354736328125,12.289999961853027,1.2929660081863403
3208,2012,HUN,9916621.0,205802052322.0,2.640000104904175,199.77081298828125,11.520000457763672,1.2201820611953735
3209,2013,HUN,9889344.0,209511661762.0,2.7799999713897705,187.8143768310547,9.609999656677246,1.136172652244568
3210,2014,HUN,9862843.0,218378634753.0,3.1600000858306885,185.84884643554688,8.819999694824219,1.091080904006958
3211,2015,HUN,9839211.0,226474616785.0,3.220000028610229,198.3266448974609,9.06999969482422,1.1084671020507812
3212,2016,HUN,9810529.0,231459349147.0,3.25,202.30747985839844,9.56999969482422,1.103843092918396
3213,2017,HUN,9785608.0,241347220007.0,3.4800000190734863,215.88479614257807,9.56999969482422,1.1157926321029663
3214,2018,HUN,9774395.0,254289117363.0,3.7699999809265137,217.81222534179688,9.119999885559082,1.0665127038955688
3215,2019,HUN,9770346.0,266658311342.0,4.699999809265137,217.7583770751953,9.119999885559082,1.0308791399002075
3216,2020,HUN,9749459.0,254563881936.0,5.519999980926514,210.90403747558597,8.989999771118164,1.061923265457153
3217,2021,HUN,9707848.0,272892486007.0,6.909999847412109,221.13987731933597,8.609999656677246,1.0405502319335938
3218,2022,HUN,9684308.0,285385229433.0,7.659999847412109,202.7487945556641,8.1899995803833,0.935742199420929
3219,2023,HUN,9686465.0,285385229433.0,9.380000114440918,186.74871826171875,6.96999979019165,0.935742199420929
3220,2024,HUN,9676135.0,285385229433.0,11.960000038146973,186.58541870117188,7.010000228881836,0.935742199420929
3221,2025,HUN,9632286.0,285385229433.0,14.210000038146973,186.58541870117188,6.559999942779541,0.935742199420929
3222,1990,ISL,254842.0,7325718271.0,4.436609745025635,8.602876663208008,0.2000000029802322,2.960540533065796
3223,1991,ISL,257817.0,7288590266.0,4.420724868774414,8.147544860839844,0.2000000029802322,2.9069652557373047
3224,1992,ISL,261087.0,7011078151.0,4.534067153930664,8.55443286895752,0.2000000029802322,3.128501415252685
3225,1993,ISL,263760.0,7076878574.0,4.715270042419434,8.872780799865723,0.2000000029802322,3.2196969985961914
3226,1994,ISL,266063.0,7301854318.0,4.767660140991211,8.972947120666504,0.2000000029802322,3.155362844467163
3227,1995,ISL,267516.0,7280955133.0,4.9653639793396,9.13400173187256,0.2000000029802322,3.266343593597412
3228,1996,ISL,268967.0,7601917128.0,5.105448246002197,10.112202644348145,0.2000000029802322,3.3107388019561768
3229,1997,ISL,271194.0,8108417582.0,5.574377536773682,9.964473724365234,0.2000000029802322,3.256279468536377
3230,1998,ISL,274121.0,8607334873.0,6.268233776092529,10.112936973571776,0.2000000029802322,3.3192694187164307
3231,1999,ISL,277450.0,8919642339.0,7.17751407623291,10.212201118469238,0.2000000029802322,3.509148359298706
3232,2000,ISL,281293.0,9307402059.0,7.610000133514404,10.698216438293455,0.2000000029802322,3.57023549079895
3233,2001,ISL,285058.0,9632094658.0,7.960000038146973,10.20082664489746,0.2000000029802322,3.4883201122283936
3234,2002,ISL,287609.0,9623436669.0,8.34000015258789,10.558629035949709,0.2199999988079071,3.627743721008301
3235,2003,ISL,289616.0,9810546928.0,8.430000305175781,10.637617111206056,0.2300000041723251,3.576395034790039
3236,2004,ISL,292172.0,10591927126.0,8.539999961853027,11.129196166992188,0.2300000041723251,3.378119945526123
3237,2005,ISL,296852.0,11206862490.0,8.609999656677246,11.256199836730955,0.2300000041723251,3.203768253326416
3238,2006,ISL,303883.0,11775508947.0,9.850000381469728,11.453036308288574,0.270000010728836,3.3444206714630127
3239,2007,ISL,311662.0,12798725464.0,11.890000343322754,11.569497108459473,0.3300000131130218,3.517573356628418
3240,2008,ISL,317519.0,13031114591.0,16.34000015258789,10.640056610107422,0.4399999976158142,4.331998348236084
3241,2009,ISL,318619.0,12031037299.0,16.709999084472656,9.860662460327148,0.4600000083446502,4.68413782119751
3242,2010,ISL,318163.0,11531450215.0,16.739999771118164,9.542614936828612,0.4600000083446502,4.889760494232178
3243,2011,ISL,319139.0,11716753534.0,16.850000381469727,9.428261756896973,0.4600000083446502,4.8116960525512695
3244,2012,ISL,320851.0,11841375384.0,17.290000915527344,9.36335563659668,0.4799999892711639,4.805026531219482
3245,2013,ISL,323891.0,12380449213.0,17.989999771118164,9.902570724487305,0.5,4.742694854736328
3246,2014,ISL,327517.0,12589333385.0,17.799999237060547,10.06750202178955,0.5,4.657095909118652
3247,2015,ISL,330962.0,13147880818.0,18.549999237060547,10.999993324279783,0.5099999904632568,4.655299186706543
3248,2016,ISL,335571.0,13976682094.0,18.170000076293945,12.187073707580566,0.5,4.396013259887695
3249,2017,ISL,343537.0,14562998209.0,19.06999969482422,13.438394546508787,0.5199999809265137,4.411563873291016
3250,2018,ISL,352860.0,15275006901.0,19.690000534057617,14.440814971923828,0.5600000023841858,4.350804328918457
3251,2019,ISL,360709.0,15550746271.0,19.36000061035156,12.403624534606934,0.550000011920929,4.072352886199951
3252,2020,ISL,366626.0,14424580947.0,18.88999938964844,8.271175384521484,0.5299999713897705,4.026564598083496
3253,2021,ISL,372647.0,15049658393.0,19.38999938964844,9.626779556274414,0.5400000214576721,4.029631614685059
3254,2022,ISL,380368.0,16019540441.0,19.8700008392334,11.700956344604492,0.550000011920929,3.977871417999268
3255,2023,ISL,387559.0,16019540441.0,19.809999465942383,11.912291526794434,0.550000011920929,3.977871417999268
3256,2024,ISL,393404.0,16019540441.0,19.049999237060547,12.601158142089844,0.5299999713897705,3.977871417999268
3257,1990,IND,864972221.0,1750993000000.0,66.46495056152344,2086.0107421875,422.8500061035156,1.3139407634735107
3258,1991,IND,883927605.0,1768493598375.0,74.12686920166016,2193.086669921875,422.8500061035156,1.3727293014526367
3259,1992,IND,902957075.0,1851711465033.0,70.26860809326172,2326.7900390625,422.8500061035156,1.3786015510559082
3260,1993,IND,922118380.0,1944353884791.0,71.07931518554688,2388.339111328125,422.8500061035156,1.3455616235733032
3261,1994,IND,941163772.0,2055026658036.0,80.78367614746094,2504.123046875,422.8500061035156,1.341647386550903
3262,1995,IND,960301046.0,2189535837458.0,76.98214721679688,2713.743408203125,422.8500061035156,1.3533086776733398
3263,1996,IND,979678460.0,2345228680352.0,70.69812774658203,2848.56103515625,422.8500061035156,1.314000368118286
3264,1997,IND,999133764.0,2426804815330.0,72.18673706054688,3009.74462890625,422.8500061035156,1.3400375843048096
3265,1998,IND,1018665080.0,2567853125008.0,86.01031494140625,3162.595458984375,422.8500061035156,1.3433387279510498
3266,1999,IND,1038225822.0,2710353015518.0,85.38758850097656,3257.3603515625,422.8500061035156,1.30845046043396
3267,2000,IND,1057922731.0,2804478499774.0,80.2699966430664,3442.302978515625,422.8500061035156,1.3283756971359253
3268,2001,IND,1077898579.0,2940745466088.0,76.19000244140625,3462.326416015625,438.0400085449219,1.272083401679993
3269,2002,IND,1097600380.0,3024984520809.0,72.77999877929688,3602.576416015625,460.739990234375,1.27961266040802
3270,2003,IND,1116803000.0,3251114494190.0,74.62999725341797,3739.9462890625,483.7099914550781,1.233026385307312
3271,2004,IND,1135991509.0,3495022816540.0,109.1999969482422,3977.076416015625,505.4400024414063,1.2453856468200684
3272,2005,IND,1154676321.0,3752627653422.0,107.47000122070312,4249.498046875,517.1400146484375,1.228050708770752
3273,2006,IND,1172878888.0,4069856052453.0,127.55999755859376,4440.67626953125,538.25,1.192884087562561
3274,2007,IND,1190676028.0,4403215224414.0,141.75,4815.8564453125,571.6099853515625,1.196616530418396
3275,2008,IND,1207930960.0,4649548164533.0,138.91000366210938,5139.8974609375,607.2899780273438,1.19937002658844
3276,2009,IND,1225524764.0,4993478894185.0,133.25,5566.13671875,654.1799926757812,1.1992419958114624
3277,2010,IND,1243481565.0,5361371354007.0,141.52999877929688,5786.57861328125,692.3900146484375,1.1653529405593872
3278,2011,IND,1261224956.0,5720692888000.0,171.94000244140625,6017.4873046875,745.4500122070312,1.1514357328414917
3279,2012,IND,1278674501.0,6052427493607.0,161.8300018310547,6396.478515625,808.5399780273438,1.1462786197662354
3280,2013,IND,1295829507.0,6424470752490.0,182.9900054931641,6565.57763671875,843.3599853515625,1.1149652004241943
3281,2014,IND,1312277184.0,6875186158349.0,198.5,7011.5830078125,935.47998046875,1.113094449043274
3282,2015,IND,1328024494.0,7391521519812.0,191.6699981689453,7264.5771484375,983.739990234375,1.067776083946228
3283,2016,IND,1343944296.0,8057465593010.0,201.3999938964844,7609.86376953125,1048.81005859375,1.0254907608032229
3284,2017,IND,1359657398.0,8550029645172.0,225.9600067138672,7861.3515625,1086.6800537109375,1.0025311708450315
3285,2018,IND,1374659067.0,9173201683791.0,256.0799865722656,8266.076171875,1159.43994140625,0.9880258440971376
3286,2019,IND,1389030307.0,9595463242427.0,282.0400085449219,8373.4677734375,1156.9599609375,0.967289924621582
3287,2020,IND,1402617694.0,8945313249462.0,297.1600036621094,7856.12548828125,1108.56005859375,0.9828855991363524
3288,2021,IND,1414203896.0,9801621018003.0,315.45001220703125,8565.3505859375,1200.8499755859375,0.9738153219223022
3289,2022,IND,1425423209.0,10476248645535.0,364.3500061035156,8948.373046875,1273.6099853515625,0.960217535495758
3290,2023,IND,1438069597.0,10476248645535.0,369.9700012207031,9696.802734375,1368.4100341796875,0.960217535495758
3291,2024,IND,1450935785.0,10476248645535.0,403.3900146484375,10111.3876953125,1436.5699462890625,0.960217535495758
3292,2025,IND,1463865527.0,10476248645535.0,500.9800109863281,10111.3876953125,1394.949951171875,0.960217535495758
3293,1990,IDN,183501097.0,718548888843.0,7.619860172271728,577.7810668945312,61.83000183105469,0.8352652192115784
3294,1991,IDN,186778239.0,786440054225.0,8.460630416870117,628.0452880859375,61.83000183105469,0.8302456140518188
3295,1992,IDN,190043742.0,841780430872.0,10.731220245361328,685.2572021484375,61.83000183105469,0.8516001105308533
3296,1993,IDN,193305169.0,912702668892.0,9.983049392700195,734.45263671875,61.83000183105469,0.8369019627571106
3297,1994,IDN,196591829.0,986200274496.0,9.5868501663208,771.4893798828125,61.83000183105469,0.8108360767364502
3298,1995,IDN,199888055.0,1072204353033.0,10.505670547485352,839.4822998046875,61.83000183105469,0.8116773366928101
3299,1996,IDN,203204353.0,1161281457768.0,11.167240142822266,900.4041137695312,61.83000183105469,0.8035489320755005
3300,1997,IDN,206536089.0,1221454544616.0,8.593999862670898,987.6079711914062,61.83000183105469,0.8290895819664001
3301,1998,IDN,209826791.0,1066065643776.0,13.649999618530272,955.59765625,61.83000183105469,0.9338719844818116
3302,1999,IDN,213004667.0,1079382527522.0,14.320509910583496,1045.1099853515625,61.83000183105469,1.0070440769195557
3303,2000,IDN,216077789.0,1138300071768.0,19.600000381469727,1120.755126953125,61.83000183105469,1.0227521657943726
3304,2001,IDN,219097905.0,1185220908414.0,22.190000534057617,1195.4317626953125,66.45999908447266,1.051858901977539
3305,2002,IDN,222088499.0,1244249942443.0,21.0,1234.5374755859375,72.73999786376953,1.029551386833191
3306,2003,IDN,225048005.0,1309811268640.0,19.81999969482422,1347.74853515625,77.06999969482422,1.0625025033950806
3307,2004,IDN,227926649.0,1387446383159.0,20.96999931335449,1330.4110107421875,81.56999969482422,0.9922720193862916
3308,2005,IDN,230871648.0,1474875329634.0,22.65999984741211,1367.97998046875,86.44999694824219,0.9606859087944032
3309,2006,IDN,233951650.0,1565012923832.0,21.18000030517578,1395.4698486328125,92.1999969482422,0.9208406805992126
3310,2007,IDN,237062338.0,1674227359084.0,24.290000915527344,1495.454833984375,98.41000366210938,0.92381751537323
3311,2008,IDN,240157902.0,1809491142510.0,26.34000015258789,1509.473876953125,101.8000030517578,0.8646544218063354
3312,2009,IDN,243220024.0,1905717479305.0,26.790000915527344,1549.363037109375,107.5999984741211,0.8433941006660461
3313,2010,IDN,246305327.0,2039334560589.0,34.630001068115234,1663.9151611328125,113.08999633789062,0.852969229221344
3314,2011,IDN,249470029.0,2178184530109.0,30.459999084472656,1774.5859375,128.02999877929688,0.843635618686676
3315,2012,IDN,252698525.0,2309530044109.0,31.11000061035156,1870.293701171875,143.5800018310547,0.8387617468833923
3316,2013,IDN,255852464.0,2437876929100.0,35.5,1743.648681640625,153.61000061035156,0.7484015226364136
3317,2014,IDN,258877395.0,2559933272409.0,34.40999984741211,1771.8631591796875,164.27999877929688,0.7252665162086487
3318,2015,IDN,261799249.0,2684763880628.0,33.560001373291016,1823.6007080078125,169.39999389648438,0.7063791155815125
3319,2016,IDN,264627429.0,2819889903036.0,39.58000183105469,1777.40625,177.4600067138672,0.6681922078132629
3320,2017,IDN,267346654.0,2962852274581.0,43.18999862670898,1916.05615234375,183.0200042724609,0.6830281019210815
3321,2018,IDN,269951847.0,3116158974437.0,48.380001068115234,1964.01904296875,194.1300048828125,0.6840350031852722
3322,2019,IDN,272489381.0,3272568062078.0,48.040000915527344,2063.53759765625,204.97999572753903,0.6887370944023132
3323,2020,IDN,274814861.0,3204972631957.0,52.88999938964844,1895.2218017578125,199.94000244140625,0.6603208780288696
3324,2021,IDN,276758056.0,3323654666991.0,56.20000076293945,1957.701904296875,211.72999572753903,0.6609232425689697
3325,2022,IDN,278830527.0,3500093638879.0,65.41000366210938,2472.9052734375,225.41000366210935,0.785476803779602
3326,2023,IDN,281190068.0,3500093638879.0,65.19999694824219,2491.822021484375,238.69000244140625,0.785476803779602
3327,2024,IDN,283487933.0,3500093638879.0,67.20999908447266,2663.046875,252.7400054931641,0.785476803779602
3328,1990,IRN,58380098.0,318478243281.0,7.38100004196167,789.4574584960938,79.66000366210938,2.5473735332489014
3329,1991,IRN,59986931.0,376283104666.0,5.60699987411499,863.6488037109375,79.66000366210938,2.3392724990844727
3330,1992,IRN,61184982.0,424984709524.0,9.20400047302246,946.2077026367188,79.66000366210938,2.290491342544556
3331,1993,IRN,61403548.0,419990120256.0,10.532999992370604,869.6022338867188,79.66000366210938,2.144689083099365
3332,1994,IRN,61520598.0,419488447798.0,6.895999908447266,988.3536987304688,79.66000366210938,2.40470290184021
3333,1995,IRN,62205571.0,437566117340.0,8.322999954223633,1033.3331298828125,79.66000366210938,2.417792797088623
3334,1996,IRN,62881298.0,483475486274.0,8.814000129699707,1124.8204345703125,79.66000366210938,2.3804378509521484
3335,1997,IRN,63639637.0,512736336735.0,5.940999984741211,1168.5665283203125,79.66000366210938,2.3133411407470703
3336,1998,IRN,64519866.0,541099749969.0,7.48799991607666,1213.36474609375,79.66000366210938,2.2833251953125
3337,1999,IRN,65445389.0,563869043718.0,5.177999973297119,1316.2569580078125,79.66000366210938,2.361485004425049
3338,2000,IRN,66418661.0,595554549032.0,3.819999933242798,1385.279541015625,79.66000366210938,2.344987630844116
3339,2001,IRN,67452005.0,636570203280.0,4.150000095367432,1479.93310546875,85.19999694824219,2.3440330028533936
3340,2002,IRN,68011318.0,698059655739.0,8.039999961853027,1602.8935546875,90.0999984741211,2.329840421676636
3341,2003,IRN,68769343.0,779969698412.0,9.619999885559082,1628.30810546875,98.41999816894533,2.123408794403076
3342,2004,IRN,70256316.0,849441950372.0,11.979999542236328,1797.437744140625,104.41999816894533,2.156660556793213
3343,2005,IRN,71828455.0,908856025194.0,14.520000457763672,1898.7261962890625,112.66999816894533,2.134881496429444
3344,2006,IRN,73392747.0,995245162302.0,18.63999938964844,2067.248046875,120.83999633789062,2.1304001808166504
3345,2007,IRN,74602648.0,1098784519617.0,18.100000381469727,2202.8115234375,128.13999938964844,2.051349878311157
3346,2008,IRN,75514201.0,1132365762681.0,7.639999866485596,2301.91552734375,139.4199981689453,2.05178165435791
3347,2009,IRN,76457831.0,1208128386676.0,6.949999809265137,2359.87646484375,147.91000366210938,1.969401478767395
3348,2010,IRN,77420851.0,1310507059384.0,10.43000030517578,2429.43408203125,155.83999633789062,1.875909686088562
3349,2011,IRN,78383602.0,1345049307937.0,10.90999984741211,2523.703857421875,154.08999633789062,1.8989026546478271
3350,2012,IRN,79370583.0,1324570752684.0,12.800000190734863,2534.886962890625,161.27000427246094,1.9431475400924685
3351,2013,IRN,80414689.0,1287095594893.0,14.859999656677246,2622.59814453125,164.02000427246094,2.077735185623169
3352,2014,IRN,81502045.0,1352737013920.0,14.75,2736.49951171875,177.5399932861328,2.060314893722534
3353,2015,IRN,82619365.0,1331012211481.0,13.40999984741211,2717.746826171875,182.38999938964844,2.0757906436920166
3354,2016,IRN,83812230.0,1413723685657.0,15.600000381469728,2862.039794921875,183.7400054931641,2.06579065322876
3355,2017,IRN,85026761.0,1486668357750.0,17.65999984741211,2958.927490234375,195.82000732421875,2.033881664276123
3356,2018,IRN,86117999.0,1483607175221.0,10.829999923706056,3075.781494140625,205.4900054931641,2.104290246963501
3357,2019,IRN,87051649.0,1438754460224.0,35.11000061035156,3188.336181640625,193.82000732421875,2.2916359901428223
3358,2020,IRN,87723448.0,1446203709942.0,24.93000030517578,3339.9169921875,213.38999938964844,2.3657631874084477
3359,2021,IRN,88455490.0,1525523070071.0,15.600000381469728,3325.6845703125,235.1699981689453,2.212616205215454
3360,2022,IRN,89524247.0,1572209055082.0,15.770000457763672,3432.547607421875,240.55999755859372,2.2198827266693115
3361,2023,IRN,90608708.0,1572209055082.0,24.729999542236328,3515.3173828125,245.0200042724609,2.2198827266693115
3362,2024,IRN,91567737.0,1572209055082.0,21.049999237060547,3517.024658203125,256.739990234375,2.2198827266693115
3363,2025,IRN,92417684.0,1572209055082.0,15.210000038146973,3517.024658203125,261.0299987792969,2.2198827266693115
3364,1990,IRQ,17581208.0,71051759191.0,4.650263786315918,223.9521026611328,21.0,3.345489263534546
3365,1991,IRQ,17767257.0,26538332738.0,2.14518404006958,143.67262268066406,21.0,5.652801036834717
3366,1992,IRQ,18300849.0,36550621836.0,5.219066143035889,222.62425231933597,21.0,6.513075828552246
3367,1993,IRQ,19201195.0,39244447591.0,6.161732196807861,298.0872802734375,21.0,8.059927940368652
3368,1994,IRQ,20139818.0,39993906175.0,6.247760772705078,339.560546875,21.0,8.952241897583008
3369,1995,IRQ,20825859.0,39049963235.0,7.119707107543945,335.6365966796875,21.0,9.134182929992676
3370,1996,IRQ,21501321.0,47130675910.0,6.489375114440918,337.90216064453125,21.0,7.576619148254394
3371,1997,IRQ,22176604.0,48594367863.0,6.608055114746094,403.7511291503906,21.0,8.710701942443848
3372,1998,IRQ,22884402.0,59869187777.0,6.197559833526611,299.40484619140625,21.0,5.30708646774292
3373,1999,IRQ,23636530.0,69697267568.0,3.5590500831604004,218.71585083007807,21.0,3.289080619812012
3374,2000,IRQ,24424060.0,83019213791.0,0.6100000143051147,313.1605834960937,21.0,3.8860023021698
3375,2001,IRQ,25197842.0,97219510326.0,0.6200000047683716,349.521728515625,21.170000076293945,3.7070178985595694
3376,2002,IRQ,26006558.0,112141846978.0,0.5199999809265137,329.22900390625,22.25,3.0545151233673096
3377,2003,IRQ,26802660.0,94480598969.0,0.4300000071525574,290.22967529296875,18.56999969482422,3.2178285121917725
3378,2004,IRQ,27577876.0,155937247290.0,0.4900000095367431,309.44012451171875,21.059999465942383,2.090644836425781
3379,2005,IRQ,28407450.0,170895694120.0,6.0,294.25445556640625,16.8700008392334,1.803834080696106
3380,2006,IRQ,28616518.0,190082841273.0,6.099999904632568,285.4314270019531,19.34000015258789,1.5763241052627563
3381,2007,IRQ,28391606.0,200529416438.0,5.739999771118164,289.2489929199219,19.100000381469727,1.5068151950836182
3382,2008,IRQ,28971042.0,231588128927.0,3.4800000190734863,337.6400756835937,23.280000686645508,1.493510365486145
3383,2009,IRQ,30058207.0,259745648872.0,3.2300000190734863,331.5765991210937,24.06999969482422,1.3069729804992676
3384,2010,IRQ,31045367.0,297507194079.0,4.769999980926514,382.232177734375,30.15999984741211,1.318509578704834
3385,2011,IRQ,32161425.0,344220720679.0,3.400000095367432,395.7223205566406,34.5099983215332,1.1768622398376465
3386,2012,IRQ,33654843.0,392191319237.0,4.389999866485596,429.2476806640625,28.18000030517578,1.12522554397583
3387,2013,IRQ,35281987.0,422107689937.0,4.809999942779541,472.76068115234375,36.52999877929688,1.1500561237335205
3388,2014,IRQ,36550058.0,425222855485.0,2.990000009536743,469.3592834472656,44.540000915527344,1.1222240924835205
3389,2015,IRQ,37560535.0,436010743372.0,2.609999895095825,464.3084716796875,46.22999954223633,1.0809812545776367
3390,2016,IRQ,38469628.0,502280002568.0,3.430000066757202,495.5052795410156,53.130001068115234,1.004785418510437
3391,2017,IRQ,39337358.0,485207548291.0,2.240000009536743,592.5177001953125,62.400001525878906,1.2334131002426147
3392,2018,IRQ,40265629.0,508026800522.0,1.8799999952316284,616.8841552734375,67.12000274658203,1.2257020473480225
3393,2019,IRQ,41192172.0,537548265143.0,5.019999980926514,653.7476196289062,77.05999755859375,1.2423503398895264
3394,2020,IRQ,42116602.0,453147782672.0,4.539999961853027,582.84716796875,78.95999908447266,1.3125262260437012
3395,2021,IRQ,43071208.0,487935979007.0,3.7300000190734863,608.6928100585938,81.63999938964844,1.2674468755722046
3396,2022,IRQ,44070556.0,527639326800.0,3.0299999713897705,672.112060546875,92.19000244140624,1.2887673377990725
3397,2023,IRQ,45074055.0,527639326800.0,1.7599999904632568,713.258544921875,99.3499984741211,1.2887673377990725
3398,2024,IRQ,46042015.0,527639326800.0,2.430000066757202,732.214111328125,102.27999877929688,1.2887673377990725
3399,1990,IRL,3514015.0,66087470680.0,0.699999988079071,115.82530212402344,14.949999809265137,1.7837923765182495
3400,1991,IRL,3534258.0,67931954747.0,0.75,120.2557373046875,14.949999809265137,1.8027105331420896
3401,1992,IRL,3558417.0,71260987727.0,0.8299999833106995,120.58809661865234,14.949999809265137,1.7263126373291016
3402,1993,IRL,3576118.0,73767381672.0,0.7799999713897705,123.31961059570312,14.949999809265137,1.7030029296875
3403,1994,IRL,3590162.0,78958775461.0,0.9399999976158142,128.15890502929688,14.949999809265137,1.658277153968811
3404,1995,IRL,3610695.0,87444502170.0,0.7300000190734863,131.46510314941406,14.949999809265137,1.528063416481018
3405,1996,IRL,3638507.0,96380321753.0,0.7599999904632568,138.77410888671875,14.949999809265137,1.4633346796035769
3406,1997,IRL,3672287.0,108003078862.0,0.8100000023841858,143.31887817382812,14.949999809265137,1.3493152856826782
3407,1998,IRL,3711075.0,118588811316.0,1.1799999475479126,153.3256378173828,14.949999809265137,1.3222618103027344
3408,1999,IRL,3752938.0,132916954385.0,1.1299999952316284,162.1919708251953,14.949999809265137,1.2454181909561155
3409,2000,IRL,3802589.0,147722370991.0,1.190000057220459,169.82229614257812,14.949999809265137,1.173477292060852
3410,2001,IRL,3862981.0,158384851025.0,1.0399999618530271,180.12550354003906,15.770000457763672,1.1564712524414062
3411,2002,IRL,3928441.0,169226186783.0,1.3799999952316284,177.30067443847656,15.270000457763672,1.0716661214828491
3412,2003,IRL,3992935.0,177468844871.0,1.149999976158142,173.5289306640625,14.789999961853027,0.996539294719696
3413,2004,IRL,4066066.0,191402766075.0,1.409999966621399,176.31060791015625,14.899999618530272,0.942315936088562
3414,2005,IRL,4155283.0,204898243531.0,1.8899999856948853,182.75717163085935,15.18000030517578,0.9183778166770936
3415,2006,IRL,4268775.0,219162994472.0,2.5,187.1915283203125,15.15999984741211,0.8865293264389038
3416,2007,IRL,4393518.0,230371638354.0,2.8399999141693115,189.1266326904297,15.1899995803833,0.856548011302948
3417,2008,IRL,4485992.0,223067117042.0,3.640000104904175,185.5996551513672,15.470000267028809,0.8803584575653076
3418,2009,IRL,4533750.0,215181048184.0,4.159999847412109,164.1513214111328,13.619999885559082,0.8207579255104065
3419,2010,IRL,4559084.0,221852442105.0,3.7699999809265137,166.767333984375,13.479999542236328,0.8036893606185913
3420,2011,IRL,4579603.0,224397469453.0,5.5,154.08609008789062,12.399999618530272,0.758750319480896
3421,2012,IRL,4600135.0,217871560184.0,5.320000171661377,151.88002014160156,13.119999885559082,0.768657386302948
3422,2013,IRL,4624686.0,222738952818.0,5.710000038146973,148.26995849609375,11.859999656677246,0.7407655715942383
3423,2014,IRL,4658236.0,236178350686.0,6.46999979019165,145.66513061523438,11.539999961853027,0.6967320442199707
3424,2015,IRL,4702497.0,249955928768.0,7.96999979019165,151.0933380126953,12.369999885559082,0.6957746148109436
3425,2016,IRL,4753506.0,255118282428.0,7.610000133514404,159.87277221679688,13.40999984741211,0.7130394577980042
3426,2017,IRL,4810258.0,266528546717.0,9.010000228881836,156.51605224609375,12.4399995803833,0.6855925917625427
3427,2018,IRL,4872559.0,282500483309.0,10.34000015258789,157.23678588867188,11.25,0.6614248156547546
3428,2019,IRL,4933493.0,294503693886.0,11.949999809265137,153.61598205566406,9.630000114440918,0.6376698613166809
3429,2020,IRL,4982602.0,274762344680.0,13.649999618530272,138.18701171875,9.359999656677246,0.6426753997802734
3430,2021,IRL,5028428.0,287639621097.0,11.760000228881836,146.44996643066406,11.170000076293944,0.6253721714019775
3431,2022,IRL,5110015.0,308390920561.0,13.25,148.70623779296875,11.18000030517578,0.604594886302948
3432,2023,IRL,5196629.0,308390920561.0,14.279999732971191,139.36878967285156,8.90999984741211,0.604594886302948
3433,2024,IRL,5255016.0,308390920561.0,14.460000038146973,139.85874938964844,8.420000076293945,0.604594886302948
3434,2025,IRL,5308035.0,308390920561.0,14.899999618530272,139.85874938964844,7.940000057220459,0.604594886302948
3435,1990,ISR,4544995.0,93268265028.0,0.003000000026077,129.1264190673828,33.88999938964844,1.3845577239990234
3436,1991,ISR,4779892.0,97235343963.0,0.006000000052154,131.2598876953125,33.88999938964844,1.3501018285751345
3437,1992,ISR,4957240.0,103860017405.0,0.0289999991655349,153.11082458496094,33.88999938964844,1.4750293493270874
3438,1993,ISR,5086041.0,107424032339.0,0.0260000005364418,166.28948974609375,33.88999938964844,1.5486886501312256
3439,1994,ISR,5216697.0,114572102371.0,0.0230000000447034,173.50096130371094,33.88999938964844,1.5149322748184204
3440,1995,ISR,5354734.0,125219738356.0,0.025000000372529,195.13442993164065,33.88999938964844,1.5589264631271362
3441,1996,ISR,5499555.0,131748252991.0,0.0240000002086162,202.2259063720703,33.88999938964844,1.535480499267578
3442,1997,ISR,5646476.0,136529502967.0,0.025000000372529,221.1389923095703,33.88999938964844,1.6202572584152222
3443,1998,ISR,5790143.0,141524295423.0,0.025000000372529,232.71966552734372,33.88999938964844,1.644901990890503
3444,1999,ISR,5946079.0,146070391087.0,0.032999999821186,241.17413330078125,33.88999938964844,1.6517494916915894
3445,2000,ISR,6111194.0,158656383479.0,0.0299999993294477,227.2794647216797,33.88999938964844,1.4331042766571045
3446,2001,ISR,6259977.0,158567053954.0,0.0199999995529651,227.1536865234375,35.4900016784668,1.4329109191894531
3447,2002,ISR,6387714.0,158018046039.0,0.0299999993294477,231.5718994140625,36.93000030517578,1.4668104648590088
3448,2003,ISR,6502821.0,159162904545.0,0.0399999991059303,238.5914001464844,38.13999938964844,1.5005757808685305
3449,2004,ISR,6615084.0,166466423998.0,0.0399999991059303,243.2535095214844,38.0,1.4626915454864502
3450,2005,ISR,6728212.0,172697410123.0,0.0399999991059303,244.35601806640625,38.70000076293945,1.4166367053985596
3451,2006,ISR,6844029.0,181910800706.0,0.0199999995529651,245.788818359375,39.61000061035156,1.3520896434783936
3452,2007,ISR,6962456.0,192596811708.0,0.0199999995529651,254.92784118652344,41.91999816894531,1.3244493007659912
3453,2008,ISR,7082621.0,197785749719.0,0.0399999991059303,262.2423095703125,43.06999969482422,1.326826810836792
3454,2009,ISR,7206096.0,199771084186.0,0.0900000035762786,254.56407165527344,41.2599983215332,1.2762407064437866
3455,2010,ISR,7336735.0,210327630432.0,0.1700000017881393,264.4486999511719,43.369998931884766,1.260218620300293
3456,2011,ISR,7471023.0,220210380263.0,0.3000000119209289,269.0664978027344,44.369998931884766,1.2263811826705933
3457,2012,ISR,7607781.0,225909436249.0,0.4900000095367431,281.2371826171875,48.0,1.2515079975128174
3458,2013,ISR,7749369.0,235885601546.0,0.5699999928474426,265.5349426269531,44.13999938964844,1.132681369781494
3459,2014,ISR,7897173.0,245129958334.0,0.959999978542328,257.8988037109375,42.93000030517578,1.063199758529663
3460,2015,ISR,8052916.0,251223879854.0,1.2200000286102295,271.3341064453125,44.4900016784668,1.0947552919387815
3461,2016,ISR,8210006.0,262584215516.0,1.7000000476837158,275.3910827636719,44.369998931884766,1.0684967041015625
3462,2017,ISR,8361796.0,273812314306.0,1.690000057220459,280.4081420898437,44.04999923706055,1.0433624982833862
3463,2018,ISR,8510067.0,284956472967.0,1.8799999952316284,286.3857116699219,44.41999816894531,1.0254602432250977
3464,2019,ISR,8657466.0,296799271432.0,3.509999990463257,292.2480163574219,46.09999847412109,1.015858173370361
3465,2020,ISR,8800380.0,291287719910.0,4.440000057220459,273.0129699707031,44.75,0.978878915309906
3466,2021,ISR,8942925.0,316373426613.0,5.820000171661377,276.9688720703125,44.20000076293945,0.9231001138687134
3467,2022,ISR,9103143.0,336722563455.0,7.46999979019165,290.3521728515625,44.84000015258789,0.9142184853553772
3468,2023,ISR,9256311.0,336722563455.0,9.130000114440918,260.853515625,43.27000045776367,0.9142184853553772
3469,2024,ISR,9387015.0,336722563455.0,11.100000381469728,249.1377868652344,43.459999084472656,0.9142184853553772
3470,2025,ISR,9517182.0,336722563455.0,13.899999618530272,249.1377868652344,40.45000076293945,0.9142184853553772
3471,1990,ITA,57031457.0,1475485283347.0,34.900001525878906,2049.394287109375,135.4199981689453,1.4586585760116575
3472,1991,ITA,57075394.0,1509175668697.0,45.52999877929688,1956.4124755859373,135.4199981689453,1.3853366374969482
3473,1992,ITA,57124993.0,1531924051790.0,45.77000045776367,1966.1243896484373,135.4199981689453,1.3715211153030396
3474,1993,ITA,57170762.0,1529550155063.0,45.220001220703125,1935.550048828125,135.4199981689453,1.3525954484939575
3475,1994,ITA,57420136.0,1573414707872.0,48.25,1921.91162109375,135.4199981689453,1.3119122982025146
3476,1995,ITA,57403342.0,1630199200435.0,41.459999084472656,2045.24609375,135.4199981689453,1.3295776844024658
3477,1996,ITA,57162098.0,1662793011167.0,46.220001220703125,2040.0291748046875,135.4199981689453,1.3088490962982178
3478,1997,ITA,57189272.0,1705188033729.0,46.18999862670898,2061.3466796875,135.4199981689453,1.288798451423645
3479,1998,ITA,57215190.0,1744897501196.0,46.47999954223633,2064.94482421875,135.4199981689453,1.2619998455047607
3480,1999,ITA,57240796.0,1784529161518.0,51.31999969482422,2063.412353515625,135.4199981689453,1.2411617040634155
3481,2000,ITA,57272200.0,1863751547560.0,50.869998931884766,1949.863037109375,135.4199981689453,1.126802682876587
3482,2001,ITA,57305760.0,1910272015654.0,54.34999847412109,1937.066162109375,135.58999633789062,1.0975700616836548
3483,2002,ITA,57420636.0,1929301903714.0,48.310001373291016,1960.268310546875,145.1699981689453,1.0892467498779297
3484,2003,ITA,57739697.0,1947667703883.0,46.86000061035156,2033.7752685546875,149.7899932861328,1.114179611206055
3485,2004,ITA,58176736.0,1994293720592.0,53.869998931884766,2065.801513671875,150.0800018310547,1.1155107021331787
3486,2005,ITA,58519696.0,2029243417217.0,48.43000030517578,2081.253173828125,150.30999755859375,1.0954477787017822
3487,2006,ITA,58754434.0,2086553648584.0,50.63999938964844,2074.358642578125,154.8699951171875,1.0648486614227295
3488,2007,ITA,59108723.0,2134371774096.0,47.720001220703125,2037.0032958984373,154.5399932861328,1.0191664695739746
3489,2008,ITA,59561687.0,2129113318512.0,58.15999984741211,1976.7550048828125,151.27000427246094,1.0098541975021362
3490,2009,ITA,59904016.0,2029023036275.0,69.26000213623047,1785.9722900390625,131.32000732421875,0.9831380844116212
3491,2010,ITA,60164212.0,2080545936781.0,76.97000122070312,1829.21044921875,132.42999267578125,0.9912158250808716
3492,2011,ITA,60367882.0,2110883320816.0,82.94999694824219,1771.6158447265625,132.9499969482422,0.9571305513381958
3493,2012,ITA,60531522.0,2047959835066.0,92.22000122070312,1686.5015869140625,129.3699951171875,0.9570378065109252
3494,2013,ITA,60653864.0,2010255414011.0,112.0,1536.0894775390625,114.11000061035156,0.9267790913581848
3495,2014,ITA,60664169.0,2010164047423.0,120.68000030517578,1468.6231689453125,104.88999938964844,0.9035660624504088
3496,2015,ITA,60575314.0,2025809415322.0,108.88999938964844,1522.6768798828125,111.51000213623048,0.907521426677704
3497,2016,ITA,60478103.0,2052012434345.0,108.01000213623048,1523.9786376953125,111.4000015258789,0.8940189480781555
3498,2017,ITA,60390317.0,2086237040647.0,103.88999938964844,1549.2525634765625,114.73999786376952,0.8856260180473328
3499,2018,ITA,60277496.0,2105551772855.0,114.41000366210938,1532.7171630859375,104.9499969482422,0.8832751512527466
3500,2019,ITA,60130136.0,2115725732767.0,115.83000183105467,1509.498291015625,101.87999725341795,0.8696555495262146
3501,2020,ITA,59912763.0,1925751927111.0,116.9000015258789,1331.033203125,92.51000213623048,0.8637782335281372
3502,2021,ITA,59729353.0,2060299944789.0,116.33000183105467,1453.9876708984375,96.80999755859376,0.8664474487304688
3503,2022,ITA,59619106.0,2136009300257.0,100.45999908447266,1467.79345703125,105.86000061035156,0.8218432664871216
3504,2023,ITA,59499452.0,2136009300257.0,116.5199966430664,1353.621337890625,84.54000091552734,0.8218432664871216
3505,2024,ITA,59342870.0,2136009300257.0,134.24000549316406,1329.927490234375,75.29000091552734,0.8218432664871216
3506,2025,ITA,59146263.0,2136009300257.0,129.11000061035156,1329.927490234375,75.37999725341797,0.8218432664871216
3507,1990,JAM,2379880.0,14169709989.0,0.3100000023841858,0.0,4.289999961853027,2.093348741531372
3508,1991,JAM,2400873.0,14561139268.0,0.3100000023841858,0.0,4.289999961853027,2.125452995300293
3509,1992,JAM,2424698.0,15185307675.0,0.3100000023841858,0.0,4.289999961853027,2.2075295448303223
3510,1993,JAM,2449913.0,15692820704.0,0.3100000023841858,0.0,4.289999961853027,2.171104431152344
3511,1994,JAM,2475225.0,16160332925.0,0.3100000023841858,0.0,4.289999961853027,2.171700954437256
3512,1995,JAM,2500152.0,16727506200.0,0.3100000023841858,0.0,4.289999961853027,2.342271089553833
3513,1996,JAM,2524470.0,16930975718.0,0.3100000023841858,0.0,4.289999961853027,2.384547233581543
3514,1997,JAM,2547853.0,16827001355.0,0.3100000023841858,0.0,4.289999961853027,2.505370140075684
3515,1998,JAM,2569740.0,16799001649.0,0.3100000023841858,0.0,4.289999961853027,2.5658562183380127
3516,1999,JAM,2589796.0,17139281457.0,0.3100000023841858,0.0,4.289999961853027,2.575467109680176
3517,2000,JAM,2607827.0,17441468822.0,0.3100000023841858,0.0,4.289999961853027,2.4819910526275635
3518,2001,JAM,2624410.0,17823908809.0,0.2300000041723251,0.0,4.360000133514404,2.4675581455230717
3519,2002,JAM,2640582.0,18032751164.0,0.1500000059604644,0.0,4.489999771118164,2.4154372215271
3520,2003,JAM,2656629.0,18718066744.0,0.1800000071525573,0.0,4.619999885559082,2.4231271743774414
3521,2004,JAM,2672227.0,18987080266.0,0.2300000041723251,0.0,4.639999866485596,2.3323516845703125
3522,2005,JAM,2687070.0,19174940176.0,0.270000010728836,0.0,4.760000228881836,2.3784255981445312
3523,2006,JAM,2700973.0,19747242374.0,0.2800000011920929,0.0,4.769999980926514,2.6388227939605717
3524,2007,JAM,2713808.0,20046356418.0,0.3000000119209289,0.0,3.809999942779541,2.650569438934326
3525,2008,JAM,2725633.0,19893168382.0,0.2599999904632568,0.0,2.619999885559082,2.263002634048462
3526,2009,JAM,2737001.0,19223460566.0,0.3300000131130218,0.0,2.7100000381469727,1.8527246713638303
3527,2010,JAM,2748573.0,18949004011.0,0.3300000131130218,0.0,2.6600000858306885,1.7269915342330933
3528,2011,JAM,2760493.0,19220287418.0,0.3799999952316284,0.0,2.650000095367432,1.8008832931518557
3529,2012,JAM,2772432.0,19123987392.0,0.4399999976158142,0.0,2.5899999141693115,1.7000035047531128
3530,2013,JAM,2783689.0,19166827044.0,0.4000000059604645,0.0,2.5899999141693115,1.8453385829925537
3531,2014,JAM,2793756.0,19277035737.0,0.4199999868869781,0.0,2.559999942779541,1.8030898571014404
3532,2015,JAM,2802536.0,19444553127.0,0.4399999976158142,0.0,2.569999933242798,1.847325682640076
3533,2016,JAM,2809919.0,19735837824.0,0.550000011920929,0.0,2.640000104904175,1.885009169578552
3534,2017,JAM,2815765.0,19869841700.0,0.5099999904632568,0.0,2.539999961853028,1.655200481414795
3535,2018,JAM,2820103.0,20232863013.0,0.5799999833106995,0.0,2.2100000381469727,1.8404465913772583
3536,2019,JAM,2823275.0,20429119874.0,0.5899999737739563,0.0,2.650000095367432,2.018467664718628
3537,2020,JAM,2830745.0,18402554628.0,0.5899999737739563,0.0,2.369999885559082,1.5756295919418335
3538,2021,JAM,2837680.0,19249256856.0,0.5799999833106995,0.0,2.4200000762939453,1.6550883054733276
3539,2022,JAM,2839150.0,20019224153.0,0.5799999833106995,0.0,2.5199999809265137,1.669795274734497
3540,2023,JAM,2839785.0,20019224153.0,0.5799999833106995,0.0,2.690000057220459,1.669795274734497
3541,2024,JAM,2839182.0,20019224153.0,0.6200000047683716,0.0,2.7699999809265137,1.669795274734497
3542,1990,JPN,123399767.0,3699821545804.0,98.23612213134766,4339.6474609375,466.7300109863281,1.4012256860733032
3543,1991,JPN,123889870.0,3824677506935.0,106.06785583496094,4455.58447265625,466.7300109863281,1.4023425579071045
3544,1992,JPN,124383707.0,3856515730401.0,91.9066162109375,4536.533203125,466.7300109863281,1.407045602798462
3545,1993,JPN,124839955.0,3860865231367.0,104.16283416748048,4504.009765625,466.7300109863281,1.4289487600326538
3546,1994,JPN,125286861.0,3893220587047.0,77.96449279785156,4752.9853515625,466.7300109863281,1.468808889389038
3547,1995,JPN,125672659.0,3997430939864.0,93.12860107421876,4820.2158203125,466.7300109863281,1.478926181793213
3548,1996,JPN,125975304.0,4118875121023.0,92.47710418701172,4912.34375,466.7300109863281,1.463849663734436
3549,1997,JPN,126265926.0,4160709430865.0,102.97489166259766,4928.64697265625,466.7300109863281,1.477383732795715
3550,1998,JPN,126549182.0,4111245191910.0,105.40194702148438,4810.50146484375,466.7300109863281,1.4714961051940918
3551,1999,JPN,126801566.0,4098283065888.0,100.53319549560548,4943.9130859375,466.7300109863281,1.4991670846939087
3552,2000,JPN,127027794.0,4209651870326.0,101.02999877929688,5046.458984375,466.7300109863281,1.4854729175567627
3553,2001,JPN,127260144.0,4224163277272.0,98.31999969482422,4990.4482421875,459.2699890136719,1.4643619060516355
3554,2002,JPN,127484599.0,4226576076119.0,98.63999938964844,4994.4814453125,478.4299926757813,1.4588395357131958
3555,2003,JPN,127671254.0,4288493482445.0,112.12999725341795,5193.6201171875,520.4199829101562,1.437080979347229
3556,2004,JPN,127815769.0,4380398118363.0,112.43000030517578,5128.46728515625,504.8299865722656,1.4261503219604492
3557,2005,JPN,127913331.0,4450600710060.0,102.79000091552734,5248.7294921875,532.489990234375,1.4276580810546875
3558,2006,JPN,127997247.0,4514225078439.0,114.47000122070312,5173.46728515625,520.75,1.4035857915878296
3559,2007,JPN,128087683.0,4590814009043.0,101.76000213623048,5223.9130859375,554.8800048828125,1.3669517040252686
3560,2008,JPN,128155992.0,4542408020234.0,101.9800033569336,5185.779296875,574.3599853515625,1.3556872606277466
3561,2009,JPN,128192471.0,4298103109270.0,97.27999877929688,4607.45068359375,512.6799926757812,1.308096170425415
3562,2010,JPN,128185273.0,4480295644398.0,118.23999786376952,4866.4228515625,516.3599853515625,1.3354406356811523
3563,2011,JPN,128096430.0,4468738319171.0,113.5,4915.310546875,558.0,1.268723726272583
3564,2012,JPN,127928283.0,4530172048567.0,111.33000183105467,5252.0546875,658.0700073242188,1.239530086517334
3565,2013,JPN,127723642.0,4621006950566.0,120.5500030517578,5197.576171875,648.2000122070312,1.2067111730575562
3566,2014,JPN,127486601.0,4634693421103.0,133.89999389648438,5056.037109375,628.6300048828125,1.1719858646392822
3567,2015,JPN,127275868.0,4707025000790.0,154.02000427246094,4920.43115234375,595.4600219726562,1.139416217803955
3568,2016,JPN,127159950.0,4742508721138.0,151.77000427246094,4828.763671875,603.1599731445312,1.1166704893112185
3569,2017,JPN,127064686.0,4821960242931.0,163.3000030517578,4829.47314453125,600.9199829101562,1.110377550125122
3570,2018,JPN,126913432.0,4852985093686.0,175.33999633789062,4711.591796875,586.3699951171875,1.095752477645874
3571,2019,JPN,126699421.0,4833467877373.0,176.41000366210938,4556.2841796875,553.5399780273438,1.0769907236099243
3572,2020,JPN,126304533.0,4626661481209.0,193.02999877929688,4189.54443359375,533.5700073242188,1.042920470237732
3573,2021,JPN,125679342.0,4725883595048.0,208.13999938964844,4308.3505859375,532.3300170898438,1.0642894506454468
3574,2022,JPN,124997585.0,4774494846664.0,213.19000244140625,4286.361328125,540.6799926757812,1.0465550422668457
3575,2023,JPN,124370947.0,4774494846664.0,222.8600006103516,4058.88232421875,495.760009765625,1.0465550422668457
3576,2024,JPN,123753041.0,4774494846664.0,233.1100006103516,3950.880859375,491.3500061035156,1.0465550422668457
3577,2025,JPN,123103480.0,4774494846664.0,242.72999572753903,3950.880859375,491.510009765625,1.0465550422668457
3578,1990,JOR,3621915.0,19715854104.0,0.0399999991059303,0.0,4.849999904632568,2.136202096939087
3579,1991,JOR,3915152.0,21426578689.0,0.0399999991059303,0.0,4.849999904632568,1.8644814491271973
3580,1992,JOR,4127699.0,24977190661.0,0.0399999991059303,0.0,4.849999904632568,1.8845572471618648
3581,1993,JOR,4348018.0,25755431445.0,0.0399999991059303,0.0,4.849999904632568,1.8074376583099363
3582,1994,JOR,4561409.0,26713865287.0,0.0399999991059303,0.0,4.849999904632568,2.00342321395874
3583,1995,JOR,4752097.0,28214801077.0,0.0399999991059303,0.0,4.849999904632568,1.9880805015563965
3584,1996,JOR,4912518.0,29005289260.0,0.0399999991059303,0.0,4.849999904632568,2.078211784362793
3585,1997,JOR,5046287.0,30403319446.0,0.0399999991059303,0.0,4.849999904632568,1.91633939743042
3586,1998,JOR,5164290.0,31929861575.0,0.0399999991059303,0.0,4.849999904632568,1.9518609046936035
3587,1999,JOR,5276450.0,33702407072.0,0.0399999991059303,0.0,4.849999904632568,1.868241548538208
3588,2000,JOR,5386945.0,35825242090.0,0.0399999991059303,0.0,4.849999904632568,1.8494304418563845
3589,2001,JOR,5498900.0,38405924481.0,0.0399999991059303,0.0,4.960000038146973,1.6561777591705322
3590,2002,JOR,5616077.0,41327374100.0,0.050000000745058,0.0,5.329999923706055,1.6143345832824707
3591,2003,JOR,5741837.0,43669159351.0,0.050000000745058,0.0,5.28000020980835,1.6690294742584229
3592,2004,JOR,5882066.0,47936969925.0,0.0599999986588954,0.0,6.010000228881836,1.65155029296875
3593,2005,JOR,6029597.0,52217618202.0,0.0599999986588954,0.0,6.489999771118164,1.6461389064788818
3594,2006,JOR,6427377.0,59977821392.0,0.0599999986588954,0.0,7.550000190734863,1.482094645500183
3595,2007,JOR,6827235.0,68285595085.0,0.0700000002980232,0.0,8.760000228881836,1.2516576051712036
3596,2008,JOR,6989874.0,72788636146.0,0.0700000002980232,0.0,9.68000030517578,1.1310604810714722
3597,2009,JOR,7141763.0,76172493182.0,0.0700000002980232,0.0,9.800000190734863,1.1241599321365356
3598,2010,JOR,7297046.0,77493873619.0,0.0700000002980232,0.0,10.050000190734863,1.1501370668411257
3599,2011,JOR,7480431.0,79441955134.0,0.0599999986588954,0.0,9.729999542236328,1.1750524044036863
3600,2012,JOR,7587133.0,81371594307.0,0.0700000002980232,0.0,10.970000267028809,1.2173417806625366
3601,2013,JOR,7991812.0,83495396478.0,0.0599999986588954,0.0,11.470000267028809,1.178160548210144
3602,2014,JOR,8791715.0,86320876820.0,0.0700000002980232,0.0,12.020000457763672,1.1692874431610107
3603,2015,JOR,9544730.0,88475445240.0,0.2300000041723251,0.0,12.710000038146973,1.2293684482574463
3604,2016,JOR,10006369.0,90239641982.0,0.8600000143051147,0.0,12.979999542236328,1.2730292081832886
3605,2017,JOR,10234227.0,92472176531.0,1.399999976158142,0.0,13.369999885559082,1.276058316230774
3606,2018,JOR,10462310.0,94246709824.0,2.1600000858306885,0.0,12.649999618530272,1.1988413333892822
3607,2019,JOR,10671893.0,96062846478.0,2.9600000381469727,0.0,12.25,1.1524593830108645
3608,2020,JOR,10865232.0,94554674762.0,3.920000076293945,0.0,11.729999542236328,1.0448192358016968
3609,2021,JOR,11066356.0,96661338596.0,4.909999847412109,0.0,11.539999961853027,1.0527344942092896
3610,2022,JOR,11256269.0,99281825499.0,5.21999979019165,0.0,12.170000076293944,1.12060284614563
3611,2023,JOR,11439220.0,99281825499.0,5.21999979019165,0.0,12.890000343322754,1.12060284614563
3612,2024,JOR,11552885.0,99281825499.0,5.699999809265137,0.0,12.539999961853027,1.12060284614563
3613,1990,KAZ,17154060.0,194940979656.0,7.366000175476074,837.6442260742188,40.34000015258789,4.408644199371338
3614,1991,KAZ,17278604.0,174429524072.0,7.199999809265137,835.7171630859375,40.34000015258789,4.92197322845459
3615,1992,KAZ,17332624.0,166043944401.0,6.866000175476074,825.8560180664062,40.34000015258789,5.103922367095947
3616,1993,KAZ,17274487.0,151572718863.0,7.629000186920166,724.3282470703125,40.34000015258789,4.935938835144043
3617,1994,KAZ,17043775.0,133221794942.0,9.178999900817873,638.2005004882812,40.34000015258789,5.002343654632568
3618,1995,KAZ,16730541.0,122950929776.0,8.331000328063965,573.8555908203125,40.34000015258789,4.869552612304688
3619,1996,KAZ,16416036.0,124225924285.0,7.330999851226807,499.273681640625,40.34000015258789,4.19559907913208
3620,1997,KAZ,16043250.0,127005576762.0,6.499000072479248,439.5081176757813,40.34000015258789,3.618567943572998
3621,1998,KAZ,15647789.0,125251820898.0,6.140999794006348,414.59326171875,40.34000015258789,3.457058906555176
3622,1999,KAZ,15455877.0,129322680226.0,6.131999969482422,388.8285827636719,40.34000015258789,3.1468636989593506
3623,2000,KAZ,15501108.0,142758090799.0,7.53000020980835,347.4781494140625,40.34000015258789,2.5900275707244877
3624,2001,KAZ,15575550.0,162896083567.0,8.079999923706055,392.4509887695313,43.400001525878906,2.5549521446228027
3625,2002,KAZ,15656680.0,179807015103.0,8.890000343322754,397.99652099609375,45.220001220703125,2.3577702045440674
3626,2003,KAZ,15747377.0,197584132991.0,8.619999885559082,439.6785278320313,50.68999862670898,2.351862668991089
3627,2004,KAZ,15850164.0,217713169930.0,8.0600004196167,467.40618896484375,54.43000030517578,2.253527879714966
3628,2005,KAZ,15968118.0,240059743236.0,7.860000133514404,482.1304321289063,55.130001068115234,2.1020822525024414
3629,2006,KAZ,16103718.0,267135182235.0,7.769999980926514,521.2872314453125,57.66999816894531,2.034140586853028
3630,2007,KAZ,16257212.0,292456722644.0,8.170000076293945,579.7822265625,61.4900016784668,2.061460018157959
3631,2008,KAZ,16426527.0,303717015928.0,7.460000038146973,614.469970703125,66.86000061035156,2.0921859741210938
3632,2009,KAZ,16619851.0,309012285175.0,6.880000114440918,549.794677734375,66.81999969482422,1.841370105743408
3633,2010,KAZ,16836808.0,333341740713.0,8.020000457763672,588.9295043945312,69.05999755859375,1.8335394859313965
3634,2011,KAZ,17065996.0,360244945296.0,7.880000114440918,672.267822265625,72.87000274658203,1.9265103340148928
3635,2012,KAZ,17306115.0,378260779954.0,7.639999866485596,708.9050903320312,77.2699966430664,1.9294979572296145
3636,2013,KAZ,17556502.0,400574375261.0,7.730000019073486,710.5213623046875,79.16999816894531,1.826391100883484
3637,2014,KAZ,17816285.0,417799078586.0,8.270000457763672,746.686767578125,80.58000183105469,1.8408631086349487
3638,2015,KAZ,18084175.0,421977118608.0,9.449999809265137,610.4676513671875,76.62999725341797,1.506977081298828
3639,2016,KAZ,18363600.0,425774884998.0,11.979999542236328,679.2386474609375,77.12000274658203,1.670663595199585
3640,2017,KAZ,18651931.0,442384368842.0,11.640000343322754,733.9346923828125,85.77999877929688,1.7290979623794556
3641,2018,KAZ,18932725.0,460522121041.0,10.90999984741211,760.3436279296875,90.23999786376952,1.713701605796814
3642,2019,KAZ,19209556.0,481245619523.0,11.09000015258789,769.4579467773438,89.37999725341797,1.659676432609558
3643,2020,KAZ,19482116.0,468733212615.0,11.9399995803833,704.5955200195312,90.80999755859376,1.5700548887252808
3644,2021,KAZ,19743607.0,487951301251.0,12.59000015258789,789.2683715820312,95.88999938964844,1.685015082359314
3645,2022,KAZ,20034612.0,503634062609.0,13.279999732971191,784.6362915039062,94.2699966430664,1.626742243766785
3646,2023,KAZ,20330109.0,503634062609.0,14.460000038146973,808.6798706054688,93.9000015258789,1.626742243766785
3647,2024,KAZ,20592574.0,503634062609.0,18.030000686645508,815.4189453125,95.0500030517578,1.626742243766785
3648,2025,KAZ,20843758.0,503634062609.0,18.3799991607666,815.4189453125,99.61000061035156,1.626742243766785
3649,1990,KEN,22892655.0,41570971757.0,1.7400000095367432,0.0,1.7400000095367432,0.7302837371826172
3650,1991,KEN,23646514.0,42852784377.0,1.7400000095367432,0.0,1.7400000095367432,0.6399562954902649
3651,1992,KEN,24382466.0,43098109029.0,1.7400000095367432,0.0,1.7400000095367432,0.699927806854248
3652,1993,KEN,25117192.0,43754838219.0,1.7400000095367432,0.0,1.7400000095367432,0.7061476111412048
3653,1994,KEN,25857136.0,45663580409.0,1.7400000095367432,0.0,1.7400000095367432,0.691157341003418
3654,1995,KEN,26601753.0,48490927693.0,1.7400000095367432,0.0,1.7400000095367432,0.691879153251648
3655,1996,KEN,27344211.0,51489486317.0,1.7400000095367432,0.0,1.7400000095367432,0.6794192790985107
3656,1997,KEN,28101762.0,52761219815.0,1.7400000095367432,0.0,1.7400000095367432,0.6139199137687683
3657,1998,KEN,28888063.0,55518263811.0,1.7400000095367432,0.0,1.7400000095367432,0.6535845994949341
3658,1999,KEN,29733413.0,57993148114.0,1.7400000095367432,0.0,1.7400000095367432,0.6158682703971863
3659,2000,KEN,30642893.0,59408907766.0,1.7400000095367432,0.0,1.7400000095367432,0.6967464685440063
3660,2001,KEN,31619170.0,62956470966.0,2.859999895095825,0.0,1.3600000143051147,0.633089005947113
3661,2002,KEN,32629809.0,64478127960.0,3.950000047683716,0.0,0.9700000286102296,0.6311090588569641
3662,2003,KEN,33652233.0,67617075406.0,4.489999771118164,0.0,0.8600000143051147,0.5533220767974854
3663,2004,KEN,34713453.0,72070033430.0,4.340000152587891,0.0,1.409999966621399,0.5724460482597351
3664,2005,KEN,35796485.0,77598831261.0,4.46999979019165,0.0,1.6799999475479126,0.5810415148735046
3665,2006,KEN,36904010.0,83653248054.0,4.71999979019165,0.0,2.059999942779541,0.5956993103027344
3666,2007,KEN,38036354.0,91060343688.0,4.940000057220459,0.0,1.3600000143051147,0.5467845797538757
3667,2008,KEN,39206349.0,92971180385.0,4.46999979019165,0.0,1.3200000524520874,0.5433844327926636
3668,2009,KEN,40408887.0,97792492598.0,3.9700000286102295,0.0,1.899999976158142,0.5777202248573303
3669,2010,KEN,41598570.0,108082167772.0,5.329999923706055,0.0,1.4299999475479126,0.556944727897644
3670,2011,KEN,42758467.0,117152107312.0,5.420000076293945,0.0,1.830000042915344,0.5347464680671692
3671,2012,KEN,43888306.0,122504792826.0,6.329999923706055,0.0,1.4700000286102295,0.4852000474929809
3672,2013,KEN,44986794.0,127157517259.0,6.329999923706055,0.0,1.409999966621399,0.5037396550178528
3673,2014,KEN,46051441.0,133540839466.0,7.03000020980835,0.0,1.7300000190734863,0.5069350600242615
3674,2015,KEN,47088528.0,140175144054.0,8.8100004196167,0.0,1.0199999809265137,0.5616127848625183
3675,2016,KEN,48139683.0,146082118752.0,8.640000343322754,0.0,1.0499999523162842,0.5744767785072327
3676,2017,KEN,49197757.0,151656608610.0,8.760000228881836,0.0,1.7699999809265137,0.5604027509689331
3677,2018,KEN,50207109.0,160257055688.0,9.75,0.0,1.3300000429153442,0.5152637362480164
3678,2019,KEN,51202829.0,168452589868.0,10.25,0.0,1.190000057220459,0.5102313160896301
3679,2020,KEN,52217327.0,168031463891.0,10.93000030517578,0.0,0.8399999737739563,0.4864135384559631
3680,2021,KEN,53219167.0,180662393951.0,11.119999885559082,0.0,1.190000057220459,0.4815999269485473
3681,2022,KEN,54252458.0,190362153076.0,11.380000114440918,0.0,1.4199999570846558,0.4588281810283661
3682,2023,KEN,55339007.0,190362153076.0,11.489999771118164,0.0,1.2400000095367432,0.4588281810283661
3683,2024,KEN,56432946.0,190362153076.0,12.130000114440918,0.0,1.1299999952316284,0.4588281810283661
3684,2025,KEN,57532491.0,190362153076.0,12.640000343322754,0.0,1.340000033378601,0.4588281810283661
3685,1990,KIR,74872.0,0.0,0.0,0.0,0.0099999997764825,0.0
3686,1991,KIR,76385.0,0.0,0.0,0.0,0.0099999997764825,0.0
3687,1992,KIR,77655.0,0.0,0.0,0.0,0.0099999997764825,0.0
3688,1993,KIR,78853.0,0.0,0.0,0.0,0.0099999997764825,0.0
3689,1994,KIR,80033.0,0.0,0.0,0.0,0.0099999997764825,0.0
3690,1995,KIR,81251.0,0.0,0.0,0.0,0.0099999997764825,0.0
3691,1996,KIR,82637.0,0.0,0.0,0.0,0.0099999997764825,0.0
3692,1997,KIR,84161.0,0.0,0.0,0.0,0.0099999997764825,0.0
3693,1998,KIR,85672.0,0.0,0.0,0.0,0.0099999997764825,0.0
3694,1999,KIR,87139.0,0.0,0.0,0.0,0.0099999997764825,0.0
3695,2000,KIR,88632.0,0.0,0.0,0.0,0.0099999997764825,0.0
3696,2001,KIR,90350.0,0.0,0.0,0.0,0.0099999997764825,0.0
3697,2002,KIR,92281.0,0.0,0.0,0.0,0.0099999997764825,0.0
3698,2003,KIR,94189.0,0.0,0.0,0.0,0.0099999997764825,0.0
3699,2004,KIR,96096.0,0.0,0.0,0.0,0.0099999997764825,0.0
3700,2005,KIR,98045.0,0.0,0.0,0.0,0.0099999997764825,0.0
3701,2006,KIR,100028.0,0.0,0.0,0.0,0.0199999995529651,0.0
3702,2007,KIR,102081.0,0.0,0.0,0.0,0.0199999995529651,0.0
3703,2008,KIR,104235.0,0.0,0.0,0.0,0.0099999997764825,0.0
3704,2009,KIR,106479.0,0.0,0.0,0.0,0.0099999997764825,0.0
3705,2010,KIR,108717.0,0.0,0.0,0.0,0.0099999997764825,0.0
3706,2011,KIR,110660.0,0.0,0.0,0.0,0.0099999997764825,0.0
3707,2012,KIR,112293.0,0.0,0.0,0.0,0.0099999997764825,0.0
3708,2013,KIR,113847.0,0.0,0.0,0.0,0.0199999995529651,0.0
3709,2014,KIR,115339.0,0.0,0.0,0.0,0.0199999995529651,0.0
3710,2015,KIR,116826.0,0.0,0.0,0.0,0.0199999995529651,0.0
3711,2016,KIR,118488.0,0.0,0.0,0.0,0.0199999995529651,0.0
3712,2017,KIR,120288.0,0.0,0.0,0.0,0.0199999995529651,0.0
3713,2018,KIR,122097.0,0.0,0.0,0.0,0.0199999995529651,0.0
3714,2019,KIR,123928.0,0.0,0.0099999997764825,0.0,0.0199999995529651,0.0
3715,2020,KIR,126110.0,0.0,0.0099999997764825,0.0,0.0199999995529651,0.0
3716,2021,KIR,128387.0,0.0,0.0099999997764825,0.0,0.0199999995529651,0.0
3717,2022,KIR,130483.0,0.0,0.0099999997764825,0.0,0.0199999995529651,0.0
3718,2023,KIR,132540.0,0.0,0.0099999997764825,0.0,0.0199999995529651,0.0
3719,2024,KIR,134521.0,0.0,0.0099999997764825,0.0,0.0199999995529651,0.0
3720,1990,KWT,1684833.0,20899601193.0,0.0,91.49267578125,21.13999938964844,4.377723217010498
3721,1991,KWT,1351403.0,5968350535.0,0.0,46.120697021484375,21.13999938964844,7.727545738220215
3722,1992,KWT,1634968.0,18278670155.0,0.0,81.67526245117188,21.13999938964844,4.468337535858154
3723,1993,KWT,1672158.0,29845167808.0,0.0,100.1728973388672,21.13999938964844,3.356419563293457
3724,1994,KWT,1664371.0,38842906079.0,0.0,116.93450164794922,21.13999938964844,3.010446548461914
3725,1995,KWT,1681518.0,46090594401.0,0.0,150.5497589111328,21.13999938964844,3.266387939453125
3726,1996,KWT,1730255.0,51809716654.0,0.0,149.02011108398438,21.13999938964844,2.8762965202331543
3727,1997,KWT,1787692.0,57062986447.0,0.0,155.05125427246094,21.13999938964844,2.7171947956085205
3728,1998,KWT,1844308.0,62305861237.0,0.0,190.98370361328125,21.13999938964844,3.065260887145996
3729,1999,KWT,1900035.0,64236405197.0,0.0,198.26513671875,21.13999938964844,3.086491584777832
3730,2000,KWT,1954713.0,71053965539.0,0.0,218.1618804931641,21.13999938964844,3.070369005203247
3731,2001,KWT,2008127.0,75867443155.0,0.0,219.8207092285156,22.43000030517578,2.8974313735961914
3732,2002,KWT,2059983.0,83636154969.0,0.0,232.86985778808597,23.82999992370605,2.784320592880249
3733,2003,KWT,2109886.0,104974065782.0,0.0,278.1132507324219,26.059999465942383,2.6493520736694336
3734,2004,KWT,2157329.0,123477836787.0,0.0,309.89483642578125,27.0,2.509720087051392
3735,2005,KWT,2236797.0,142799938874.0,0.0,341.361328125,28.6299991607666,2.390486478805542
3736,2006,KWT,2364741.0,159619963672.0,0.0,328.6332397460937,31.1200008392334,2.0588481426239014
3737,2007,KWT,2507890.0,174545824817.0,0.0,319.6643981933594,31.8700008392334,1.831406593322754
3738,2008,KWT,2651433.0,183755530386.0,0.0,345.3060913085937,33.79999923706055,1.8791602849960327
3739,2009,KWT,2795489.0,175302339443.0,0.0,350.1612854003906,34.81999969482422,1.997470498085022
3740,2010,KWT,2943374.0,176036955078.0,0.0,405.0187683105469,37.2599983215332,2.30076003074646
3741,2011,KWT,3132815.0,201228682118.0,0.0,409.91107177734375,37.5,2.037040948867798
3742,2012,KWT,3337025.0,214560063974.0,0.0,422.8001098632813,39.790000915527344,1.9705443382263184
3743,2013,KWT,3507755.0,217029672079.0,0.0099999997764825,448.5847473144531,39.7599983215332,2.066930294036865
3744,2014,KWT,3665769.0,218112639263.0,0.0099999997764825,437.225830078125,42.40999984741211,2.0046279430389404
3745,2015,KWT,3834465.0,219406044434.0,0.0099999997764825,468.6547546386719,44.43000030517578,2.136078357696533
3746,2016,KWT,4003976.0,225825859800.0,0.0199999995529651,465.8240966796875,45.56999969482422,2.0633366107940674
3747,2017,KWT,4154686.0,215180426540.0,0.0399999991059303,466.8494262695313,44.81999969482422,2.1702301502227783
3748,2018,KWT,4323389.0,220424403170.0,0.0900000035762786,482.2361755371094,48.18999862670898,2.1884243488311768
3749,2019,KWT,4442201.0,219207651814.0,0.1000000014901161,442.6919250488281,48.7400016784668,2.0202572345733643
3750,2020,KWT,4400146.0,199796812404.0,0.0900000035762786,419.5121765136719,48.52999877929688,2.1005282402038574
3751,2021,KWT,4360748.0,202410138854.0,0.209999993443489,468.5806274414063,52.4900016784668,2.31774640083313
3752,2022,KWT,4589514.0,218961227193.0,1.899999976158142,468.1798706054688,54.31999969482422,2.140293836593628
3753,2023,KWT,4838781.0,218961227193.0,1.909999966621399,498.383544921875,57.09999847412109,2.140293836593628
3754,2024,KWT,4934508.0,218961227193.0,2.069999933242798,524.6033935546875,58.75,2.140293836593628
3755,2025,KWT,5026079.0,218961227193.0,2.069999933242798,524.6033935546875,58.7599983215332,2.140293836593628
3756,1992,KGZ,4600308.0,19580870436.0,13.550000190734863,0.0,1.6100000143051147,3.271723508834839
3757,1993,KGZ,4626809.0,16865848800.0,13.550000190734863,0.0,1.6100000143051147,3.2188100814819336
3758,1994,KGZ,4649190.0,13389775327.0,13.550000190734863,0.0,1.6100000143051147,3.0340542793273926
3759,1995,KGZ,4713641.0,12537052888.0,13.550000190734863,0.0,1.6100000143051147,2.5803327560424805
3760,1996,KGZ,4782885.0,13289582934.0,13.550000190734863,0.0,1.6100000143051147,3.2629048824310303
3761,1997,KGZ,4847998.0,14463585194.0,13.550000190734863,0.0,1.6100000143051147,2.941493034362793
3762,1998,KGZ,4907792.0,14624138023.0,13.550000190734863,0.0,1.6100000143051147,3.06181001663208
3763,1999,KGZ,4968593.0,15009644796.0,13.550000190734863,0.0,1.6100000143051147,3.012791872024536
3764,2000,KGZ,5025150.0,15667564559.0,13.550000190734863,0.0,1.6100000143051147,2.743623733520508
3765,2001,KGZ,5071960.0,16336535537.0,12.3100004196167,0.0,1.6399999856948853,2.535900592803955
3766,2002,KGZ,5116252.0,16170495966.0,10.68000030517578,0.0,1.3899999856948853,2.1970832347869877
3767,2003,KGZ,5159422.0,17135753196.0,13.380000114440918,0.0,1.3799999952316284,1.9596914052963257
3768,2004,KGZ,5203048.0,18155686902.0,13.949999809265137,0.0,1.4500000476837158,1.8803447484970093
3769,2005,KGZ,5246337.0,17942169018.0,12.65999984741211,0.0,1.9600000381469729,1.846556544303894
3770,2006,KGZ,5282451.0,18316466710.0,12.350000381469728,0.0,1.9700000286102293,1.9175900220870967
3771,2007,KGZ,5313376.0,19684074796.0,12.609999656677246,0.0,2.0299999713897705,2.05599045753479
3772,2008,KGZ,5342530.0,20960394949.0,10.020000457763672,0.0,1.659999966621399,2.030059814453125
3773,2009,KGZ,5398013.0,21348199451.0,10.109999656677246,0.0,0.8999999761581421,2.0258915424346924
3774,2010,KGZ,5491763.0,21037148123.0,11.0,0.0,1.0299999713897705,1.852819561958313
3775,2011,KGZ,5594537.0,22069322288.0,14.0,0.0,1.1299999952316284,1.8934630155563357
3776,2012,KGZ,5696521.0,22049906072.0,14.039999961853027,0.0,1.1799999475479126,2.3319311141967773
3777,2013,KGZ,5797294.0,24456653043.0,13.0,0.0,1.149999976158142,1.9840322732925413
3778,2014,KGZ,5898322.0,25440781974.0,13.15999984741211,0.0,1.4199999570846558,1.9496489763259888
3779,2015,KGZ,6001876.0,26426866370.0,10.989999771118164,0.0,2.0,1.7639689445495603
3780,2016,KGZ,6108460.0,27572739134.0,11.380000114440918,0.0,1.830000042915344,1.7258098125457764
3781,2017,KGZ,6220148.0,28879683468.0,14.0600004196167,0.0,1.5,1.6161820888519287
3782,2018,KGZ,6341733.0,29878637891.0,14.170000076293944,0.0,1.4700000286102295,1.7020444869995115
3783,2019,KGZ,6494036.0,31253353975.0,13.710000038146973,0.0,1.4700000286102295,1.4718403816223145
3784,2020,KGZ,6664143.0,28560253227.0,13.979999542236328,0.0,1.6200000047683716,1.4707860946655271
3785,2021,KGZ,6820483.0,29628978769.0,12.960000038146973,0.0,2.289999961853028,1.4671226739883425
3786,2022,KGZ,6955792.0,31703003147.0,11.899999618530272,0.0,2.0299999713897705,1.6607999801635742
3787,2023,KGZ,7073523.0,31703003147.0,11.760000228881836,0.0,1.899999976158142,1.6607999801635742
3788,2024,KGZ,7186014.0,31703003147.0,14.0,0.0,1.8799999952316284,1.6607999801635742
3789,2025,KGZ,7295037.0,31703003147.0,13.369999885559082,0.0,2.4100000858306885,1.6607999801635742
3790,1990,LAO,4311960.0,6235010000.0,3.2799999713897705,0.0,0.3199999928474426,0.2100115418434143
3791,1991,LAO,4435121.0,6550550266.0,3.2799999713897705,0.0,0.3199999928474426,0.2204075008630752
3792,1992,LAO,4559650.0,6965636262.0,3.2799999713897705,0.0,0.3199999928474426,0.2148088812828064
3793,1993,LAO,4685064.0,7432922464.0,3.2799999713897705,0.0,0.3199999928474426,0.2124925851821899
3794,1994,LAO,4809223.0,8095761860.0,3.2799999713897705,0.0,0.3199999928474426,0.1961502283811569
3795,1995,LAO,4929410.0,8730282550.0,3.2799999713897705,0.0,0.3199999928474426,0.2080036699771881
3796,1996,LAO,5045686.0,9400684784.0,3.2799999713897705,0.0,0.3199999928474426,0.2179977893829345
3797,1997,LAO,5152015.0,10121302787.0,3.2799999713897705,0.0,0.3199999928474426,0.2186543643474578
3798,1998,LAO,5248273.0,10598967421.0,3.2799999713897705,0.0,0.3199999928474426,0.2064384371042251
3799,1999,LAO,5340784.0,11458882653.0,3.2799999713897705,0.0,0.3199999928474426,0.1903960555791854
3800,2000,LAO,5431213.0,12209285510.0,3.2799999713897705,0.0,0.3199999928474426,0.4125408232212066
3801,2001,LAO,5521481.0,13005702889.0,3.299999952316284,0.0,0.3199999928474426,0.4130318462848663
3802,2002,LAO,5610888.0,13872426080.0,3.2100000381469727,0.0,0.3199999928474426,0.4058780670166015
3803,2003,LAO,5697944.0,14843718409.0,2.8299999237060547,0.0,0.2800000011920929,0.412908136844635
3804,2004,LAO,5781627.0,16000772290.0,3.0,0.0,0.0700000002980232,0.3960815668106079
3805,2005,LAO,5869531.0,17208611490.0,3.509999990463257,0.0,0.0799999982118606,0.4240678548812866
3806,2006,LAO,5963199.0,17176979638.0,3.5999999046325684,0.0,0.0900000035762786,0.5262273550033569
3807,2007,LAO,6056237.0,20454811822.0,3.369999885559082,0.0,0.0799999982118606,0.4676777124404907
3808,2008,LAO,6148974.0,22210959976.0,3.7200000286102295,0.0,0.0900000035762786,0.4786440432071686
3809,2009,LAO,6241649.0,24050843271.0,3.369999885559082,0.0,0.0799999982118606,0.5068322420120239
3810,2010,LAO,6334198.0,26198017296.0,8.359999656677246,0.0,0.2000000029802322,0.5224184393882751
3811,2011,LAO,6426592.0,28505277000.0,12.84000015258789,0.0,0.3100000023841858,0.5102363228797913
3812,2012,LAO,6518981.0,30756620000.0,12.93000030517578,0.0,0.3100000023841858,0.5401194095611572
3813,2013,LAO,6611385.0,33213895000.0,15.359999656677246,0.0,0.3600000143051147,0.5605025887489319
3814,2014,LAO,6703170.0,35727804000.0,15.119999885559082,0.0,0.3600000143051147,0.5551435947418213
3815,2015,LAO,6801647.0,38423808000.0,13.899999618530272,0.0,2.400000095367432,0.9704346060752868
3816,2016,LAO,6908800.0,41128975200.0,17.530000686645508,0.0,7.71999979019165,1.4290046691894531
3817,2017,LAO,7018150.0,43958737408.0,20.13999938964844,0.0,10.520000457763672,1.5759915113449097
3818,2018,LAO,7128043.0,46694965948.0,22.399999618530277,0.0,11.56999969482422,1.530969500541687
3819,2019,LAO,7237635.0,49243304815.0,19.82999992370605,0.0,10.949999809265137,1.4840511083602903
3820,2020,LAO,7346534.0,50856670244.0,28.61000061035156,0.0,11.109999656677246,1.3137309551239014
3821,2021,LAO,7453192.0,52626361275.0,33.02000045776367,0.0,11.6899995803833,1.3284093141555786
3822,2022,LAO,7559008.0,54953902901.0,38.86000061035156,0.0,12.109999656677246,1.1763995885849
3823,2023,LAO,7665001.0,54953902901.0,40.119998931884766,0.0,12.140000343322754,1.1763995885849
3824,2024,LAO,7769823.0,54953902901.0,40.130001068115234,0.0,12.140000343322754,1.1763995885849
3825,1990,LVA,2660131.0,42100704929.0,4.5,73.31584167480469,0.6100000143051147,2.0572211742401123
3826,1991,LVA,2648933.0,36517762608.0,3.2799999713897705,69.99364471435547,0.6100000143051147,2.1818909645080566
3827,1992,LVA,2614833.0,24594371373.0,2.5199999809265137,49.84806823730469,0.6100000143051147,2.329908609390259
3828,1993,LVA,2563820.0,21610169740.0,2.880000114440918,40.96387100219727,0.6100000143051147,2.289115190505981
3829,1994,LVA,2521238.0,21908377653.0,3.309999942779541,38.14049911499024,0.6100000143051147,2.1869876384735107
3830,1995,LVA,2485948.0,21602325855.0,2.940000057220459,36.16265487670898,0.6100000143051147,2.0760419368743896
3831,1996,LVA,2457907.0,21944517346.0,1.8600000143051147,36.24137115478516,0.6100000143051147,1.90226686000824
3832,1997,LVA,2433229.0,23733281647.0,2.950000047683716,33.29117965698242,0.6100000143051147,1.7708920240402222
3833,1998,LVA,2410217.0,25089221158.0,4.320000171661377,32.99518203735352,0.6100000143051147,1.8240288496017456
3834,1999,LVA,2390822.0,25549229736.0,2.759999990463257,30.726226806640625,0.6100000143051147,1.5219464302062988
3835,2000,LVA,2368320.0,26727290777.0,2.819999933242798,29.7050895690918,0.6100000143051147,1.423849105834961
3836,2001,LVA,2338299.0,28242589693.0,2.8299999237060547,32.62474822998047,0.6299999952316284,1.4505006074905396
3837,2002,LVA,2311358.0,30014856985.0,2.4800000190734863,34.05668640136719,0.6600000262260437,1.3764090538024902
3838,2003,LVA,2288983.0,32298352002.0,2.3399999141693115,34.04393005371094,0.6800000071525574,1.264195442199707
3839,2004,LVA,2264179.0,34720425840.0,3.200000047683716,36.70251083374024,0.6399999856948853,1.3226817846298218
3840,2005,LVA,2239787.0,38143684659.0,3.4200000762939453,37.547607421875,0.6399999856948853,1.241904377937317
3841,2006,LVA,2219039.0,42361248688.0,2.789999961853028,36.95367431640625,0.8399999737739563,1.0607377290725708
3842,2007,LVA,2200774.0,46228816935.0,2.819999933242798,38.273380279541016,0.7799999713897705,1.001664400100708
3843,2008,LVA,2177710.0,44217430207.0,3.2100000381469727,37.536468505859375,0.8299999833106995,1.0538859367370603
3844,2009,LVA,2142044.0,37590730012.0,3.559999942779541,34.08555221557617,0.8199999928474426,1.1725646257400513
3845,2010,LVA,2097834.0,35881177042.0,3.640000104904175,39.5308952331543,1.190000057220459,1.392379879951477
3846,2011,LVA,2059940.0,37869724459.0,3.0799999237060547,35.809173583984375,1.2000000476837158,1.178712010383606
3847,2012,LVA,2034639.0,40536567235.0,4.110000133514404,34.67615509033203,0.8999999761581421,1.1418460607528689
3848,2013,LVA,2013004.0,41350512828.0,3.5299999713897705,34.4698371887207,1.159999966621399,1.07816743850708
3849,2014,LVA,1994153.0,42137028688.0,2.799999952316284,32.92375564575195,1.0399999618530271,0.9733824133872986
3850,2015,LVA,1977874.0,43774190659.0,2.7799999713897705,33.947784423828125,1.2200000286102295,0.9620754718780518
3851,2016,LVA,1959863.0,44810998817.0,3.4800000190734863,35.08462142944336,1.309999942779541,1.0037542581558228
3852,2017,LVA,1942599.0,46295495418.0,5.460000038146973,34.14604949951172,1.059999942779541,1.0649198293685913
3853,2018,LVA,1927586.0,48143398790.0,3.490000009536743,33.78595352172852,1.4500000476837158,0.9139087200164796
3854,2019,LVA,1914267.0,49380620266.0,3.190000057220459,35.9168701171875,1.440000057220459,0.9166154265403748
3855,2020,LVA,1901119.0,48292861660.0,3.640000104904175,30.587064743041992,1.0099999904632568,0.8535580635070801
3856,2021,LVA,1885593.0,50255494980.0,3.7200000286102295,32.29077911376953,1.0299999713897705,0.8571599721908569
3857,2022,LVA,1881059.0,51248480035.0,3.819999933242798,27.8795223236084,0.6800000071525574,0.7515015602111816
3858,2023,LVA,1882399.0,51248480035.0,4.960000038146973,27.314096450805664,0.7599999904632568,0.7515015602111816
3859,2024,LVA,1871874.0,51248480035.0,4.650000095367432,26.84794807434082,0.8500000238418579,0.7515015602111816
3860,2025,LVA,1853560.0,51248480035.0,4.579999923706055,26.84794807434082,0.8700000047683716,0.7515015602111816
3861,1990,LBN,3595175.0,9719894187.0,0.4399999976158142,0.0,6.269999980926514,2.0856759548187256
3862,1991,LBN,3668916.0,13892223462.0,0.4399999976158142,0.0,6.269999980926514,2.4017345905303955
3863,1992,LBN,3747375.0,15011934734.0,0.4399999976158142,0.0,6.269999980926514,2.2700769901275635
3864,1993,LBN,3820652.0,16606038805.0,0.4399999976158142,0.0,6.269999980926514,2.5714755058288574
3865,1994,LBN,3889802.0,18542962086.0,0.4399999976158142,0.0,6.269999980926514,2.592446565628052
3866,1995,LBN,3960741.0,20427565185.0,0.4399999976158142,0.0,6.269999980926514,2.5425825119018555
3867,1996,LBN,4034782.0,22204446458.0,0.4399999976158142,0.0,6.269999980926514,2.47698712348938
3868,1997,LBN,4108409.0,22434678686.0,0.4399999976158142,0.0,6.269999980926514,2.809687376022339
3869,1998,LBN,4181287.0,24027795385.0,0.4399999976158142,0.0,6.269999980926514,2.6575734615325928
3870,1999,LBN,4255278.0,24731825289.0,0.4399999976158142,0.0,6.269999980926514,2.6841020584106445
3871,2000,LBN,4329345.0,25915975238.0,0.4399999976158142,0.0,6.269999980926514,2.3042805194854736
3872,2001,LBN,4401923.0,27854825604.0,0.3300000131130218,0.0,6.340000152587891,2.297161102294922
3873,2002,LBN,4463505.0,29771684188.0,0.6700000166893005,0.0,7.179999828338623,2.126295328140259
3874,2003,LBN,4525513.0,31778515559.0,1.350000023841858,0.0,7.650000095367432,1.9692612886428835
3875,2004,LBN,4599285.0,35314011356.0,1.1100000143051147,0.0,6.829999923706055,1.7926181554794312
3876,2005,LBN,4671105.0,37512383718.0,1.0399999618530271,0.0,7.050000190734863,1.6148101091384888
3877,2006,LBN,4751146.0,39442140692.0,0.6899999976158142,0.0,7.019999980926514,1.437457799911499
3878,2007,LBN,4844119.0,44589675655.0,0.5799999833106995,0.0,6.579999923706055,1.1268367767333984
3879,2008,LBN,4925359.0,50361558474.0,0.3700000047683716,0.0,7.960000038146973,1.3023875951766968
3880,2009,LBN,4992295.0,57304677732.0,0.6200000047683716,0.0,8.130000114440918,1.4104560613632202
3881,2010,LBN,5041290.0,64006241939.0,0.8299999833106995,0.0,9.739999771118164,1.2130954265594482
3882,2011,LBN,5096018.0,66782067583.0,0.800000011920929,0.0,10.220000267028809,1.1755318641662598
3883,2012,LBN,5235742.0,68494363923.0,1.0,0.0,10.1899995803833,1.2807804346084597
3884,2013,LBN,5743441.0,71116324024.0,1.2599999904632568,0.0,11.56999969482422,1.2230223417282104
3885,2014,LBN,6346993.0,72883563855.0,0.209999993443489,0.0,11.6899995803833,1.2568905353546145
3886,2015,LBN,6472470.0,73219558993.0,0.5,0.0,11.949999809265137,1.374361515045166
3887,2016,LBN,6323061.0,74358860056.0,0.4300000071525574,0.0,12.5,1.3943074941635132
3888,2017,LBN,6160129.0,75030320802.0,0.4799999892711639,0.0,13.68000030517578,1.4746869802474976
3889,2018,LBN,5984120.0,73615988520.0,0.4699999988079071,0.0,13.710000038146973,1.414175510406494
3890,2019,LBN,5794601.0,68525451094.0,1.1200000047683716,0.0,13.510000228881836,1.5333130359649658
3891,2020,LBN,5702400.0,50772560784.0,1.2300000190734863,0.0,11.239999771118164,1.9298795461654663
3892,2021,LBN,5718129.0,50772615264.0,0.959999978542328,0.0,6.199999809265137,1.654419183731079
3893,2022,LBN,5744492.0,48741710654.0,1.9900000095367432,0.0,1.659999966621399,1.4700347185134888
3894,2023,LBN,5773494.0,48741710654.0,2.140000104904175,0.0,2.819999933242798,1.4700347185134888
3895,2024,LBN,5805962.0,48741710654.0,2.3399999141693115,0.0,2.0799999237060547,1.4700347185134888
3896,1990,LSO,1809698.0,3205046000.0,0.2899999916553497,0.0,0.0099999997764825,0.2745602428913116
3897,1991,LSO,1842383.0,3210336421.0,0.2899999916553497,0.0,0.0099999997764825,0.2784684896469116
3898,1992,LSO,1873281.0,3373567099.0,0.2899999916553497,0.0,0.0099999997764825,0.2759079933166504
3899,1993,LSO,1901799.0,3409484198.0,0.2899999916553497,0.0,0.0099999997764825,0.2820874750614166
3900,1994,LSO,1927708.0,3499928085.0,0.2899999916553497,0.0,0.0099999997764825,0.3054835796356201
3901,1995,LSO,1951441.0,3490315705.0,0.2899999916553497,0.0,0.0099999997764825,0.3103358447551727
3902,1996,LSO,1972424.0,3610273972.0,0.2899999916553497,0.0,0.0099999997764825,0.3036471903324127
3903,1997,LSO,1988140.0,3655545070.0,0.2899999916553497,0.0,0.0099999997764825,0.2946674823760986
3904,1998,LSO,1998048.0,3647322672.0,0.2899999916553497,0.0,0.0099999997764825,0.2569427490234375
3905,1999,LSO,2003238.0,3670807302.0,0.2899999916553497,0.0,0.0099999997764825,0.2664698958396911
3906,2000,LSO,2003919.0,3769602063.0,0.2899999916553497,0.0,0.0099999997764825,0.5030591487884521
3907,2001,LSO,2000859.0,3838921434.0,0.2800000011920929,0.0,0.0099999997764825,0.5010722875595093
3908,2002,LSO,1994686.0,3773087839.0,0.3100000023841858,0.0,0.0099999997764825,0.5166500806808472
3909,2003,LSO,1985060.0,3857951274.0,0.3199999928474426,0.0,0.0099999997764825,0.512304425239563
3910,2004,LSO,1971130.0,3857815847.0,0.3000000119209289,0.0,0.0099999997764825,0.531537652015686
3911,2005,LSO,1953080.0,3870538474.0,0.4600000083446502,0.0,0.0099999997764825,0.5701906681060791
3912,2006,LSO,1945066.0,3946096482.0,0.5199999809265137,0.0,0.0099999997764825,0.5792236924171448
3913,2007,LSO,1953273.0,4038812448.0,0.550000011920929,0.0,0.0099999997764825,0.723183274269104
3914,2008,LSO,1966547.0,4170596962.0,0.5799999833106995,0.0,0.0099999997764825,0.5992373824119568
3915,2009,LSO,1980884.0,4214040389.0,0.6499999761581421,0.0,0.0199999995529651,0.6907603740692139
3916,2010,LSO,1996256.0,4442653593.0,0.6899999976158142,0.0,0.0199999995529651,0.6998798847198486
3917,2011,LSO,2014015.0,4516050000.0,0.4900000095367431,0.0,0.0099999997764825,0.6715685725212097
3918,2012,LSO,2034363.0,4740080000.0,0.4900000095367431,0.0,0.0099999997764825,0.6926633715629578
3919,2013,LSO,2056509.0,4954224000.0,0.5099999904632568,0.0,0.0099999997764825,0.6685808300971985
3920,2014,LSO,2080091.0,5134648000.0,0.5199999809265137,0.0,0.0099999997764825,0.6650156378746033
3921,2015,LSO,2104614.0,5279080000.0,0.5299999713897705,0.0,0.0099999997764825,0.6288349628448486
3922,2016,LSO,2130424.0,5418793037.0,0.5199999809265137,0.0,0.0099999997764825,0.6829279661178589
3923,2017,LSO,2157117.0,5197453242.0,0.5400000214576721,0.0,0.0099999997764825,0.7646428346633911
3924,2018,LSO,2183611.0,5068079163.0,0.5199999809265137,0.0,0.0099999997764825,0.7631925940513611
3925,2019,LSO,2209414.0,4996214053.0,0.3899999856948852,0.0,0.0099999997764825,0.8053237795829773
3926,2020,LSO,2235727.0,4623560803.0,0.4300000071525574,0.0,0.0099999997764825,0.7800637483596802
3927,2021,LSO,2261549.0,4709220668.0,0.5299999713897705,0.0,0.0099999997764825,0.8432528972625732
3928,2022,LSO,2286112.0,4761723180.0,0.4799999892711639,0.0,0.0099999997764825,1.012285232543945
3929,2023,LSO,2311476.0,4761723180.0,0.0,0.0,0.0,1.012285232543945
3930,2024,LSO,2337428.0,4761723180.0,0.0,0.0,0.0,1.012285232543945
3931,1990,LBR,2223667.0,3680820000.0,0.0,0.0,0.1299999952316284,0.6526143550872803
3932,1991,LBR,1956523.0,2990946994.0,0.0,0.0,0.1299999952316284,0.4523998200893402
3933,1992,LBR,2072466.0,1838477296.0,0.0,0.0,0.1299999952316284,0.7717695236206055
3934,1993,LBR,2155135.0,1167733988.0,0.0,0.0,0.1299999952316284,1.3409178256988523
3935,1994,LBR,2149929.0,865093553.0,0.0,0.0,0.1299999952316284,1.810018539428711
3936,1995,LBR,2169167.0,783478662.0,0.0,0.0,0.1299999952316284,1.9985679388046265
3937,1996,LBR,2232286.0,833012981.0,0.0,0.0,0.1299999952316284,1.9524681568145752
3938,1997,LBR,2412995.0,1626036772.0,0.0,0.0,0.1299999952316284,0.9975342154502868
3939,1998,LBR,2670128.0,1996595953.0,0.0,0.0,0.1299999952316284,0.8405401706695557
3940,1999,LBR,2821689.0,2325522351.0,0.0,0.0,0.1299999952316284,0.7216526865959167
3941,2000,LBR,2928117.0,2767093377.0,0.0,0.0,0.1299999952316284,0.6833643317222595
3942,2001,LBR,3015343.0,3200677181.0,0.0,0.0,0.1299999952316284,0.630111813545227
3943,2002,LBR,3094793.0,3998735673.0,0.0,0.0,0.1299999952316284,0.4975249767303467
3944,2003,LBR,3119534.0,2541250362.0,0.0,0.0,0.1299999952316284,0.8573692440986633
3945,2004,LBR,3156893.0,2286431759.0,0.0,0.0,0.1299999952316284,1.0336991548538208
3946,2005,LBR,3301016.0,2369891568.0,0.0,0.0,0.1299999952316284,1.167375922203064
3947,2006,LBR,3490792.0,2547129019.0,0.0,0.0,0.1299999952316284,1.1125353574752808
3948,2007,LBR,3669050.0,2664910191.0,0.0,0.0,0.1599999964237213,0.9925019145011902
3949,2008,LBR,3821006.0,2922602346.0,0.0,0.0,0.1599999964237213,0.8017907738685608
3950,2009,LBR,3943035.0,3108980113.0,0.0,0.0,0.1599999964237213,0.6880022287368774
3951,2010,LBR,4058897.0,3260614939.0,0.0,0.0,0.1599999964237213,1.0328484773635864
3952,2011,LBR,4221177.0,3266880000.0,0.0,0.0,0.2000000029802322,1.147814154624939
3953,2012,LBR,4373046.0,3532273000.0,0.0,0.0,0.2000000029802322,1.1774181127548218
3954,2013,LBR,4470246.0,3819600000.0,0.0,0.0,0.2000000029802322,0.9631609320640564
3955,2014,LBR,4564299.0,3843632000.0,0.0,0.0,0.2000000029802322,1.2603919506072998
3956,2015,LBR,4659436.0,3857900000.0,0.0,0.0,0.2000000029802322,1.260334849357605
3957,2016,LBR,4755607.0,3859976097.0,0.0,0.0,0.2000000029802322,1.4482277631759644
3958,2017,LBR,4848927.0,3977674130.0,0.0,0.0,0.2300000041723251,1.2133562564849854
3959,2018,LBR,4944728.0,4051631897.0,0.1299999952316284,0.0,0.1800000071525573,0.5379961133003235
3960,2019,LBR,5043719.0,3959325948.0,0.1299999952316284,0.0,0.1899999976158142,0.915028750896454
3961,2020,LBR,5149470.0,3845664451.0,0.1299999952316284,0.0,0.209999993443489,0.734361469745636
3962,2021,LBR,5259327.0,4037436536.0,0.1299999952316284,0.0,0.1599999964237213,0.6624335050582886
3963,2022,LBR,5373297.0,4231561135.0,0.1299999952316284,0.0,0.1700000017881393,0.6744766235351562
3964,2023,LBR,5493035.0,4231561135.0,0.3499999940395355,0.0,0.1800000071525573,0.6744766235351562
3965,2024,LBR,5612813.0,4231561135.0,0.3100000023841858,0.0,0.1800000071525573,0.6744766235351562
3966,1990,LBY,4445243.0,20372079786.0,0.0,0.0,10.970000267028809,7.308550834655762
3967,1991,LBY,4544404.0,25389275568.0,0.0,0.0,10.970000267028809,6.122125148773193
3968,1992,LBY,4640360.0,26617785979.0,0.0,0.0,10.970000267028809,5.449392795562744
3969,1993,LBY,4733053.0,27601955980.0,0.0,0.0,10.970000267028809,5.444117069244385
3970,1994,LBY,4822039.0,30319557468.0,0.0,0.0,10.970000267028809,5.124074459075928
3971,1995,LBY,4906851.0,31943529585.0,0.0,0.0,10.970000267028809,5.078326225280762
3972,1996,LBY,4987402.0,35211772243.0,0.0,0.0,10.970000267028809,4.868985176086426
3973,1997,LBY,5064642.0,39983284709.0,0.0,0.0,10.970000267028809,4.515284061431885
3974,1998,LBY,5140711.0,41617599793.0,0.0,0.0,10.970000267028809,4.174709796905518
3975,1999,LBY,5218039.0,45257158417.0,0.0,0.0,10.970000267028809,3.465566873550415
3976,2000,LBY,5305020.0,49983450587.0,0.0,0.0,10.970000267028809,4.260335445404053
3977,2001,LBY,5403639.0,54225701449.0,0.0,0.0,11.399999618530272,3.9586477279663086
3978,2002,LBY,5508412.0,57785797189.0,0.0,0.0,12.369999885559082,3.829369306564331
3979,2003,LBY,5619405.0,70475273789.0,0.0,0.0,13.350000381469728,3.093514442443848
3980,2004,LBY,5736696.0,79415538130.0,0.0,0.0,14.15999984741211,2.8123881816864014
3981,2005,LBY,5858793.0,94523140632.0,0.0,0.0,16.040000915527344,2.4436473846435547
3982,2006,LBY,5980212.0,108872914713.0,0.0,0.0,18.51000022888184,1.945363521575928
3983,2007,LBY,6104381.0,123716329182.0,0.0,0.0,19.8799991607666,1.700652003288269
3984,2008,LBY,6235433.0,153726726038.0,0.0,0.0,21.530000686645508,1.420909404754639
3985,2009,LBY,6366689.0,165559661154.0,0.0,0.0,22.690000534057617,1.5099512338638306
3986,2010,LBY,6497837.0,187528533215.0,0.0099999997764825,0.0,24.88999938964844,1.4057118892669678
3987,2011,LBY,6343210.0,79210078190.0,0.0099999997764825,0.0,20.63999938964844,2.184178590774536
3988,2012,LBY,6179327.0,147985814988.0,0.0099999997764825,0.0,27.26000022888184,1.4566991329193115
3989,2013,LBY,6304636.0,121351322417.0,0.0099999997764825,0.0,29.96999931335449,1.9106225967407229
3990,2014,LBY,6427260.0,93388346336.0,0.0099999997764825,0.0,29.420000076293945,2.42470121383667
3991,2015,LBY,6531825.0,92601079752.0,0.0099999997764825,0.0,29.270000457763672,1.9459350109100344
3992,2016,LBY,6632130.0,91220396354.0,0.0099999997764825,0.0,25.850000381469727,1.9335111379623413
3993,2017,LBY,6738771.0,120859728232.0,0.0099999997764825,0.0,27.06999969482422,2.295241594314575
3994,2018,LBY,6849058.0,130457185445.0,0.0099999997764825,0.0,27.56999969482422,2.0186474323272705
3995,2019,LBY,6951040.0,115851209708.0,0.0099999997764825,0.0,28.049999237060547,1.9398049116134644
3996,2020,LBY,7045403.0,81726075633.0,0.0099999997764825,0.0,24.309999465942383,2.193148374557495
3997,2021,LBY,7135179.0,104883157614.0,0.0099999997764825,0.0,28.93000030517578,1.9586955308914185
3998,2022,LBY,7223804.0,91444480945.0,0.0099999997764825,0.0,29.15999984741211,2.3983161449432373
3999,2023,LBY,7305659.0,91444480945.0,0.0099999997764825,0.0,27.850000381469727,2.3983161449432373
4000,2024,LBY,7381029.0,91444480945.0,0.0099999997764825,0.0,28.600000381469727,2.3983161449432373
4001,1990,LTU,3695016.0,51021989460.0,0.4099999964237213,146.51004028320312,1.149999976158142,3.842767238616944
4002,1991,LTU,3701408.0,47786759590.0,0.3400000035762787,157.32115173339844,1.149999976158142,4.322502136230469
4003,1992,LTU,3697552.0,37159351315.0,0.3100000023841858,88.89958190917969,1.149999976158142,3.5349042415618896
4004,1993,LTU,3680201.0,30736278642.0,0.3899999856948852,67.466064453125,1.149999976158142,3.364626407623291
4005,1994,LTU,3654893.0,27661451474.0,0.449999988079071,65.89862060546875,1.149999976158142,3.221127986907959
4006,1995,LTU,3627038.0,29216540607.0,0.3700000047683716,64.72114562988281,1.149999976158142,3.40112829208374
4007,1996,LTU,3599721.0,30721763295.0,0.3300000131130218,67.7763900756836,1.149999976158142,3.52522087097168
4008,1997,LTU,3573418.0,33267370320.0,0.3000000119209289,65.44425201416016,1.149999976158142,3.019019603729248
4009,1998,LTU,3547768.0,35744382405.0,0.4199999868869781,68.14713287353516,1.149999976158142,3.0169739723205566
4010,1999,LTU,3522905.0,35335381903.0,0.4099999964237213,58.96680068969727,1.149999976158142,2.4953620433807373
4011,2000,LTU,3500410.0,36684799266.0,0.3400000035762787,53.60626983642578,1.149999976158142,2.13981294631958
4012,2001,LTU,3473008.0,39077069410.0,0.3300000131130218,57.35511779785156,1.2899999618530271,2.312052965164185
4013,2002,LTU,3444051.0,41716677051.0,0.3499999940395355,57.3223876953125,1.3300000429153442,2.3486156463623047
4014,2003,LTU,3415276.0,46106059871.0,0.3300000131130218,58.17403793334961,1.350000023841858,2.217287063598633
4015,2004,LTU,3376703.0,49123583277.0,0.4300000071525574,60.36272811889648,1.4500000476837158,2.1042158603668213
4016,2005,LTU,3322264.0,52913078254.0,0.4600000083446502,64.57705688476562,1.590000033378601,1.7828900814056396
4017,2006,LTU,3269809.0,56827410871.0,0.4300000071525574,64.61058807373047,1.3300000429153442,1.578549027442932
4018,2007,LTU,3231378.0,63122228308.0,0.5799999833106995,70.13252258300781,1.409999966621399,1.5698368549346924
4019,2008,LTU,3198482.0,64776249050.0,0.6000000238418579,68.7166519165039,1.3799999952316284,1.5102194547653198
4020,2009,LTU,3163255.0,55174536683.0,0.6800000071525574,58.394309997558594,1.5299999713897705,1.6316795349121094
4021,2010,LTU,3097721.0,56073777524.0,0.9100000262260436,63.088375091552734,1.840000033378601,1.1805537939071655
4022,2011,LTU,3028642.0,59460372771.0,1.1100000143051147,65.0384292602539,1.3700000047683716,1.155339241027832
4023,2012,LTU,2988334.0,61745948022.0,1.1799999475479126,64.58734893798828,1.4500000476837158,1.1115154027938845
4024,2013,LTU,2958359.0,63937849304.0,1.5299999713897705,58.420143127441406,1.2300000190734863,0.9918305277824402
4025,2014,LTU,2933171.0,66199372603.0,1.5099999904632568,56.18536758422852,1.0499999523162842,0.9245492219924928
4026,2015,LTU,2905771.0,67539660018.0,1.6799999475479126,58.57599258422852,1.25,0.9492539763450624
4027,2016,LTU,2869109.0,69240911932.0,2.0999999046325684,59.22980880737305,0.8500000238418579,0.9492421746253968
4028,2017,LTU,2829317.0,72206131673.0,2.5299999713897705,61.29581069946289,0.6499999761581421,0.957678198814392
4029,2018,LTU,2802485.0,75089601435.0,2.200000047683716,63.93303680419922,0.5199999809265137,0.9451301097869872
4030,2019,LTU,2795057.0,78562641002.0,2.470000028610229,62.91909790039063,0.5699999928474426,0.8986093401908875
4031,2020,LTU,2795766.0,78545278418.0,2.569999933242798,62.000282287597656,1.090000033378601,0.8949549794197083
4032,2021,LTU,2794490.0,83242845981.0,2.619999885559082,61.42158126831055,0.949999988079071,0.842708945274353
4033,2022,LTU,2816923.0,84814257826.0,3.0199999809265137,55.36908721923828,0.7300000190734863,0.7671555280685425
4034,2023,LTU,2854104.0,84814257826.0,4.440000057220459,55.21969223022461,0.6299999952316284,0.7671555280685425
4035,2024,LTU,2859112.0,84814257826.0,6.230000019073486,55.54075241088867,0.8600000143051147,0.7671555280685425
4036,2025,LTU,2830150.0,84814257826.0,6.900000095367432,55.54075241088867,1.2300000190734863,0.7671555280685425
4037,1990,LUX,381707.0,14057150121.0,0.0799999982118606,36.90434646606445,0.0900000035762786,2.6428725719451904
4038,1991,LUX,386819.0,15215996110.0,0.0900000035762786,39.63573455810547,0.0900000035762786,2.624129056930542
4039,1992,LUX,391972.0,15437632140.0,0.0799999982118606,39.79826736450195,0.0900000035762786,2.5938453674316406
4040,1993,LUX,397210.0,16036038097.0,0.0799999982118606,40.32377243041992,0.0900000035762786,2.529855251312256
4041,1994,LUX,402597.0,16598368279.0,0.1099999994039535,38.70784759521485,0.0900000035762786,2.350248336791992
4042,1995,LUX,408237.0,16769949507.0,0.1099999994039535,33.612159729003906,0.0900000035762786,2.023536205291748
4043,1996,LUX,413779.0,16910298497.0,0.0799999982118606,34.672550201416016,0.0900000035762786,2.063788652420044
4044,1997,LUX,418970.0,17813499245.0,0.1000000014901161,33.85027313232422,0.0900000035762786,1.9175671339035036
4045,1998,LUX,424158.0,18821504348.0,0.1500000059604644,32.56067657470703,0.0900000035762786,1.7526624202728271
4046,1999,LUX,429909.0,20355341580.0,0.1299999952316284,34.494911193847656,0.0900000035762786,1.7125555276870728
4047,2000,LUX,436142.0,21937467256.0,0.1599999964237213,36.69436264038086,0.0900000035762786,1.695920467376709
4048,2001,LUX,441754.0,22387796714.0,0.1700000017881393,39.367469787597656,0.25,1.7807331085205078
4049,2002,LUX,446392.0,23160273686.0,0.1500000059604644,43.13319396972656,0.8899999856948853,1.8817631006240845
4050,2003,LUX,451845.0,23454191347.0,0.1400000005960464,45.28460693359375,0.8899999856948853,1.9486452341079712
4051,2004,LUX,458305.0,24195538088.0,0.1899999976158142,51.2039680480957,1.059999942779541,2.140054702758789
4052,2005,LUX,465369.0,24872864640.0,0.209999993443489,51.93918991088867,1.0499999523162842,2.112863540649414
4053,2006,LUX,472869.0,26045643731.0,0.25,50.9085807800293,1.1100000143051147,1.9821600914001465
4054,2007,LUX,480277.0,28135947926.0,0.2599999904632568,48.84335708618164,0.9900000095367432,1.781551957130432
4055,2008,LUX,488995.0,27660465282.0,0.2800000011920929,48.43457412719727,0.8399999737739563,1.7989845275878906
4056,2009,LUX,498196.0,26344603078.0,0.270000010728836,46.34103012084961,0.9800000190734864,1.8065543174743648
4057,2010,LUX,507418.0,27526699944.0,0.270000010728836,48.86272811889648,1.0099999904632568,1.820622801780701
4058,2011,LUX,518583.0,28143126706.0,0.2399999946355819,47.57401657104492,0.8299999833106995,1.7347439527511597
4059,2012,LUX,530951.0,28607408843.0,0.3100000023841858,46.52096939086914,0.8399999737739563,1.676242113113403
4060,2013,LUX,543358.0,29514812514.0,0.3600000143051147,44.0189094543457,0.5299999713897705,1.5481164455413818
4061,2014,LUX,556285.0,30289014849.0,0.4000000059604645,42.34416961669922,0.550000011920929,1.4617252349853516
4062,2015,LUX,569540.0,30976491415.0,0.4300000071525574,40.8696403503418,0.3600000143051147,1.389262080192566
4063,2016,LUX,583511.0,32518554202.0,0.4600000083446502,40.15187454223633,0.1700000017881393,1.3056925535202026
4064,2017,LUX,596506.0,32946911821.0,0.6000000238418579,41.38471603393555,0.1700000017881393,1.346253514289856
4065,2018,LUX,608109.0,33348602359.0,0.6800000071525574,43.11520004272461,0.1800000071525573,1.392290711402893
4066,2019,LUX,620167.0,34122291521.0,0.800000011920929,43.54429244995117,0.1800000071525573,1.3858461380004885
4067,2020,LUX,630597.0,33850190319.0,0.9700000286102296,36.13429641723633,0.2000000029802322,1.1976534128189087
4068,2021,LUX,640276.0,35577396523.0,0.9900000095367432,38.81756210327149,0.2000000029802322,1.2146621942520142
4069,2022,LUX,653315.0,36128358732.0,1.0399999618530271,34.42842483520508,0.1700000017881393,1.0745620727539062
4070,2023,LUX,665101.0,36128358732.0,1.2599999904632568,32.81489944458008,0.1700000017881393,1.0745620727539062
4071,2024,LUX,673042.0,36128358732.0,1.3700000047683716,33.90314102172852,0.2000000029802322,1.0745620727539062
4072,2025,LUX,680454.0,36128358732.0,1.409999966621399,33.90314102172852,0.1899999976158142,1.0745620727539062
4073,1990,MAC,351123.0,0.0,0.0,0.0,1.0299999713897705,0.0
4074,1991,MAC,362275.0,0.0,0.0,0.0,1.0299999713897705,0.0
4075,1992,MAC,372256.0,0.0,0.0,0.0,1.0299999713897705,0.0
4076,1993,MAC,381331.0,0.0,0.0,0.0,1.0299999713897705,0.0
4077,1994,MAC,390126.0,0.0,0.0,0.0,1.0299999713897705,0.0
4078,1995,MAC,398703.0,0.0,0.0,0.0,1.0299999713897705,0.0
4079,1996,MAC,407033.0,0.0,0.0,0.0,1.0299999713897705,0.0
4080,1997,MAC,415074.0,0.0,0.0,0.0,1.0299999713897705,0.0
4081,1998,MAC,422816.0,0.0,0.0,0.0,1.0299999713897705,0.0
4082,1999,MAC,430253.0,0.0,0.0,0.0,1.0299999713897705,0.0
4083,2000,MAC,437316.0,0.0,0.0,0.0,1.0299999713897705,0.0
4084,2001,MAC,445121.0,0.0,0.0599999986588954,0.0,1.0,0.0
4085,2002,MAC,456026.0,0.0,0.0700000002980232,0.0,1.090000033378601,0.0
4086,2003,MAC,469062.0,0.0,0.1500000059604644,0.0,1.1200000047683716,0.0
4087,2004,MAC,482209.0,0.0,0.1500000059604644,0.0,1.2300000190734863,0.0
4088,2005,MAC,495416.0,0.0,0.1599999964237213,0.0,1.2599999904632568,0.0
4089,2006,MAC,508752.0,0.0,0.1700000017881393,0.0,1.0299999713897705,0.0
4090,2007,MAC,522281.0,0.0,0.1700000017881393,0.0,0.9300000071525574,0.0
4091,2008,MAC,535935.0,0.0,0.1800000071525573,0.0,0.6800000071525574,0.0
4092,2009,MAC,549492.0,0.0,0.1800000071525573,0.0,0.8500000238418579,0.0
4093,2010,MAC,562809.0,0.0,0.2000000029802322,0.0,0.5699999928474426,0.0
4094,2011,MAC,575644.0,0.0,0.209999993443489,0.0,0.4699999988079071,0.0
4095,2012,MAC,587450.0,0.0,0.2300000041723251,0.0,0.270000010728836,0.0
4096,2013,MAC,598752.0,0.0,0.2399999946355819,0.0,0.1599999964237213,0.0
4097,2014,MAC,610308.0,0.0,0.2599999904632568,0.0,0.3000000119209289,0.0
4098,2015,MAC,622185.0,0.0,0.2000000029802322,0.0,0.5299999713897705,0.0
4099,2016,MAC,634317.0,0.0,0.2000000029802322,0.0,0.5600000023841858,0.0
4100,2017,MAC,646558.0,0.0,0.209999993443489,0.0,0.8299999833106995,0.0
4101,2018,MAC,658777.0,0.0,0.1800000071525573,0.0,0.3300000131130218,0.0
4102,2019,MAC,670982.0,0.0,0.2199999988079071,0.0,0.4199999868869781,0.0
4103,2020,MAC,683069.0,0.0,0.1899999976158142,0.0,0.270000010728836,0.0
4104,2021,MAC,694404.0,0.0,0.209999993443489,0.0,0.2300000041723251,0.0
4105,2022,MAC,704360.0,0.0,0.2000000029802322,0.0,0.2199999988079071,0.0
4106,2023,MAC,713916.0,0.0,0.2199999988079071,0.0,0.3199999928474426,0.0
4107,2024,MAC,720270.0,0.0,0.2399999946355819,0.0,0.3700000047683716,0.0
4108,1990,MDG,12055649.0,14680679623.0,0.550000011920929,0.0,0.209999993443489,0.2864087522029876
4109,1991,MDG,12421413.0,13914919701.0,0.550000011920929,0.0,0.209999993443489,0.3154676556587219
4110,1992,MDG,12800870.0,14242717909.0,0.550000011920929,0.0,0.209999993443489,0.3367637395858764
4111,1993,MDG,13197353.0,14700034150.0,0.550000011920929,0.0,0.209999993443489,0.3303050994873047
4112,1994,MDG,13613859.0,14862800285.0,0.550000011920929,0.0,0.209999993443489,0.3587948977947235
4113,1995,MDG,14051279.0,15288150117.0,0.550000011920929,0.0,0.209999993443489,0.3654250800609588
4114,1996,MDG,14510712.0,15793796727.0,0.550000011920929,0.0,0.209999993443489,0.3582336008548736
4115,1997,MDG,14990818.0,16561069372.0,0.550000011920929,0.0,0.209999993443489,0.3482177257537842
4116,1998,MDG,15489364.0,17393932608.0,0.550000011920929,0.0,0.209999993443489,0.3320374190807342
4117,1999,MDG,16000506.0,18416245876.0,0.550000011920929,0.0,0.209999993443489,0.3126752376556396
4118,2000,MDG,16516336.0,19457200304.0,0.550000011920929,0.0,0.209999993443489,0.4385882318019867
4119,2001,MDG,17032933.0,20850416898.0,0.5400000214576721,0.0,0.2300000041723251,0.4010221064090729
4120,2002,MDG,17549915.0,18473840634.0,0.550000011920929,0.0,0.209999993443489,0.3373005390167236
4121,2003,MDG,18071860.0,20509701124.0,0.6100000143051147,0.0,0.2399999946355819,0.3968642055988312
4122,2004,MDG,18606606.0,21834931987.0,0.6399999856948853,0.0,0.2800000011920929,0.4085990190505981
4123,2005,MDG,19159711.0,23129761607.0,0.6499999761581421,0.0,0.2899999916553497,0.3711902797222137
4124,2006,MDG,19730916.0,24652234312.0,0.6399999856948853,0.0,0.2899999916553497,0.3437153995037079
4125,2007,MDG,20318590.0,26539188296.0,0.7200000286102295,0.0,0.2800000011920929,0.3380469679832458
4126,2008,MDG,20923842.0,28762450059.0,0.699999988079071,0.0,0.3400000035762787,0.334830105304718
4127,2009,MDG,21547277.0,27725052410.0,0.7400000095367432,0.0,0.3199999928474426,0.298928290605545
4128,2010,MDG,22183343.0,28122419419.0,0.7099999785423279,0.0,0.4099999964237213,0.316039502620697
4129,2011,MDG,22822305.0,28843634595.0,0.699999988079071,0.0,0.5400000214576721,0.3523351848125458
4130,2012,MDG,23462444.0,29712119552.0,0.7699999809265137,0.0,0.5600000023841858,0.4091237783432007
4131,2013,MDG,24109290.0,30395500923.0,0.8299999833106995,0.0,0.5799999833106995,0.4179602265357971
4132,2014,MDG,24764356.0,31410405446.0,0.9100000262260436,0.0,0.5699999928474426,0.4388091564178467
4133,2015,MDG,25426703.0,32394175176.0,0.9700000286102296,0.0,0.5799999833106995,0.4689254760742187
4134,2016,MDG,26099950.0,33687674194.0,0.9200000166893004,0.0,0.6800000071525574,0.47780242562294
4135,2017,MDG,26788379.0,35012614968.0,0.8299999833106995,0.0,0.8100000023841858,0.4230636060237884
4136,2018,MDG,27494930.0,36130917975.0,1.0299999713897705,0.0,1.0099999904632568,0.3522593975067138
4137,2019,MDG,28219559.0,37724649896.0,0.949999988079071,0.0,1.1100000143051147,0.412320464849472
4138,2020,MDG,28953560.0,35031864099.0,0.8799999952316284,0.0,0.8999999761581421,0.3382515013217926
4139,2021,MDG,29691087.0,37042695870.0,0.8399999737739563,0.0,1.2300000190734863,0.422663152217865
4140,2022,MDG,30437261.0,38602188321.0,0.9300000071525574,0.0,1.2599999904632568,0.4292066991329193
4141,2023,MDG,31195937.0,38602188321.0,1.090000033378601,0.0,1.0499999523162842,0.4292066991329193
4142,2024,MDG,31964960.0,38602188321.0,1.0299999713897705,0.0,1.0499999523162842,0.4292066991329193
4143,1990,MWI,9545860.0,8210711250.0,1.090000033378601,0.0,0.1199999973177909,0.399323433637619
4144,1991,MWI,9844228.0,8902464020.0,1.090000033378601,0.0,0.1199999973177909,0.4325084984302521
4145,1992,MWI,10135082.0,8227066430.0,1.090000033378601,0.0,0.1199999973177909,0.473718523979187
4146,1993,MWI,10284027.0,9004543312.0,1.090000033378601,0.0,0.1199999973177909,0.4195011854171753
4147,1994,MWI,10164899.0,8059879526.0,1.090000033378601,0.0,0.1199999973177909,0.4991070628166199
4148,1995,MWI,10150122.0,9155587639.0,1.090000033378601,0.0,0.1199999973177909,0.4604417383670807
4149,1996,MWI,10352227.0,10064712785.0,1.090000033378601,0.0,0.1199999973177909,0.4239326417446136
4150,1997,MWI,10562035.0,10717042869.0,1.090000033378601,0.0,0.1199999973177909,0.4006061255931854
4151,1998,MWI,10792877.0,10822285917.0,1.090000033378601,0.0,0.1199999973177909,0.4072843194007873
4152,1999,MWI,11047812.0,11194866591.0,1.090000033378601,0.0,0.1199999973177909,0.3915817141532898
4153,2000,MWI,11315947.0,11274206470.0,1.090000033378601,0.0,0.1199999973177909,0.4317944347858429
4154,2001,MWI,11593057.0,10808318915.0,1.1100000143051147,0.0,0.1099999994039535,0.4308961629867553
4155,2002,MWI,11880443.0,10984271331.0,1.159999966621399,0.0,0.1299999952316284,0.4102265536785126
4156,2003,MWI,12181575.0,11581699921.0,1.2100000381469729,0.0,0.1199999973177909,0.4139626324176788
4157,2004,MWI,12500736.0,12176822884.0,1.3300000429153442,0.0,0.1400000005960464,0.4149518013000488
4158,2005,MWI,12840034.0,12535229211.0,1.3700000047683716,0.0,0.1500000059604644,0.3768050372600555
4159,2006,MWI,13198699.0,13079496449.0,1.399999976158142,0.0,0.1500000059604644,0.3766363561153412
4160,2007,MWI,13576344.0,14282894527.0,1.4299999475479126,0.0,0.1400000005960464,0.3405865728855133
4161,2008,MWI,13976415.0,15293785292.0,1.5800000429153442,0.0,0.1299999952316284,0.3674060702323913
4162,2009,MWI,14395788.0,16486871191.0,1.5499999523162842,0.0,0.1299999952316284,0.3112557828426361
4163,2010,MWI,14826466.0,17495879385.0,1.7999999523162842,0.0,0.1299999952316284,0.3564920425415039
4164,2011,MWI,15265026.0,18220347468.0,1.850000023841858,0.0,0.1299999952316284,0.3410163819789886
4165,2012,MWI,15709577.0,18563980884.0,1.919999957084656,0.0,0.1400000005960464,0.3336493074893951
4166,2013,MWI,16161816.0,19529310978.0,1.919999957084656,0.0,0.1400000005960464,0.3237208127975464
4167,2014,MWI,16621534.0,20642483934.0,2.049999952316284,0.0,0.1400000005960464,0.3130321502685547
4168,2015,MWI,17085587.0,21251437245.0,2.039999961853028,0.0,0.1500000059604644,0.2909063100814819
4169,2016,MWI,17557741.0,21733841491.0,2.0199999809265137,0.0,0.1500000059604644,0.3110353648662567
4170,2017,MWI,18039714.0,22603193649.0,1.909999966621399,0.0,0.050000000745058,0.3213646709918976
4171,2018,MWI,18528086.0,23595927755.0,1.4800000190734863,0.0,0.2599999904632568,0.2895579934120178
4172,2019,MWI,19025748.0,24881432457.0,1.7300000190734863,0.0,0.1000000014901161,0.3210516571998596
4173,2020,MWI,19533885.0,25108605204.0,1.7400000095367432,0.0,0.0599999986588954,0.3115808069705963
4174,2021,MWI,20047264.0,26255309111.0,1.75,0.0,0.1000000014901161,0.3167337477207184
4175,2022,MWI,20568731.0,26465351444.0,1.75,0.0,0.1000000014901161,0.4164631962776184
4176,2023,MWI,21104480.0,26465351444.0,1.75,0.0,0.1000000014901161,0.4164631962776184
4177,2024,MWI,21655288.0,26465351444.0,1.75,0.0,0.1000000014901161,0.4164631962776184
4178,1990,MYS,17833179.0,143192117242.0,4.026689052581787,229.6406707763672,40.66999816894531,1.6868774890899658
4179,1991,MYS,18342474.0,157808067102.0,4.449315547943115,289.35333251953125,40.66999816894531,1.916948199272156
4180,1992,MYS,18834569.0,173041788524.0,4.285999774932861,328.58306884765625,40.66999816894531,1.9721057415008545
4181,1993,MYS,19322667.0,191754981739.0,4.853000164031982,328.93682861328125,40.66999816894531,1.7902382612228394
4182,1994,MYS,19820446.0,211154262265.0,6.482999801635742,345.3630065917969,40.66999816894531,1.7263832092285156
4183,1995,MYS,20330602.0,233787220224.0,6.2179999351501465,380.4425354003906,40.66999816894531,1.7059489488601685
4184,1996,MYS,20850085.0,259190306939.0,5.184000015258789,429.8805236816406,40.66999816894531,1.717693567276001
4185,1997,MYS,21375225.0,280383835444.0,4.172999858856201,504.1068420410156,40.66999816894531,1.8419262170791624
4186,1998,MYS,21906713.0,261784096585.0,4.456999778747559,483.2802734375,40.66999816894531,1.8964465856552124
4187,1999,MYS,22435532.0,279671618438.0,7.552000045776367,508.12744140625,40.66999816894531,1.896719574928284
4188,2000,MYS,22967817.0,305803211129.0,7.559999942779541,589.80712890625,40.66999816894531,2.0023033618927
4189,2001,MYS,23526535.0,309934494308.0,6.639999866485596,607.2386474609375,45.470001220703125,2.0226593017578125
4190,2002,MYS,24102477.0,329700338274.0,5.809999942779541,643.1904907226562,50.0,2.002687931060791
4191,2003,MYS,24679604.0,350966698067.0,5.510000228881836,699.2359008789062,52.58000183105469,2.0381622314453125
4192,2004,MYS,25256773.0,377079435469.0,6.150000095367432,755.0283203125,62.41999816894531,2.049774169921875
4193,2005,MYS,25836075.0,399781035415.0,6.599999904632568,817.3328857421875,64.43000030517578,2.092207193374634
4194,2006,MYS,26417909.0,426608936099.0,6.940000057220459,825.147216796875,67.87000274658203,1.981211304664612
4195,2007,MYS,26998383.0,458125848157.0,6.71999979019165,881.820556640625,71.88999938964844,1.967690110206604
4196,2008,MYS,27570052.0,485245105845.0,8.609999656677246,909.6377563476562,74.11000061035156,1.9260629415512085
4197,2009,MYS,28124779.0,483081319364.0,8.279999732971191,881.4965209960938,77.4000015258789,1.8738824129104612
4198,2010,MYS,28655772.0,525056610488.0,7.619999885559082,913.4481201171876,86.1500015258789,1.7811157703399658
4199,2011,MYS,29162034.0,557469657636.0,9.600000381469728,924.0390014648438,87.12999725341797,1.7062288522720337
4200,2012,MYS,29662835.0,587985572583.0,10.760000228881836,1009.1636352539062,91.54000091552734,1.7699049711227417
4201,2013,MYS,30174269.0,615585637854.0,13.039999961853027,1050.7952880859375,93.88999938964844,1.769118309020996
4202,2014,MYS,30696133.0,652563833807.0,14.3100004196167,1055.0323486328125,97.66999816894533,1.6820049285888672
4203,2015,MYS,31232796.0,685237676618.0,14.9399995803833,1069.424072265625,100.4499969482422,1.6265519857406616
4204,2016,MYS,31789692.0,715730748101.0,21.09000015258789,1110.9212646484375,101.70999908447266,1.6379109621047974
4205,2017,MYS,32355642.0,757336192678.0,27.940000534057617,1109.321044921875,99.69000244140624,1.5693044662475586
4206,2018,MYS,32910963.0,794013962862.0,28.309999465942383,1129.428955078125,107.5199966430664,1.5240660905838013
4207,2019,MYS,33440590.0,829053844392.0,28.799999237060547,1157.242431640625,111.75,1.4972463846206665
4208,2020,MYS,33889554.0,783174020832.0,30.59000015258789,1106.66015625,110.2699966430664,1.5282620191574097
4209,2021,MYS,34282404.0,807389756202.0,33.72999954223633,1150.870849609375,107.12999725341795,1.5498510599136353
4210,2022,MYS,34695494.0,877584198429.0,35.7599983215332,1244.33056640625,110.91999816894533,1.544591188430786
4211,2023,MYS,35126295.0,877584198429.0,35.97999954223633,1212.2718505859375,114.16000366210938,1.544591188430786
4212,2024,MYS,35557670.0,877584198429.0,40.34999847412109,1262.247314453125,118.95999908447266,1.544591188430786
4213,2025,MYS,35977834.0,877584198429.0,41.52999877929688,1262.247314453125,121.0500030517578,1.544591188430786
4214,1990,MDV,224772.0,0.0,0.0,0.0,0.1000000014901161,0.0
4215,1991,MDV,231810.0,0.0,0.0,0.0,0.1000000014901161,0.0
4216,1992,MDV,238559.0,0.0,0.0,0.0,0.1000000014901161,0.0
4217,1993,MDV,244893.0,0.0,0.0,0.0,0.1000000014901161,0.0
4218,1994,MDV,250831.0,0.0,0.0,0.0,0.1000000014901161,0.0
4219,1995,MDV,256660.0,0.0,0.0,0.0,0.1000000014901161,0.0
4220,1996,MDV,262354.0,0.0,0.0,0.0,0.1000000014901161,0.0
4221,1997,MDV,267711.0,0.0,0.0,0.0,0.1000000014901161,0.0
4222,1998,MDV,272734.0,0.0,0.0,0.0,0.1000000014901161,0.0
4223,1999,MDV,277423.0,0.0,0.0,0.0,0.1000000014901161,0.0
4224,2000,MDV,282025.0,0.0,0.0,0.0,0.1000000014901161,0.0
4225,2001,MDV,286778.0,0.0,0.0,0.0,0.1099999994039535,0.0
4226,2002,MDV,291631.0,0.0,0.0,0.0,0.1299999952316284,0.0
4227,2003,MDV,296497.0,0.0,0.0,0.0,0.1400000005960464,0.0
4228,2004,MDV,301416.0,0.0,0.0,0.0,0.1599999964237213,0.0
4229,2005,MDV,306429.0,0.0,0.0,0.0,0.1800000071525573,0.0
4230,2006,MDV,313866.0,0.0,0.0,0.0,0.2000000029802322,0.0
4231,2007,MDV,324489.0,0.0,0.0,0.0,0.2300000041723251,0.0
4232,2008,MDV,336178.0,0.0,0.0,0.0,0.270000010728836,0.0
4233,2009,MDV,348282.0,0.0,0.0,0.0,0.2599999904632568,0.0
4234,2010,MDV,360802.0,0.0,0.0,0.0,0.2300000041723251,0.0
4235,2011,MDV,373683.0,0.0,0.0,0.0,0.25,0.0
4236,2012,MDV,386821.0,0.0,0.0,0.0,0.2599999904632568,0.0
4237,2013,MDV,400077.0,0.0,0.0,0.0,0.2800000011920929,0.0
4238,2014,MDV,413623.0,0.0,0.0099999997764825,0.0,0.3499999940395355,0.0
4239,2015,MDV,428165.0,0.0,0.0099999997764825,0.0,0.4000000059604645,0.0
4240,2016,MDV,443316.0,0.0,0.0099999997764825,0.0,0.4300000071525574,0.0
4241,2017,MDV,458297.0,0.0,0.0199999995529651,0.0,0.4699999988079071,0.0
4242,2018,MDV,473106.0,0.0,0.0299999993294477,0.0,0.5,0.0
4243,2019,MDV,487737.0,0.0,0.0299999993294477,0.0,0.5099999904632568,0.0
4244,2020,MDV,502127.0,0.0,0.0399999991059303,0.0,0.5099999904632568,0.0
4245,2021,MDV,516163.0,0.0,0.050000000745058,0.0,0.5199999809265137,0.0
4246,2022,MDV,524116.0,0.0,0.0599999986588954,0.0,0.5199999809265137,0.0
4247,2023,MDV,526009.0,0.0,0.0599999986588954,0.0,0.5199999809265137,0.0
4248,2024,MDV,527801.0,0.0,0.0599999986588954,0.0,0.5199999809265137,0.0
4249,1990,MLI,9178826.0,9628796516.0,0.2800000011920929,0.0,0.5299999713897705,0.2190551161766052
4250,1991,MLI,9362885.0,10269524230.0,0.2800000011920929,0.0,0.5299999713897705,0.2055107653141021
4251,1992,MLI,9553540.0,9995131433.0,0.2800000011920929,0.0,0.5299999713897705,0.2256006449460983
4252,1993,MLI,9754786.0,10249532964.0,0.2800000011920929,0.0,0.5299999713897705,0.2204353064298629
4253,1994,MLI,9967035.0,10520791586.0,0.2800000011920929,0.0,0.5299999713897705,0.2149419039487838
4254,1995,MLI,10185368.0,10736646746.0,0.2800000011920929,0.0,0.5299999713897705,0.2109000235795974
4255,1996,MLI,10407274.0,11389964147.0,0.2800000011920929,0.0,0.5299999713897705,0.2095552235841751
4256,1997,MLI,10646499.0,11793168043.0,0.2800000011920929,0.0,0.5299999713897705,0.2033314555883407
4257,1998,MLI,10919577.0,12008585843.0,0.2800000011920929,0.0,0.5299999713897705,0.2046131044626236
4258,1999,MLI,11227420.0,12634193722.0,0.2800000011920929,0.0,0.5299999713897705,0.1944814324378967
4259,2000,MLI,11559291.0,12490372339.0,0.2800000011920929,0.0,0.5299999713897705,0.3278403282165527
4260,2001,MLI,11912162.0,14257391001.0,0.2800000011920929,0.0,0.5400000214576721,0.290219098329544
4261,2002,MLI,12288051.0,14544531770.0,0.2899999916553497,0.0,0.5600000023841858,0.2753086686134338
4262,2003,MLI,12684951.0,15730792757.0,0.2800000011920929,0.0,0.5699999928474426,0.2422821670770645
4263,2004,MLI,13102415.0,15828925288.0,0.3000000119209289,0.0,0.6499999761581421,0.2536829710006714
4264,2005,MLI,13538648.0,16700213321.0,0.5,0.0,0.6700000166893005,0.2562174499034881
4265,2006,MLI,13990143.0,17320423242.0,0.5299999713897705,0.0,0.699999988079071,0.2940322160720825
4266,2007,MLI,14457776.0,17779653731.0,0.5199999809265137,0.0,0.7200000286102295,0.3458311259746551
4267,2008,MLI,14940786.0,18486110807.0,0.6200000047683716,0.0,0.800000011920929,0.394461452960968
4268,2009,MLI,15435536.0,19186286887.0,0.7200000286102295,0.0,0.5799999833106995,0.4844552278518677
4269,2010,MLI,15945201.0,20054729287.0,1.159999966621399,0.0,0.8299999833106995,0.4775652587413788
4270,2011,MLI,16469054.0,20518694824.0,1.2200000286102295,0.0,0.6600000262260437,0.5403595566749573
4271,2012,MLI,16957039.0,20347159384.0,1.3200000524520874,0.0,0.6899999976158142,0.5454351902008057
4272,2013,MLI,17459619.0,20814126326.0,1.190000057220459,0.0,0.699999988079071,0.58055579662323
4273,2014,MLI,18020267.0,22288805151.0,1.4600000381469729,0.0,0.7300000190734863,0.5822867155075073
4274,2015,MLI,18593022.0,23664472662.0,1.2100000381469729,0.0,0.8999999761581421,0.6587291359901428
4275,2016,MLI,19191298.0,25049317347.0,1.5700000524520874,0.0,1.0,0.7754205465316772
4276,2017,MLI,19813016.0,26378184458.0,1.5700000524520874,0.0,1.2799999713897705,0.8128381967544556
4277,2018,MLI,20442031.0,27630093375.0,1.4500000476837158,0.0,1.4600000381469729,0.8051444888114929
4278,2019,MLI,21068405.0,28946666484.0,1.4600000381469729,0.0,1.590000033378601,0.8375567197799683
4279,2020,MLI,21713837.0,28586570096.0,1.6100000143051147,0.0,1.5800000429153442,0.9384267926216124
4280,2021,MLI,22388637.0,29459890071.0,1.5399999618530271,0.0,1.6399999856948853,0.9667528867721558
4281,2022,MLI,23072641.0,30551085997.0,1.8600000143051147,0.0,1.7000000476837158,0.9581798315048218
4282,2023,MLI,23769130.0,30551085997.0,1.190000057220459,0.0,3.220000028610229,0.9581798315048218
4283,2024,MLI,24478597.0,30551085997.0,1.159999966621399,0.0,3.2100000381469727,0.9581798315048218
4284,1990,MLT,367913.0,4761399641.0,0.0,0.0,1.2599999904632568,1.7025402784347534
4285,1991,MLT,371335.0,5017928103.0,0.0,0.0,1.2599999904632568,1.7018890380859375
4286,1992,MLT,374805.0,5251067551.0,0.0,0.0,1.2599999904632568,1.7093050479888916
4287,1993,MLT,378222.0,5496706096.0,0.0,0.0,1.2599999904632568,1.7236913442611694
4288,1994,MLT,381467.0,5813472890.0,0.0,0.0,1.2599999904632568,1.7448055744171145
4289,1995,MLT,384559.0,6198303778.0,0.0,0.0,1.2599999904632568,1.587925910949707
4290,1996,MLT,387627.0,6430283255.0,0.0,0.0,1.2599999904632568,1.5876744985580444
4291,1997,MLT,390687.0,6769141339.0,0.0,0.0,1.2599999904632568,1.608809232711792
4292,1998,MLT,393782.0,7118691053.0,0.0,0.0,1.2599999904632568,1.60224187374115
4293,1999,MLT,396897.0,7456060205.0,0.0,0.0,1.2599999904632568,1.6960413455963137
4294,2000,MLT,399905.0,7963752394.0,0.0,0.0,1.2599999904632568,2.3248682022094727
4295,2001,MLT,402788.0,8019470830.0,0.0,0.0,1.2799999713897705,2.5432164669036865
4296,2002,MLT,405571.0,8259626928.0,0.0,0.0,1.350000023841858,2.4092671871185303
4297,2003,MLT,408236.0,8473515195.0,0.0,0.0,1.4700000286102295,2.729330062866211
4298,2004,MLT,410800.0,8512522890.0,0.0,0.0,1.4600000381469729,2.8521525859832764
4299,2005,MLT,413324.0,8839849182.0,0.0,0.0,1.4700000286102295,2.3431782722473145
4300,2006,MLT,415463.0,9004655302.0,0.0,0.0,1.4900000095367432,2.350804328918457
4301,2007,MLT,417201.0,9368888474.0,0.0,0.0,1.5099999904632568,2.461305856704712
4302,2008,MLT,418969.0,9685986656.0,0.0,0.0,1.5199999809265137,2.465597152709961
4303,2009,MLT,420800.0,9450779381.0,0.0,0.0,1.4299999475479126,2.692650556564331
4304,2010,MLT,422654.0,9788869399.0,0.0,0.0,1.3899999856948853,3.103196620941162
4305,2011,MLT,424635.0,9930574943.0,0.0,0.0,1.4299999475479126,2.907658576965332
4306,2012,MLT,426616.0,10339580228.0,0.0299999993294477,0.0,1.4900000095367432,2.6604039669036865
4307,2013,MLT,428457.0,10905471410.0,0.0399999991059303,0.0,1.4600000381469729,2.392508029937744
4308,2014,MLT,434494.0,11737898948.0,0.0799999982118606,0.0,1.4299999475479126,2.269209623336792
4309,2015,MLT,444978.0,12865695938.0,0.1000000014901161,0.0,0.7900000214576721,2.2630581855773926
4310,2016,MLT,455276.0,13300698899.0,0.1400000005960464,0.0,0.4799999892711639,2.430718421936035
4311,2017,MLT,467902.0,14746505042.0,0.1700000017881393,0.0,0.8700000047683716,2.4952428340911865
4312,2018,MLT,484560.0,15659758064.0,0.2000000029802322,0.0,1.0099999904632568,2.448060750961304
4313,2019,MLT,504017.0,16757308198.0,0.209999993443489,0.0,1.0700000524520874,2.3840017318725586
4314,2020,MLT,518212.0,15314071319.0,0.25,0.0,1.090000033378601,2.421950340270996
4315,2021,MLT,524383.0,17122043843.0,0.270000010728836,0.0,1.1200000047683716,2.069495439529419
4316,2022,MLT,528194.0,18295132993.0,0.3000000119209289,0.0,1.149999976158142,2.0739474296569824
4317,2023,MLT,532964.0,18295132993.0,0.3199999928474426,0.0,1.159999966621399,2.0739474296569824
4318,2024,MLT,539612.0,18295132993.0,0.3400000035762787,0.0,1.0700000524520874,2.0739474296569824
4319,2025,MLT,545406.0,18295132993.0,0.3499999940395355,0.0,1.059999942779541,2.0739474296569824
4320,1990,MTQ,370999.0,0.0,0.0,0.0,0.75,0.0
4321,1991,MTQ,377313.0,0.0,0.0,0.0,0.75,0.0
4322,1992,MTQ,383938.0,0.0,0.0,0.0,0.75,0.0
4323,1993,MTQ,390545.0,0.0,0.0,0.0,0.75,0.0
4324,1994,MTQ,397073.0,0.0,0.0,0.0,0.75,0.0
4325,1995,MTQ,403505.0,0.0,0.0,0.0,0.75,0.0
4326,1996,MTQ,409833.0,0.0,0.0,0.0,0.75,0.0
4327,1997,MTQ,416094.0,0.0,0.0,0.0,0.75,0.0
4328,1998,MTQ,421815.0,0.0,0.0,0.0,0.75,0.0
4329,1999,MTQ,423895.0,0.0,0.0,0.0,0.75,0.0
4330,2000,MTQ,421388.0,0.0,0.0,0.0,0.75,0.0
4331,2001,MTQ,417157.0,0.0,0.0,0.0,0.8600000143051147,0.0
4332,2002,MTQ,412479.0,0.0,0.0099999997764825,0.0,0.8799999952316284,0.0
4333,2003,MTQ,408417.0,0.0,0.0099999997764825,0.0,0.9100000262260436,0.0
4334,2004,MTQ,405104.0,0.0,0.0099999997764825,0.0,0.9399999976158142,0.0
4335,2005,MTQ,401849.0,0.0,0.0099999997764825,0.0,0.9399999976158142,0.0
4336,2006,MTQ,400459.0,0.0,0.0099999997764825,0.0,0.959999978542328,0.0
4337,2007,MTQ,400812.0,0.0,0.0199999995529651,0.0,0.959999978542328,0.0
4338,2008,MTQ,400699.0,0.0,0.0299999993294477,0.0,0.9900000095367432,0.0
4339,2009,MTQ,399527.0,0.0,0.0299999993294477,0.0,0.9900000095367432,0.0
4340,2010,MTQ,397389.0,0.0,0.0299999993294477,0.0,1.0399999618530271,0.0
4341,2011,MTQ,394576.0,0.0,0.050000000745058,0.0,1.0,0.0
4342,2012,MTQ,391741.0,0.0,0.0900000035762786,0.0,0.9900000095367432,0.0
4343,2013,MTQ,389470.0,0.0,0.0900000035762786,0.0,0.9800000190734864,0.0
4344,2014,MTQ,387027.0,0.0,0.0900000035762786,0.0,0.959999978542328,0.0
4345,2015,MTQ,383737.0,0.0,0.0900000035762786,0.0,0.9700000286102296,0.0
4346,2016,MTQ,378892.0,0.0,0.0900000035762786,0.0,0.9800000190734864,0.0
4347,2017,MTQ,371510.0,0.0,0.0900000035762786,0.0,0.9700000286102296,0.0
4348,2018,MTQ,364100.0,0.0,0.1800000071525573,0.0,0.9100000262260436,0.0
4349,2019,MTQ,359621.0,0.0,0.3899999856948852,0.0,0.8100000023841858,0.0
4350,2020,MTQ,356625.0,0.0,0.3400000035762787,0.0,0.8100000023841858,0.0
4351,2021,MTQ,353286.0,0.0,0.3799999952316284,0.0,0.7900000214576721,0.0
4352,2022,MTQ,349462.0,0.0,0.3899999856948852,0.0,0.7699999809265137,0.0
4353,2023,MTQ,346008.0,0.0,0.3899999856948852,0.0,0.800000011920929,0.0
4354,1990,MRT,1951881.0,2908675000.0,0.0299999993294477,0.0,0.2599999904632568,1.3510433435440063
4355,1991,MRT,2009739.0,3053303240.0,0.0299999993294477,0.0,0.2599999904632568,1.3471328020095823
4356,1992,MRT,2088143.0,3186885725.0,0.0299999993294477,0.0,0.2599999904632568,4.218928337097168
4357,1993,MRT,2174333.0,3536022015.0,0.0299999993294477,0.0,0.2599999904632568,3.8924362659454346
4358,1994,MRT,2249462.0,3783132604.0,0.0299999993294477,0.0,0.2599999904632568,3.627111434936523
4359,1995,MRT,2312027.0,3768651979.0,0.0299999993294477,0.0,0.2599999904632568,3.694636106491089
4360,1996,MRT,2358193.0,4253698601.0,0.0299999993294477,0.0,0.2599999904632568,3.312211751937866
4361,1997,MRT,2411316.0,4166595327.0,0.0299999993294477,0.0,0.2599999904632568,3.3839921951293945
4362,1998,MRT,2474650.0,4371026651.0,0.0299999993294477,0.0,0.2599999904632568,3.239300012588501
4363,1999,MRT,2541700.0,4762456974.0,0.0299999993294477,0.0,0.2599999904632568,2.9722373485565186
4364,2000,MRT,2613450.0,4838789905.0,0.0299999993294477,0.0,0.2599999904632568,1.0296761989593506
4365,2001,MRT,2678766.0,5040767611.0,0.0299999993294477,0.0,0.2899999916553497,1.031158447265625
4366,2002,MRT,2738659.0,5178324094.0,0.0299999993294477,0.0,0.3300000131130218,1.07904851436615
4367,2003,MRT,2802050.0,5603753283.0,0.0399999991059303,0.0,0.3000000119209289,1.0425890684127808
4368,2004,MRT,2868671.0,6050710140.0,0.0399999991059303,0.0,0.3300000131130218,1.0385948419570925
4369,2005,MRT,2939060.0,6728916707.0,0.050000000745058,0.0,0.3199999928474426,0.9738328456878662
4370,2006,MRT,3013659.0,8166141817.0,0.050000000745058,0.0,0.3799999952316284,0.7808210849761963
4371,2007,MRT,3093065.0,8570478345.0,0.050000000745058,0.0,0.3899999856948852,0.8410183787345886
4372,2008,MRT,3183276.0,8846256694.0,0.0599999986588954,0.0,0.4300000071525574,1.0038552284240725
4373,2009,MRT,3284454.0,8935093258.0,0.1099999994039535,0.0,0.4300000071525574,0.9766669273376464
4374,2010,MRT,3390968.0,9559709837.0,0.1199999973177909,0.0,0.4799999892711639,0.9055355787277222
4375,2011,MRT,3502813.0,10187328000.0,0.1299999952316284,0.0,0.4900000095367431,0.913993775844574
4376,2012,MRT,3619035.0,10792467000.0,0.1400000005960464,0.0,0.5400000214576721,0.956607699394226
4377,2013,MRT,3734324.0,11410722000.0,0.209999993443489,0.0,0.5099999904632568,0.8094996809959412
4378,2014,MRT,3848511.0,12165303000.0,0.2199999988079071,0.0,0.5299999713897705,0.913239061832428
4379,2015,MRT,3965959.0,12316128000.0,0.3199999928474426,0.0,0.550000011920929,0.9019014835357666
4380,2016,MRT,4086655.0,12416318727.0,0.2899999916553497,0.0,0.5699999928474426,0.8367931842803955
4381,2017,MRT,4210603.0,13137043588.0,0.3300000131130218,0.0,0.6700000166893005,1.1984800100326538
4382,2018,MRT,4337685.0,13699199188.0,0.4399999976158142,0.0,0.6800000071525574,1.2654327154159546
4383,2019,MRT,4467714.0,14424796068.0,0.4699999988079071,0.0,0.7300000190734863,1.2496987581253052
4384,2020,MRT,4600136.0,14289417678.0,0.4699999988079071,0.0,0.7699999809265137,1.295898675918579
4385,2021,MRT,4734874.0,14638845766.0,0.449999988079071,0.0,0.75,1.2006233930587769
4386,2022,MRT,4875644.0,15674544913.0,0.449999988079071,0.0,0.7900000214576721,1.293771505355835
4387,2023,MRT,5022442.0,15674544913.0,0.449999988079071,0.0,1.090000033378601,1.293771505355835
4388,2024,MRT,5169403.0,15674544913.0,0.4699999988079071,0.0,1.059999942779541,1.293771505355835
4389,1990,MUS,1089033.0,12196699680.0,0.5199999809265137,0.0,0.9900000095367432,0.6373063921928406
4390,1991,MUS,1103050.0,12478462632.0,0.5199999809265137,0.0,0.9900000095367432,0.6327263712882996
4391,1992,MUS,1117676.0,13020302423.0,0.5199999809265137,0.0,0.9900000095367432,0.7213704586029053
4392,1993,MUS,1132397.0,13435064889.0,0.5199999809265137,0.0,0.9900000095367432,0.7058795690536499
4393,1994,MUS,1146559.0,13759079701.0,0.5199999809265137,0.0,0.9900000095367432,0.690980851650238
4394,1995,MUS,1159824.0,14115290935.0,0.5199999809265137,0.0,0.9900000095367432,0.7135962247848511
4395,1996,MUS,1172390.0,14579957121.0,0.5199999809265137,0.0,0.9900000095367432,0.6965737342834473
4396,1997,MUS,1184304.0,15156261651.0,0.5199999809265137,0.0,0.9900000095367432,0.6787687540054321
4397,1998,MUS,1195111.0,15794127997.0,0.5199999809265137,0.0,0.9900000095367432,0.668314516544342
4398,1999,MUS,1205903.0,15922518933.0,0.5199999809265137,0.0,0.9900000095367432,0.7417780160903931
4399,2000,MUS,1216632.0,16933370565.0,0.5199999809265137,0.0,0.9900000095367432,0.9415175318717957
4400,2001,MUS,1225807.0,17203931989.0,0.550000011920929,0.0,1.090000033378601,0.9499873518943788
4401,2002,MUS,1234090.0,17186721600.0,0.5400000214576721,0.0,1.1399999856948853,0.9314501881599426
4402,2003,MUS,1242094.0,17869390349.0,0.5699999928474426,0.0,1.2000000476837158,0.9114531874656676
4403,2004,MUS,1249799.0,18313509621.0,0.5899999737739563,0.0,1.2200000286102295,0.9167093634605408
4404,2005,MUS,1257215.0,18306765429.0,0.5600000023841858,0.0,1.340000033378601,0.984813392162323
4405,2006,MUS,1263785.0,18846649433.0,0.5299999713897705,0.0,1.4700000286102295,1.0032414197921753
4406,2007,MUS,1269522.0,19573401107.0,0.550000011920929,0.0,1.559999942779541,1.0023695230484009
4407,2008,MUS,1274635.0,20249055784.0,0.6000000238418579,0.0,1.6299999952316284,0.991025984287262
4408,2009,MUS,1278976.0,20448211941.0,0.6100000143051147,0.0,1.6100000143051147,0.945136785507202
4409,2010,MUS,1282710.0,20850923367.0,0.6499999761581421,0.0,1.6699999570846558,1.0012154579162598
4410,2011,MUS,1286270.0,21190874379.0,0.5400000214576721,0.0,1.7699999809265137,1.013964295387268
4411,2012,MUS,1289174.0,21931705213.0,0.5699999928474426,0.0,1.7999999523162842,0.9864168763160706
4412,2013,MUS,1290988.0,22668609990.0,0.5799999833106995,0.0,1.850000023841858,0.965898334980011
4413,2014,MUS,1292006.0,23536142578.0,0.6000000238418579,0.0,1.8899999856948853,0.9577298164367676
4414,2015,MUS,1292283.0,24404852680.0,0.6800000071525574,0.0,1.8600000143051147,0.956257939338684
4415,2016,MUS,1291807.0,25347373765.0,0.6700000166893005,0.0,1.9299999475479128,0.9578915238380432
4416,2017,MUS,1290654.0,26345551590.0,0.6200000047683716,0.0,2.0,1.012343168258667
4417,2018,MUS,1288836.0,27401224769.0,0.6399999856948853,0.0,1.9800000190734863,0.917155146598816
4418,2019,MUS,1286269.0,28193387492.0,0.699999988079071,0.0,2.0,0.9194118976593018
4419,2020,MUS,1283231.0,24077716198.0,0.699999988079071,0.0,1.7799999713897705,0.9085544347763062
4420,2021,MUS,1279628.0,24920195118.0,0.6399999856948853,0.0,1.8799999952316284,0.8662588596343994
4421,2022,MUS,1276134.0,26988574640.0,0.6100000143051147,0.0,1.919999957084656,0.7967633605003357
4422,2023,MUS,1273591.0,26988574640.0,0.5699999928474426,0.0,2.069999933242798,0.7967633605003357
4423,2024,MUS,1271171.0,26988574640.0,0.6100000143051147,0.0,2.190000057220459,0.7967633605003357
4424,1990,MEX,82820170.0,823577476195.0,29.606943130493164,1223.802490234375,106.9800033569336,1.601636290550232
4425,1991,MEX,84430565.0,865148747123.0,28.46077537536621,1262.040771484375,106.9800033569336,1.569302320480347
4426,1992,MEX,86044806.0,902108311201.0,33.1832160949707,1275.4278564453125,106.9800033569336,1.5343048572540283
4427,1993,MEX,87653817.0,925343285645.0,33.159690856933594,1273.8968505859375,106.9800033569336,1.4971586465835571
4428,1994,MEX,89259202.0,972991932169.0,26.499845504760746,1374.7789306640625,106.9800033569336,1.5052992105484009
4429,1995,MEX,90862449.0,916478942218.0,34.02511215209961,1315.2705078125,106.9800033569336,1.5705077648162842
4430,1996,MEX,92452700.0,971219776949.0,37.532833099365234,1344.1268310546875,106.9800033569336,1.5206522941589355
4431,1997,MEX,94021204.0,1045710706219.0,32.26334381103516,1388.1826171875,106.9800033569336,1.446575164794922
4432,1998,MEX,95575242.0,1105636637948.0,30.753530502319336,1457.5067138671875,106.9800033569336,1.4237693548202517
4433,1999,MEX,97115710.0,1156619631372.0,38.79631805419922,1454.7701416015625,106.9800033569336,1.381009221076965
4434,2000,MEX,98625553.0,1241194674661.0,39.459999084472656,1555.8575439453125,106.9800033569336,1.3665683269500732
4435,2001,MEX,100099101.0,1251502726420.0,34.720001220703125,1553.268798828125,114.33999633789062,1.342604160308838
4436,2002,MEX,101548627.0,1275458026881.0,30.959999084472656,1603.015869140625,119.38999938964844,1.349399209022522
4437,2003,MEX,102978517.0,1306677417369.0,26.82999992370605,1634.6181640625,128.22999572753906,1.3331259489059448
4438,2004,MEX,104394131.0,1373060298988.0,32.470001220703125,1724.5943603515625,130.38999938964844,1.342910647392273
4439,2005,MEX,105811504.0,1427140428046.0,35.880001068115234,1887.348388671875,137.8300018310547,1.4155322313308716
4440,2006,MEX,107253666.0,1510732401129.0,38.0,1911.1727294921875,140.1199951171875,1.3565839529037476
4441,2007,MEX,108774356.0,1572479287017.0,35.849998474121094,1938.5296630859373,145.89999389648438,1.3154879808425903
4442,2008,MEX,110374286.0,1607479004533.0,47.38999938964844,1993.505859375,140.5800018310547,1.339753270149231
4443,2009,MEX,111999720.0,1543820957956.0,34.900001525878906,1991.03466796875,148.36000061035156,1.3714309930801392
4444,2010,MEX,113623898.0,1638271507559.0,46.470001220703125,1979.879638671875,149.33999633789062,1.2973756790161133
4445,2011,MEX,115243503.0,1716088331953.0,45.93000030517578,2067.557861328125,157.6999969482422,1.2947391271591189
4446,2012,MEX,116818208.0,1774999946047.0,43.060001373291016,2099.46923828125,163.08999633789062,1.2630369663238523
4447,2013,MEX,118343572.0,1803059285337.0,40.119998931884766,2101.286865234375,162.47000122070312,1.24391770362854
4448,2014,MEX,119784265.0,1854551091374.0,53.63999938964844,2057.91455078125,159.42999267578125,1.202756643295288
4449,2015,MEX,121072310.0,1916008739051.0,48.2400016784668,2043.284912109375,165.6999969482422,1.1510496139526367
4450,2016,MEX,122251344.0,1961906742138.0,48.97999954223633,2115.396240234375,172.22000122070312,1.1601872444152832
4451,2017,MEX,123400052.0,2007719438156.0,50.77999877929688,2164.177978515625,175.6300048828125,1.160374402999878
4452,2018,MEX,124573713.0,2051539127317.0,55.2400016784668,2100.814453125,183.0,1.1134754419326782
4453,2019,MEX,125762978.0,2047701179708.0,57.5,2077.113037109375,181.1499938964844,1.1037582159042358
4454,2020,MEX,126799053.0,1880176557054.0,69.37000274658203,1856.5284423828125,157.6699981689453,1.1012592315673828
4455,2021,MEX,127648151.0,1973141022977.0,82.08999633789062,1950.8154296875,149.9199981689453,1.1142362356185913
4456,2022,MEX,128613116.0,2033437602787.0,83.12999725341797,2049.493896484375,157.9600067138672,1.1295467615127563
4457,2023,MEX,129739761.0,2033437602787.0,71.27999877929688,2074.3798828125,172.0,1.1295467615127563
4458,2024,MEX,130861001.0,2033437602787.0,75.0,2081.6376953125,171.60000610351562,1.1295467615127563
4459,2025,MEX,131946897.0,2033437602787.0,82.43000030517578,2081.6376953125,169.2100067138672,1.1295467615127563
4460,1990,FSM,100904.0,0.0,0.0,0.0,0.0,0.0
4461,1991,FSM,102764.0,0.0,0.0,0.0,0.0,0.0
4462,1992,FSM,104823.0,0.0,0.0,0.0,0.0,0.0
4463,1993,FSM,107082.0,0.0,0.0,0.0,0.0,0.0
4464,1994,FSM,109090.0,0.0,0.0,0.0,0.0,0.0
4465,1995,FSM,110244.0,0.0,0.0,0.0,0.0,0.0
4466,1996,FSM,110723.0,0.0,0.0,0.0,0.0,0.0
4467,1997,FSM,111088.0,0.0,0.0,0.0,0.0,0.0
4468,1998,FSM,111394.0,0.0,0.0,0.0,0.0,0.0
4469,1999,FSM,111693.0,0.0,0.0,0.0,0.0,0.0
4470,2000,FSM,112067.0,0.0,0.0,0.0,0.0,0.0
4471,2001,FSM,112378.0,0.0,0.0,0.0,0.0,0.0
4472,2002,FSM,112464.0,0.0,0.0,0.0,0.0,0.0
4473,2003,FSM,112298.0,0.0,0.0,0.0,0.0,0.0
4474,2004,FSM,111939.0,0.0,0.0,0.0,0.0,0.0
4475,2005,FSM,111420.0,0.0,0.0,0.0,0.0,0.0
4476,2006,FSM,110739.0,0.0,0.0,0.0,0.0,0.0
4477,2007,FSM,109896.0,0.0,0.0,0.0,0.0,0.0
4478,2008,FSM,108947.0,0.0,0.0,0.0,0.0,0.0
4479,2009,FSM,107968.0,0.0,0.0,0.0,0.0,0.0
4480,2010,FSM,107559.0,0.0,0.0,0.0,0.0,0.0
4481,2011,FSM,107712.0,0.0,0.0,0.0,0.0,0.0
4482,2012,FSM,107908.0,0.0,0.0,0.0,0.0,0.0
4483,2013,FSM,108133.0,0.0,0.0,0.0,0.0,0.0
4484,2014,FSM,108407.0,0.0,0.0,0.0,0.0,0.0
4485,2015,FSM,108727.0,0.0,0.0,0.0,0.0,0.0
4486,2016,FSM,109088.0,0.0,0.0,0.0,0.0,0.0
4487,2017,FSM,109495.0,0.0,0.0,0.0,0.0,0.0
4488,2018,FSM,109925.0,0.0,0.0,0.0,0.0,0.0
4489,2019,FSM,110293.0,0.0,0.0,0.0,0.0,0.0
4490,2020,FSM,110930.0,0.0,0.0,0.0,0.0,0.0
4491,2021,FSM,111635.0,0.0,0.0,0.0,0.0,0.0
4492,2022,FSM,112122.0,0.0,0.0,0.0,0.0,0.0
4493,2023,FSM,112646.0,0.0,0.0,0.0,0.0,0.0
4494,1992,MDA,4455714.0,24417045830.0,0.3899999856948852,0.0,3.609999895095825,2.529027938842773
4495,1993,MDA,4448241.0,23693282988.0,0.3899999856948852,0.0,3.609999895095825,1.926410436630249
4496,1994,MDA,4434457.0,16084200840.0,0.3899999856948852,0.0,3.609999895095825,1.9826868772506716
4497,1995,MDA,4414216.0,15569831884.0,0.3899999856948852,0.0,3.609999895095825,2.090123414993286
4498,1996,MDA,4387653.0,14391438093.0,0.3899999856948852,0.0,3.609999895095825,2.58607029914856
4499,1997,MDA,4355537.0,14366532241.0,0.3899999856948852,0.0,3.609999895095825,2.8530256748199463
4500,1998,MDA,4318713.0,13191426007.0,0.3899999856948852,0.0,3.609999895095825,2.885098457336426
4501,1999,MDA,4278220.0,12519934662.0,0.3899999856948852,0.0,3.609999895095825,2.4749579429626465
4502,2000,MDA,4234969.0,12554043876.0,0.3899999856948852,0.0,3.609999895095825,2.5613491535186768
4503,2001,MDA,4189769.0,13087722618.0,0.3600000143051147,0.0,3.920000076293945,2.455188274383545
4504,2002,MDA,4142937.0,13857813762.0,0.3499999940395355,0.0,3.7699999809265137,2.5118556022644043
4505,2003,MDA,4095418.0,14513550202.0,0.3600000143051147,0.0,3.859999895095825,2.6678109169006348
4506,2004,MDA,4046672.0,15302841155.0,0.3499999940395355,0.0,3.890000104904175,2.360901117324829
4507,2005,MDA,3988668.0,16157452511.0,0.3600000143051147,0.0,4.010000228881836,2.4507479667663574
4508,2006,MDA,3921320.0,16628252777.0,0.3700000047683716,0.0,4.079999923706055,2.52239203453064
4509,2007,MDA,3851397.0,16819758019.0,0.3499999940395355,0.0,3.940000057220459,2.1660327911376958
4510,2008,MDA,3779503.0,17815141666.0,0.3799999952316284,0.0,4.019999980926514,2.110419750213623
4511,2009,MDA,3706212.0,16449234621.0,0.3499999940395355,0.0,4.159999847412109,2.059545993804932
4512,2010,MDA,3631990.0,17299250407.0,0.4000000059604645,0.0,4.070000171661377,1.8482728004455569
4513,2011,MDA,3557278.0,18145357193.0,0.3499999940395355,0.0,3.869999885559082,1.7887771129608154
4514,2012,MDA,3482629.0,18038303680.0,0.270000010728836,0.0,3.950000047683716,2.483180284500122
4515,2013,MDA,3408741.0,19669685322.0,0.3100000023841858,0.0,3.0,2.2356879711151123
4516,2014,MDA,3342715.0,20653170404.0,0.3300000131130218,0.0,3.5999999046325684,2.034932851791382
4517,2015,MDA,3287168.0,20583362405.0,0.270000010728836,0.0,4.119999885559082,1.8271547555923464
4518,2016,MDA,3237798.0,21490882450.0,0.2399999946355819,0.0,4.0,1.752057433128357
4519,2017,MDA,3193500.0,22393497127.0,0.3100000023841858,0.0,3.319999933242798,1.7055798768997192
4520,2018,MDA,3153779.0,23311634910.0,0.3199999928474426,0.0,3.619999885559082,1.748122215270996
4521,2019,MDA,3112561.0,24150849841.0,0.3700000047683716,0.0,3.809999942779541,1.7067943811416626
4522,2020,MDA,3069135.0,22146328756.0,0.3600000143051147,0.0,4.159999847412109,1.7957286834716797
4523,2021,MDA,3023780.0,25234640526.0,0.4399999976158142,0.0,4.449999809265137,1.723783254623413
4524,2022,MDA,3039986.0,23827554273.0,0.5099999904632568,0.0,3.450000047683716,1.5643997192382812
4525,2023,MDA,3067072.0,23827554273.0,0.6100000143051147,0.0,4.079999923706055,1.5643997192382812
4526,2024,MDA,3034967.0,23827554273.0,0.6499999761581421,0.0,3.849999904632568,1.5643997192382812
4527,2025,MDA,2996104.0,23827554273.0,0.6899999976158142,0.0,3.900000095367432,1.5643997192382812
4528,1990,MNG,2164578.0,4502883000.0,0.0,0.0,2.640000104904175,5.399322032928467
4529,1991,MNG,2202772.0,4287970064.0,0.0,0.0,2.640000104904175,5.644955158233643
4530,1992,MNG,2239130.0,4068637517.0,0.0,0.0,2.640000104904175,5.361420154571533
4531,1993,MNG,2273515.0,4139237763.0,0.0,0.0,2.640000104904175,4.87479829788208
4532,1994,MNG,2305743.0,4442844414.0,0.0,0.0,2.640000104904175,4.375394821166992
4533,1995,MNG,2335717.0,4952892782.0,0.0,0.0,2.640000104904175,3.787801504135132
4534,1996,MNG,2363469.0,5318281056.0,0.0,0.0,2.640000104904175,3.578812599182129
4535,1997,MNG,2389133.0,5799570113.0,0.0,0.0,2.640000104904175,2.6617918014526367
4536,1998,MNG,2412793.0,6297035099.0,0.0,0.0,2.640000104904175,2.5926144123077397
4537,1999,MNG,2434041.0,6816929799.0,0.0,0.0,2.640000104904175,2.404818534851074
4538,2000,MNG,2455182.0,7225650413.0,0.0,0.0,2.640000104904175,2.351963520050049
4539,2001,MNG,2477704.0,7799420655.0,0.0,0.0,2.700000047683716,2.161724805831909
4540,2002,MNG,2500074.0,8569503317.0,0.0,0.0,2.809999942779541,2.097233533859253
4541,2003,MNG,2521809.0,9616040556.0,0.0,0.0,2.8299999237060547,1.8544156551361084
4542,2004,MNG,2542801.0,11156311740.0,0.0,0.0,2.9800000190734863,1.765946865081787
4543,2005,MNG,2563466.0,12547451302.0,0.0,0.0,3.0899999141693115,1.6221725940704346
4544,2006,MNG,2584761.0,14288905306.0,0.0,0.0,3.2100000381469727,1.5032106637954712
4545,2007,MNG,2607976.0,16520107221.0,0.0,0.0,3.359999895095825,1.442188739776611
4546,2008,MNG,2634431.0,18865759800.0,0.0099999997764825,0.0,3.619999885559082,1.3316608667373655
4547,2009,MNG,2665333.0,19534582355.0,0.0299999993294477,0.0,3.630000114440918,1.3633522987365725
4548,2010,MNG,2701739.0,21791068014.0,0.050000000745058,0.0,3.859999895095825,1.5180809497833252
4549,2011,MNG,2745183.0,26811268000.0,0.0599999986588954,0.0,4.039999961853027,1.3115317821502686
4550,2012,MNG,2795463.0,30114910000.0,0.0599999986588954,0.0,4.28000020980835,1.3883421421051023
4551,2013,MNG,2851887.0,33619040000.0,0.1199999973177909,0.0,4.420000076293945,1.412567377090454
4552,2014,MNG,2913041.0,36271699000.0,0.209999993443489,0.0,4.670000076293945,1.350221037864685
4553,2015,MNG,2976528.0,37107214000.0,0.2199999988079071,0.0,4.78000020980835,1.261821150779724
4554,2016,MNG,3040815.0,37322351698.0,0.25,0.0,4.920000076293945,1.2680833339691162
4555,2017,MNG,3104371.0,39053686549.0,0.25,0.0,5.21999979019165,1.3322430849075315
4556,2018,MNG,3167714.0,41646694213.0,0.4399999976158142,0.0,5.539999961853027,1.3666092157363892
4557,2019,MNG,3232118.0,43979841080.0,0.6899999976158142,0.0,5.639999866485596,1.4212099313735962
4558,2020,MNG,3290786.0,41975349786.0,0.6800000071525574,0.0,5.380000114440918,1.4889789819717407
4559,2021,MNG,3339676.0,42662390805.0,0.8299999833106995,0.0,5.96999979019165,1.426128387451172
4560,2022,MNG,3386015.0,44809463232.0,0.7599999904632568,0.0,6.309999942779541,1.169084906578064
4561,2023,MNG,3431938.0,44809463232.0,0.7599999904632568,0.0,6.769999980926514,1.169084906578064
4562,2024,MNG,3475541.0,44809463232.0,0.7799999713897705,0.0,7.150000095367432,1.169084906578064
4563,2025,MNG,3517097.0,44809463232.0,0.8100000023841858,0.0,7.909999847412109,1.169084906578064
4564,2005,MNE,634059.0,5587145362.0,1.870000004768372,0.0,1.059999942779541,1.9191856384277344
4565,2006,MNE,633876.0,6395709656.0,1.75,0.0,1.2599999904632568,1.9191856384277344
4566,2007,MNE,633388.0,7462959925.0,1.2799999713897705,0.0,0.8999999761581421,1.5997440814971924
4567,2008,MNE,632855.0,8414771352.0,1.5399999618530271,0.0,1.350000023841858,1.5515426397323608
4568,2009,MNE,632445.0,8371377925.0,2.069999933242798,0.0,0.75,1.163897156715393
4569,2010,MNE,632088.0,9033097807.0,2.75,0.0,1.3600000143051147,1.3030365705490112
4570,2011,MNE,632689.0,9801452189.0,1.2000000476837158,0.0,1.5,1.190890192985535
4571,2012,MNE,633546.0,9593079942.0,1.4800000190734863,0.0,1.4299999475479126,1.132683038711548
4572,2013,MNE,633199.0,9985414363.0,2.5,0.0,1.5199999809265137,1.008902907371521
4573,2014,MNE,631377.0,10205667487.0,1.75,0.0,1.4800000190734863,0.9673420190811156
4574,2015,MNE,628145.0,10689584516.0,1.4900000095367432,0.0,1.5700000524520874,1.008869767189026
4575,2016,MNE,624246.0,10988665274.0,1.840000033378601,0.0,1.3600000143051147,0.9292089939117432
4576,2017,MNE,620112.0,11487747356.0,1.1200000047683716,0.0,1.399999976158142,0.917896032333374
4577,2018,MNE,615798.0,12049855060.0,2.25,0.0,1.6200000047683716,0.9244268536567688
4578,2019,MNE,611671.0,12539436047.0,1.9299999475479128,0.0,1.559999942779541,0.9026689529418944
4579,2020,MNE,607934.0,10620037519.0,1.7699999809265137,0.0,1.6799999475479126,0.9712673425674438
4580,2021,MNE,603854.0,12005261164.0,2.3299999237060547,0.0,1.5099999904632568,0.9266945123672484
4581,2022,MNE,614649.0,12774399882.0,1.7599999904632568,0.0,1.600000023841858,0.8904450535774231
4582,2023,MNE,633553.0,12774399882.0,2.549999952316284,0.0,1.7200000286102295,0.8904450535774231
4583,2024,MNE,638481.0,12774399882.0,2.0999999046325684,0.0,1.4900000095367432,0.8904450535774231
4584,2025,MNE,632730.0,12774399882.0,1.8600000143051147,0.0,0.6499999761581421,0.8904450535774231
4585,1990,MSR,10700.0,0.0,0.0,0.0,0.0099999997764825,0.0
4586,1991,MSR,10464.0,0.0,0.0,0.0,0.0099999997764825,0.0
4587,1992,MSR,10013.0,0.0,0.0,0.0,0.0099999997764825,0.0
4588,1993,MSR,9454.0,0.0,0.0,0.0,0.0099999997764825,0.0
4589,1994,MSR,8867.0,0.0,0.0,0.0,0.0099999997764825,0.0
4590,1995,MSR,8257.0,0.0,0.0,0.0,0.0099999997764825,0.0
4591,1996,MSR,7626.0,0.0,0.0,0.0,0.0099999997764825,0.0
4592,1997,MSR,6979.0,0.0,0.0,0.0,0.0099999997764825,0.0
4593,1998,MSR,6321.0,0.0,0.0,0.0,0.0099999997764825,0.0
4594,1999,MSR,5685.0,0.0,0.0,0.0,0.0099999997764825,0.0
4595,2000,MSR,5053.0,0.0,0.0,0.0,0.0099999997764825,0.0
4596,2001,MSR,4616.0,0.0,0.0,0.0,0.0099999997764825,0.0
4597,2002,MSR,4500.0,0.0,0.0,0.0,0.0099999997764825,0.0
4598,2003,MSR,4515.0,0.0,0.0,0.0,0.0099999997764825,0.0
4599,2004,MSR,4541.0,0.0,0.0,0.0,0.0099999997764825,0.0
4600,2005,MSR,4574.0,0.0,0.0,0.0,0.0099999997764825,0.0
4601,2006,MSR,4606.0,0.0,0.0,0.0,0.0099999997764825,0.0
4602,2007,MSR,4649.0,0.0,0.0,0.0,0.0099999997764825,0.0
4603,2008,MSR,4700.0,0.0,0.0,0.0,0.0099999997764825,0.0
4604,2009,MSR,4759.0,0.0,0.0,0.0,0.0099999997764825,0.0
4605,2010,MSR,4819.0,0.0,0.0,0.0,0.0099999997764825,0.0
4606,2011,MSR,4846.0,0.0,0.0,0.0,0.0099999997764825,0.0
4607,2012,MSR,4822.0,0.0,0.0,0.0,0.0099999997764825,0.0
4608,2013,MSR,4774.0,0.0,0.0,0.0,0.0099999997764825,0.0
4609,2014,MSR,4738.0,0.0,0.0,0.0,0.0099999997764825,0.0
4610,2015,MSR,4693.0,0.0,0.0,0.0,0.0099999997764825,0.0
4611,2016,MSR,4665.0,0.0,0.0,0.0,0.0099999997764825,0.0
4612,2017,MSR,4624.0,0.0,0.0,0.0,0.0099999997764825,0.0
4613,2018,MSR,4595.0,0.0,0.0,0.0,0.0099999997764825,0.0
4614,2019,MSR,4564.0,0.0,0.0,0.0,0.0099999997764825,0.0
4615,2020,MSR,4532.0,0.0,0.0,0.0,0.0099999997764825,0.0
4616,2021,MSR,4505.0,0.0,0.0,0.0,0.0099999997764825,0.0
4617,2022,MSR,4476.0,0.0,0.0,0.0,0.0099999997764825,0.0
4618,2023,MSR,4440.0,0.0,0.0,0.0,0.0099999997764825,0.0
4619,2024,MSR,4414.0,0.0,0.0,0.0,0.0099999997764825,0.0
4620,1990,MAR,24375558.0,102154759492.0,1.2200000286102295,79.14823150634766,10.399999618530272,0.8101018667221069
4621,1991,MAR,24799016.0,109740063063.0,1.22599995136261,80.17853546142578,10.399999618530272,0.7636573910713196
4622,1992,MAR,25212469.0,107664067531.0,0.9639999866485596,90.92877960205078,10.399999618530272,0.8710362911224365
4623,1993,MAR,25614586.0,107072637645.0,0.4429999887943268,93.45594787597656,10.399999618530272,0.8850617408752441
4624,1994,MAR,26000824.0,118651280111.0,0.8399999737739563,101.97055053710938,10.399999618530272,0.8803480267524719
4625,1995,MAR,26399431.0,112285412713.0,0.6110000014305115,100.6451187133789,10.399999618530272,0.9124234318733216
4626,1996,MAR,26808109.0,126007526018.0,1.9570000171661377,101.32673645019533,10.399999618530272,0.8500568866729736
4627,1997,MAR,27213340.0,123891488018.0,2.0829999446868896,105.1943817138672,10.399999618530272,0.8988009095191956
4628,1998,MAR,27621638.0,132709015459.0,1.7769999504089355,108.9571304321289,10.399999618530272,0.8606175184249878
4629,1999,MAR,28027188.0,134068868267.0,0.824999988079071,116.05250549316406,10.399999618530272,0.8838145732879639
4630,2000,MAR,28423439.0,136639290851.0,0.7699999809265137,115.15100860595705,10.399999618530272,0.8596603274345398
4631,2001,MAR,28814646.0,146692867628.0,1.0700000524520874,123.76759338378906,12.0,0.8651098608970642
4632,2002,MAR,29198146.0,151385794465.0,1.0299999713897705,127.0680694580078,11.5600004196167,0.8593407273292542
4633,2003,MAR,29571415.0,160559931983.0,1.6399999856948853,125.68058013916016,12.010000228881836,0.8124702572822571
4634,2004,MAR,29953021.0,168466885680.0,1.7899999618530271,143.40399169921875,12.800000190734863,0.881852924823761
4635,2005,MAR,30358145.0,174390745088.0,1.6399999856948853,157.98056030273438,13.8100004196167,0.9251288175582886
4636,2006,MAR,30771179.0,188101125607.0,1.7799999713897705,161.34756469726562,14.079999923706056,0.8754054307937622
4637,2007,MAR,31186468.0,195286744421.0,1.6100000143051147,159.88893127441406,13.93000030517578,0.8358393907546997
4638,2008,MAR,31606769.0,207385199268.0,1.6699999570846558,176.71910095214844,14.15999984741211,0.8685807585716248
4639,2009,MAR,32030779.0,216763299753.0,3.3399999141693115,167.52464294433594,13.300000190734863,0.8109753131866455
4640,2010,MAR,32467009.0,225643836837.0,4.289999961853027,183.50241088867188,13.949999809265137,0.8640004992485046
4641,2011,MAR,32912585.0,238103276789.0,2.8299999237060547,197.30545043945312,15.899999618530272,0.8599103093147278
4642,2012,MAR,33355246.0,245270189355.0,2.549999952316284,201.95330810546875,17.190000534057617,0.8497641682624817
4643,2013,MAR,33787573.0,256393198875.0,4.349999904632568,203.07749938964844,16.5,0.834574282169342
4644,2014,MAR,34204784.0,263251716082.0,3.9600000381469727,207.3771514892578,18.290000915527344,0.8244013786315918
4645,2015,MAR,34607590.0,274689990243.0,4.809999942779541,208.9825134277344,19.13999938964844,0.8040292859077454
4646,2016,MAR,35023459.0,276121131010.0,5.090000152587891,210.85646057128903,19.559999465942383,0.8087908029556274
4647,2017,MAR,35446395.0,290087315215.0,5.059999942779541,221.46588134765625,20.36000061035156,0.8059667348861694
4648,2018,MAR,35839760.0,298981397583.0,6.849999904632568,224.658203125,21.479999542236328,0.808792769908905
4649,2019,MAR,36210907.0,307624970074.0,7.989999771118164,243.9567108154297,25.51000022888184,0.8576708436012268
4650,2020,MAR,36584208.0,285515953096.0,7.440000057220459,224.0745849609375,25.049999237060547,0.8490047454833984
4651,2021,MAR,36954443.0,308157391278.0,8.180000305175781,248.6132049560547,26.43000030517578,0.8725406527519226
4652,2022,MAR,37329068.0,311654947615.0,7.53000020980835,248.11285400390625,27.440000534057617,0.8559589982032776
4653,2023,MAR,37712516.0,311654947615.0,9.220000267028809,248.23660278320312,26.170000076293945,0.8559589982032776
4654,2024,MAR,38081176.0,311654947615.0,10.350000381469728,251.04788208007807,25.21999931335449,0.8559589982032776
4655,2025,MAR,38430774.0,311654947615.0,10.65999984741211,251.04788208007807,26.540000915527344,0.8559589982032776
4656,1990,MOZ,13094535.0,22495834078.0,9.5600004196167,0.0,0.2399999946355819,0.2173141986131668
4657,1991,MOZ,13352091.0,22102096456.0,9.5600004196167,0.0,0.2399999946355819,0.2239011228084564
4658,1992,MOZ,13613314.0,19279761969.0,9.5600004196167,0.0,0.2399999946355819,0.2531262636184692
4659,1993,MOZ,14051203.0,19284149798.0,9.5600004196167,0.0,0.2399999946355819,0.2738237679004669
4660,1994,MOZ,15033852.0,18783666165.0,9.5600004196167,0.0,0.2399999946355819,0.2683814465999603
4661,1995,MOZ,15960530.0,17625138412.0,9.5600004196167,0.0,0.2399999946355819,0.3022953569889068
4662,1996,MOZ,16492484.0,20572895284.0,9.5600004196167,0.0,0.2399999946355819,0.2653063237667084
4663,1997,MOZ,16949988.0,20995038319.0,9.5600004196167,0.0,0.2399999946355819,0.2686281502246856
4664,1998,MOZ,17340463.0,21637918333.0,9.5600004196167,0.0,0.2399999946355819,0.2975374460220337
4665,1999,MOZ,17734499.0,21504902826.0,9.5600004196167,0.0,0.2399999946355819,0.353799968957901
4666,2000,MOZ,18129652.0,20141918616.0,9.5600004196167,0.0,0.2399999946355819,0.5075976252555847
4667,2001,MOZ,18537735.0,20943673338.0,11.720000267028809,0.0,0.3100000023841858,0.6537781357765198
4668,2002,MOZ,18958338.0,21025370393.0,12.550000190734863,0.0,0.3199999928474426,0.6196258664131165
4669,2003,MOZ,19392477.0,20673806269.0,10.760000228881836,0.0,0.2800000011920929,0.8313249349594116
4670,2004,MOZ,19840312.0,20561725686.0,11.550000190734863,0.0,0.3100000023841858,0.868382453918457
4671,2005,MOZ,20304577.0,20658231192.0,13.130000114440918,0.0,0.3300000131130218,0.9087368249893188
4672,2006,MOZ,20787088.0,20951970966.0,14.56999969482422,0.0,0.3700000047683716,0.9697170853614808
4673,2007,MOZ,21287638.0,20803537606.0,15.899999618530272,0.0,0.3899999856948852,1.120082139968872
4674,2008,MOZ,21819037.0,20553356220.0,14.960000038146973,0.0,0.3700000047683716,1.0753554105758667
4675,2009,MOZ,22391751.0,20249940482.0,16.780000686645508,0.0,0.4099999964237213,1.1473780870437622
4676,2010,MOZ,22999234.0,20039610112.0,16.649999618530273,0.0,0.4099999964237213,1.183778166770935
4677,2011,MOZ,23649045.0,19919625683.0,16.479999542236328,0.0,0.4600000083446502,1.5286458730697632
4678,2012,MOZ,24337849.0,21365393250.0,14.859999656677246,0.0,0.4199999868869781,1.8247077465057373
4679,2013,MOZ,25051613.0,22853277292.0,14.65999984741211,0.0,0.4900000095367431,1.9381794929504397
4680,2014,MOZ,25788473.0,24544192952.0,16.18000030517578,0.0,0.5299999713897705,2.00185227394104
4681,2015,MOZ,26547576.0,26194296097.0,17.09000015258789,0.0,1.25,2.0177648067474365
4682,2016,MOZ,27337107.0,27195969056.0,15.600000381469728,0.0,2.5,2.147902250289917
4683,2017,MOZ,28166397.0,28213368238.0,14.199999809265137,0.0,2.609999895095825,2.1908113956451416
4684,2018,MOZ,29018647.0,29185036688.0,14.020000457763672,0.0,2.390000104904175,1.6162430047988892
4685,2019,MOZ,29884378.0,29860675429.0,15.06999969482422,0.0,2.930000066757202,1.6513417959213257
4686,2020,MOZ,30783685.0,29502646219.0,15.880000114440918,0.0,2.440000057220459,1.5409224033355713
4687,2021,MOZ,31707798.0,30189464161.0,15.649999618530272,0.0,2.4800000190734863,1.7371796369552612
4688,2022,MOZ,32656242.0,31441725629.0,16.3700008392334,0.0,2.5,1.787427306175232
4689,2023,MOZ,33635163.0,31441725629.0,16.68000030517578,0.0,2.569999933242798,1.787427306175232
4690,2024,MOZ,34631767.0,31441725629.0,16.510000228881836,0.0,2.559999942779541,1.787427306175232
4691,1990,MMR,39817253.0,49171474105.0,1.870000004768372,0.0,2.900000095367432,0.4617306292057037
4692,1991,MMR,40394159.0,48063924892.0,1.870000004768372,0.0,2.900000095367432,0.4649727940559387
4693,1992,MMR,40950342.0,51891171124.0,1.870000004768372,0.0,2.900000095367432,0.4425058364868164
4694,1993,MMR,41502423.0,54198379043.0,1.870000004768372,0.0,2.900000095367432,0.449954092502594
4695,1994,MMR,42055150.0,57338246186.0,1.870000004768372,0.0,2.900000095367432,0.5108251571655273
4696,1995,MMR,42605343.0,60452844316.0,1.870000004768372,0.0,2.900000095367432,0.5168367028236389
4697,1996,MMR,43154858.0,63378625652.0,1.870000004768372,0.0,2.900000095367432,0.4974884390830993
4698,1997,MMR,43708802.0,65935166316.0,1.870000004768372,0.0,2.900000095367432,0.5125516057014465
4699,1998,MMR,44257793.0,68698886620.0,1.870000004768372,0.0,2.900000095367432,0.5715053677558899
4700,1999,MMR,44787727.0,75075477916.0,1.870000004768372,0.0,2.900000095367432,0.5280599594116211
4701,2000,MMR,45290850.0,84093543935.0,1.870000004768372,0.0,2.900000095367432,0.5270619988441467
4702,2001,MMR,45771140.0,92175090616.0,1.7999999523162842,0.0,2.609999895095825,0.4414632022380829
4703,2002,MMR,46232656.0,101591501239.0,2.109999895095825,0.0,2.789999961853028,0.4625718295574188
4704,2003,MMR,46667191.0,113781428684.0,2.0799999237060547,0.0,3.150000095367432,0.4700684547424316
4705,2004,MMR,47068779.0,127115611447.0,2.4100000858306885,0.0,3.049999952316284,0.4425650537014007
4706,2005,MMR,47438362.0,142039114248.0,3.0,0.0,2.880000114440918,0.5118587613105774
4707,2006,MMR,47785141.0,158028614076.0,3.3299999237060547,0.0,2.7100000381469727,0.4287969172000885
4708,2007,MMR,48125047.0,174123352808.0,3.619999885559082,0.0,2.640000104904175,0.4199141561985016
4709,2008,MMR,48390790.0,177512910900.0,4.070000171661377,0.0,2.4600000381469727,0.3704664707183838
4710,2009,MMR,48660458.0,183291522878.0,5.260000228881836,0.0,1.7000000476837158,0.3159581124782562
4711,2010,MMR,49024376.0,189724140707.0,6.190000057220459,0.0,2.390000104904175,0.3174977004528045
4712,2011,MMR,49419825.0,197359087812.0,7.519999980926514,0.0,2.869999885559082,0.3104676902294159
4713,2012,MMR,49837451.0,210159799971.0,7.960000038146973,0.0,3.1700000762939453,0.3601379990577698
4714,2013,MMR,50262658.0,226760324221.0,9.039999961853027,0.0,3.440000057220459,0.3874625265598297
4715,2014,MMR,50681635.0,245354667120.0,9.0600004196167,0.0,5.269999980926514,0.4296459853649139
4716,2015,MMR,51089060.0,263690038660.0,9.640000343322754,0.0,6.449999809265137,0.3671433627605438
4717,2016,MMR,51495701.0,280587266112.0,10.0,0.0,7.96999979019165,0.4040679931640625
4718,2017,MMR,51894939.0,296721043920.0,11.220000267028809,0.0,9.489999771118164,0.5016260147094727
4719,2018,MMR,52272250.0,315726037240.0,12.59000015258789,0.0,8.770000457763672,0.4919003248214721
4720,2019,MMR,52640718.0,337037542855.0,10.869999885559082,0.0,8.100000381469727,0.4502599239349365
4721,2020,MMR,53016525.0,347785669977.0,9.140000343322754,0.0,9.149999618530272,0.4409100413322449
4722,2021,MMR,53387103.0,285399881185.0,9.859999656677246,0.0,9.68000030517578,0.5177223682403564
4723,2022,MMR,53756791.0,291025085135.0,9.5,0.0,13.109999656677246,0.4597325921058655
4724,2023,MMR,54133800.0,291025085135.0,9.8100004196167,0.0,10.880000114440918,0.4597325921058655
4725,2024,MMR,54500086.0,291025085135.0,10.390000343322754,0.0,10.920000076293944,0.4597325921058655
4726,1990,NAM,1369309.0,7363138831.0,1.399999976158142,0.0,0.0599999986588954,1.3796433210372925
4727,1991,NAM,1415689.0,7919428821.0,1.399999976158142,0.0,0.0599999986588954,0.6815013885498047
4728,1992,NAM,1461324.0,8581727967.0,1.399999976158142,0.0,0.0599999986588954,0.5851411819458008
4729,1993,NAM,1508698.0,8429492929.0,1.399999976158142,0.0,0.0599999986588954,0.7491512894630432
4730,1994,NAM,1556315.0,9059011736.0,1.399999976158142,0.0,0.0599999986588954,0.6645821928977966
4731,1995,NAM,1602181.0,9444539646.0,1.399999976158142,0.0,0.0599999986588954,0.762435793876648
4732,1996,NAM,1646107.0,9761025681.0,1.399999976158142,0.0,0.0599999986588954,0.7656908631324768
4733,1997,NAM,1689274.0,10187928589.0,1.399999976158142,0.0,0.0599999986588954,0.7531713247299194
4734,1998,NAM,1732747.0,10539117428.0,1.399999976158142,0.0,0.0599999986588954,0.7401023507118225
4735,1999,NAM,1776371.0,10909782994.0,1.399999976158142,0.0,0.0599999986588954,0.985255002975464
4736,2000,NAM,1818650.0,11306497296.0,1.399999976158142,0.0,0.0599999986588954,0.8937925100326538
4737,2001,NAM,1857059.0,11455708939.0,1.2100000381469729,0.0,0.0299999993294477,1.0459400415420532
4738,2002,NAM,1889976.0,12021866961.0,1.4199999570846558,0.0,0.0399999991059303,0.904132068157196
4739,2003,NAM,1917469.0,12213390181.0,1.4199999570846558,0.0,0.0399999991059303,0.9435931444168092
4740,2004,NAM,1942087.0,13656396271.0,1.3700000047683716,0.0,0.0399999991059303,0.8952507376670837
4741,2005,NAM,1966581.0,14023333339.0,1.659999966621399,0.0,0.0700000002980232,0.9413785338401794
4742,2006,NAM,1991890.0,15035738461.0,1.5099999904632568,0.0,0.1299999952316284,0.8771031498908997
4743,2007,NAM,2018607.0,15866803390.0,1.5399999618530271,0.0,0.0700000002980232,0.8693731427192688
4744,2008,NAM,2047059.0,16311345821.0,1.3899999856948853,0.0,0.1899999976158142,0.9079952836036682
4745,2009,NAM,2077400.0,16383138236.0,1.4199999570846558,0.0,0.1000000014901161,0.9378235340118408
4746,2010,NAM,2109815.0,17398594185.0,1.2599999904632568,0.0,0.0700000002980232,0.9338510632514954
4747,2011,NAM,2146331.0,18309342330.0,1.409999966621399,0.0,0.0700000002980232,0.9169543981552124
4748,2012,NAM,2194656.0,19236166518.0,1.6200000047683716,0.0,0.0799999982118606,0.8986785411834717
4749,2013,NAM,2252505.0,20316276333.0,1.2899999618530271,0.0,0.0700000002980232,0.8975011110305786
4750,2014,NAM,2312143.0,21554146363.0,1.5199999809265137,0.0,0.050000000745058,0.8894743323326111
4751,2015,NAM,2374305.0,22473214767.0,1.5399999618530271,0.0,0.0700000002980232,0.9001995921134949
4752,2016,NAM,2439219.0,22480856444.0,1.4199999570846558,0.0,0.0799999982118606,0.912730634212494
4753,2017,NAM,2506854.0,22249978012.0,1.7000000476837158,0.0,0.1099999994039535,0.9308268427848816
4754,2018,NAM,2577327.0,22485828408.0,1.3899999856948853,0.0,0.0599999986588954,0.9060624241828918
4755,2019,NAM,2650499.0,22297166631.0,1.3300000429153442,0.0,0.0799999982118606,0.8950839638710022
4756,2020,NAM,2728760.0,20505368156.0,1.9299999475479128,0.0,0.1199999973177909,0.8894855976104736
4757,2021,NAM,2810552.0,21049990407.0,1.4700000286102295,0.0,0.0700000002980232,0.871968686580658
4758,2022,NAM,2889668.0,21858730428.0,1.2999999523162842,0.0,0.0599999986588954,0.8225422501564026
4759,2023,NAM,2963102.0,21858730428.0,1.850000023841858,0.0,0.0900000035762786,0.8225422501564026
4760,2024,NAM,3030127.0,21858730428.0,1.600000023841858,0.0,0.0799999982118606,0.8225422501564026
4761,1990,NRU,9645.0,0.0,0.0,0.0,0.0199999995529651,0.0
4762,1991,NRU,9873.0,0.0,0.0,0.0,0.0199999995529651,0.0
4763,1992,NRU,10042.0,0.0,0.0,0.0,0.0199999995529651,0.0
4764,1993,NRU,10123.0,0.0,0.0,0.0,0.0199999995529651,0.0
4765,1994,NRU,10163.0,0.0,0.0,0.0,0.0199999995529651,0.0
4766,1995,NRU,10187.0,0.0,0.0,0.0,0.0199999995529651,0.0
4767,1996,NRU,10206.0,0.0,0.0,0.0,0.0199999995529651,0.0
4768,1997,NRU,10218.0,0.0,0.0,0.0,0.0199999995529651,0.0
4769,1998,NRU,10220.0,0.0,0.0,0.0,0.0199999995529651,0.0
4770,1999,NRU,10207.0,0.0,0.0,0.0,0.0199999995529651,0.0
4771,2000,NRU,10187.0,0.0,0.0,0.0,0.0199999995529651,0.0
4772,2001,NRU,10147.0,0.0,0.0,0.0,0.0199999995529651,0.0
4773,2002,NRU,10105.0,0.0,0.0,0.0,0.0199999995529651,0.0
4774,2003,NRU,10086.0,0.0,0.0,0.0,0.0199999995529651,0.0
4775,2004,NRU,10084.0,0.0,0.0,0.0,0.0199999995529651,0.0
4776,2005,NRU,10071.0,0.0,0.0,0.0,0.0199999995529651,0.0
4777,2006,NRU,10061.0,0.0,0.0,0.0,0.0099999997764825,0.0
4778,2007,NRU,10042.0,0.0,0.0,0.0,0.0099999997764825,0.0
4779,2008,NRU,10032.0,0.0,0.0,0.0,0.0099999997764825,0.0
4780,2009,NRU,10041.0,0.0,0.0,0.0,0.0099999997764825,0.0
4781,2010,NRU,10067.0,0.0,0.0,0.0,0.0099999997764825,0.0
4782,2011,NRU,10116.0,0.0,0.0,0.0,0.0099999997764825,0.0
4783,2012,NRU,10289.0,0.0,0.0,0.0,0.0099999997764825,0.0
4784,2013,NRU,10539.0,0.0,0.0,0.0,0.0099999997764825,0.0
4785,2014,NRU,10766.0,0.0,0.0,0.0,0.0199999995529651,0.0
4786,2015,NRU,10975.0,0.0,0.0,0.0,0.0199999995529651,0.0
4787,2016,NRU,11173.0,0.0,0.0,0.0,0.0199999995529651,0.0
4788,2017,NRU,11351.0,0.0,0.0,0.0,0.0199999995529651,0.0
4789,2018,NRU,11499.0,0.0,0.0,0.0,0.0299999993294477,0.0
4790,2019,NRU,11609.0,0.0,0.0,0.0,0.0299999993294477,0.0
4791,2020,NRU,11665.0,0.0,0.0,0.0,0.0299999993294477,0.0
4792,2021,NRU,11727.0,0.0,0.0,0.0,0.0299999993294477,0.0
4793,2022,NRU,11822.0,0.0,0.0,0.0,0.0299999993294477,0.0
4794,2023,NRU,11900.0,0.0,0.0,0.0,0.0299999993294477,0.0
4795,2024,NRU,11968.0,0.0,0.0099999997764825,0.0,0.0299999993294477,0.0
4796,1990,NPL,19524579.0,24523435000.0,1.6200000047683716,0.0,0.0599999986588954,0.1528342962265014
4797,1991,NPL,20036507.0,26059005352.0,1.6200000047683716,0.0,0.0599999986588954,0.1714423447847366
4798,1992,NPL,20609708.0,27087697622.0,1.6200000047683716,0.0,0.0599999986588954,0.1838741451501846
4799,1993,NPL,21180158.0,28089918800.0,1.6200000047683716,0.0,0.0599999986588954,0.1802407503128051
4800,1994,NPL,21717483.0,30349286375.0,1.6200000047683716,0.0,0.0599999986588954,0.1903364956378936
4801,1995,NPL,22245443.0,31356698922.0,1.6200000047683716,0.0,0.0599999986588954,0.1957182139158249
4802,1996,NPL,22741867.0,32961840342.0,1.6200000047683716,0.0,0.0599999986588954,0.219066321849823
4803,1997,NPL,23219458.0,34660347793.0,1.6200000047683716,0.0,0.0599999986588954,0.2383307218551635
4804,1998,NPL,23680358.0,35610081787.0,1.6200000047683716,0.0,0.0599999986588954,0.2911882102489471
4805,1999,NPL,24125201.0,37151145536.0,1.6200000047683716,0.0,0.0599999986588954,0.3080490827560425
4806,2000,NPL,24546509.0,39381724035.0,1.6200000047683716,0.0,0.0599999986588954,0.2919450104236603
4807,2001,NPL,24946755.0,41523111510.0,1.830000042915344,0.0,0.050000000745058,0.2872813045978546
4808,2002,NPL,25328989.0,41501458057.0,2.0999999046325684,0.0,0.050000000745058,0.2914504110813141
4809,2003,NPL,25688762.0,43073954586.0,2.259999990463257,0.0,0.050000000745058,0.2974393963813782
4810,2004,NPL,26016652.0,45033771388.0,2.380000114440918,0.0,0.0700000002980232,0.2792203426361084
4811,2005,NPL,26309462.0,46375899545.0,2.490000009536743,0.0,0.0700000002980232,0.2808829247951507
4812,2006,NPL,26565430.0,48016624917.0,2.7100000381469727,0.0,0.0700000002980232,0.2589323222637176
4813,2007,NPL,26788498.0,49595508764.0,2.759999990463257,0.0,0.0799999982118606,0.2463463097810745
4814,2008,NPL,26990036.0,52545963062.0,2.7799999713897705,0.0,0.0799999982118606,0.2678127586841583
4815,2009,NPL,27173035.0,54837737569.0,3.069999933242798,0.0,0.0799999982118606,0.298768013715744
4816,2010,NPL,27341955.0,57388251486.0,3.180000066757202,0.0,0.0799999982118606,0.3081420361995697
4817,2011,NPL,27464499.0,59280309000.0,3.4600000381469727,0.0,0.0799999982118606,0.3161226809024811
4818,2012,NPL,27534916.0,62106290000.0,3.509999990463257,0.0,0.0900000035762786,0.3244965076446533
4819,2013,NPL,27589997.0,64655772000.0,3.490000009536743,0.0,0.0900000035762786,0.3353282511234283
4820,2014,NPL,27672373.0,68540931000.0,3.799999952316284,0.0,0.0900000035762786,0.3424291908740997
4821,2015,NPL,27823631.0,70404490000.0,3.4600000381469727,0.0,0.0799999982118606,0.2995350360870361
4822,2016,NPL,27955471.0,70942615519.0,4.179999828338623,0.0,0.1000000014901161,0.4580080211162567
4823,2017,NPL,28011258.0,77349484140.0,4.579999923706055,0.0,0.1099999994039535,0.4828539490699768
4824,2018,NPL,28079688.0,83234791901.0,4.840000152587891,0.0,0.1099999994039535,0.504401683807373
4825,2019,NPL,28414066.0,88775779267.0,6.150000095367432,0.0,0.1400000005960464,0.4099021255970001
4826,2020,NPL,28966580.0,86672124340.0,6.179999828338623,0.0,0.1400000005960464,0.5262166261672974
4827,2021,NPL,29475016.0,90865461899.0,9.630000114440918,0.0,0.2300000041723251,0.5298923850059509
4828,2022,NPL,29715435.0,95965910597.0,10.699999809265137,0.0,0.25,0.5801719427108765
4829,2023,NPL,29694614.0,95965910597.0,10.699999809265137,0.0,0.25,0.5801719427108765
4830,2024,NPL,29651054.0,95965910597.0,11.130000114440918,0.0,0.270000010728836,0.5801719427108765
4831,1990,NLD,15030886.0,411390791201.0,0.8199999928474426,898.2420654296875,47.58000183105469,2.213794708251953
4832,1991,NLD,15155093.0,423942311236.0,0.9300000071525574,915.6553344726562,47.58000183105469,2.189126491546631
4833,1992,NLD,15276787.0,433663917114.0,1.0,925.141845703125,47.58000183105469,2.1655421257019043
4834,1993,NLD,15389718.0,441708287208.0,1.100000023841858,932.2192993164062,47.58000183105469,2.1438722610473637
4835,1994,NLD,15485453.0,457377474101.0,1.2599999904632568,921.555419921875,47.58000183105469,2.048218011856079
4836,1995,NLD,15565034.0,474451023067.0,1.409999966621399,959.1137084960938,47.58000183105469,2.0549261569976807
4837,1996,NLD,15640032.0,494206817608.0,1.8200000524520876,999.5709838867188,47.58000183105469,2.058066844940185
4838,1997,NLD,15723621.0,518458402185.0,2.009999990463257,985.6651000976562,47.58000183105469,1.926577925682068
4839,1998,NLD,15827109.0,545041076356.0,2.319999933242798,987.8223876953124,47.58000183105469,1.84562623500824
4840,1999,NLD,15940183.0,575899135456.0,2.509999990463257,975.0158081054688,47.58000183105469,1.7256091833114624
4841,2000,NLD,16058757.0,603803040978.0,2.970000028610229,986.376953125,47.58000183105469,1.6674634218215942
4842,2001,NLD,16182705.0,620170874924.0,3.309999942779541,1024.024169921875,49.84999847412109,1.6859179735183716
4843,2002,NLD,16288060.0,624424625610.0,3.9800000190734863,1022.6897583007812,50.9900016784668,1.6752400398254397
4844,2003,NLD,16366914.0,629811489833.0,3.9600000381469727,1029.6417236328125,51.630001068115234,1.6720497608184814
4845,2004,NLD,16425562.0,646331449347.0,5.300000190734863,1061.810302734375,52.18000030517578,1.684498310089111
4846,2005,NLD,16465707.0,664118269501.0,7.460000038146973,1078.1451416015625,50.41999816894531,1.6747649908065796
4847,2006,NLD,16493851.0,691453801614.0,8.0600004196167,1054.878173828125,49.869998931884766,1.5757752656936646
4848,2007,NLD,16531360.0,721200009128.0,7.590000152587891,1069.353515625,52.84999847412109,1.5356683731079102
4849,2008,NLD,16597259.0,737705013303.0,9.529999732971191,1051.265380859375,52.5099983215332,1.4835046529769895
4850,2009,NLD,16684148.0,713986817901.0,10.829999923706056,1030.88330078125,54.68000030517578,1.511639952659607
4851,2010,NLD,16771232.0,728193221597.0,11.1899995803833,1123.363037109375,56.470001220703125,1.607610106468201
4852,2011,NLD,16851061.0,744614396708.0,12.31999969482422,1063.290771484375,53.20000076293945,1.4975427389144895
4853,2012,NLD,16915191.0,736942199791.0,12.470000267028809,1043.879150390625,50.56999969482422,1.4868186712265017
4854,2013,NLD,16967066.0,735982982299.0,12.100000381469728,1015.5588989257812,50.34000015258789,1.444170594215393
4855,2014,NLD,17030085.0,746458868661.0,11.649999618530272,967.2080078125,53.220001220703125,1.361536145210266
4856,2015,NLD,17107429.0,761083250759.0,13.6899995803833,972.8862915039062,60.09999847412109,1.3486934900283811
4857,2016,NLD,17204693.0,777764090323.0,14.779999732971191,988.7959594726562,59.77999877929688,1.3423644304275513
4858,2017,NLD,17315376.0,800404023156.0,17.43000030517578,990.7116088867188,56.81999969482422,1.31446373462677
4859,2018,NLD,17421285.0,819300805024.0,18.8799991607666,958.3043823242188,52.83000183105469,1.2524570226669312
4860,2019,NLD,17537505.0,835323029559.0,22.799999237060547,940.2194213867188,49.220001220703125,1.2229241132736206
4861,2020,NLD,17636732.0,802861622095.0,32.72999954223633,878.825927734375,41.81999969482422,1.2322710752487185
4862,2021,NLD,17730565.0,841906706612.0,40.43999862670898,884.2289428710938,42.54999923706055,1.2056279182434082
4863,2022,NLD,17904421.0,879609110665.0,48.09999847412109,800.6931762695312,39.060001373291016,1.0846837759017944
4864,2023,NLD,18092526.0,879609110665.0,56.84000015258789,766.7636108398438,32.16999816894531,1.0846837759017944
4865,2024,NLD,18228740.0,879609110665.0,62.06999969482422,742.6096801757812,30.670000076293945,1.0846837759017944
4866,2025,NLD,18346823.0,879609110665.0,69.0999984741211,742.6096801757812,34.220001220703125,1.0846837759017944
4867,1990,ANT,188047.0,0.0,0.0,0.0,0.0,0.0
4868,1991,ANT,188953.0,0.0,0.0,0.0,0.0,0.0
4869,1992,ANT,189511.0,0.0,0.0,0.0,0.0,0.0
4870,1993,ANT,189622.0,0.0,0.0,0.0,0.0,0.0
4871,1994,ANT,189159.0,0.0,0.0,0.0,0.0,0.0
4872,1995,ANT,188081.0,0.0,0.0,0.0,0.0,0.0
4873,1996,ANT,186311.0,0.0,0.0,0.0,0.0,0.0
4874,1997,ANT,183978.0,0.0,0.0,0.0,0.0,0.0
4875,1998,ANT,181506.0,0.0,0.0,0.0,0.0,0.0
4876,1999,ANT,179451.0,0.0,0.0,0.0,0.0,0.0
4877,2000,ANT,178219.0,0.0,0.0,0.0,0.0,0.0
4878,2001,ANT,177940.0,0.0,0.0,0.0,0.0,0.0
4879,2002,ANT,178514.0,0.0,0.0,0.0,0.0,0.0
4880,2003,ANT,179829.0,0.0,0.0,0.0,0.0,0.0
4881,2004,ANT,181695.0,0.0,0.0,0.0,0.0,0.0
4882,2005,ANT,183927.0,0.0,0.0,0.0,0.0,0.0
4883,2006,ANT,186541.0,0.0,0.0,0.0,0.0,0.0
4884,2007,ANT,189515.0,0.0,0.0,0.0,0.0,0.0
4885,2008,ANT,192610.0,0.0,0.0,0.0,0.0,0.0
4886,2009,ANT,195519.0,0.0,0.0,0.0,0.0,0.0
4887,2010,ANT,198009.0,0.0,0.0,0.0,0.0,0.0
4888,2011,ANT,198009.0,0.0,0.0,0.0,0.0,0.0
4889,2012,ANT,198009.0,0.0,0.0,0.0,0.0,0.0
4890,2013,ANT,198009.0,0.0,0.0,0.0,0.0,0.0
4891,2014,ANT,198009.0,0.0,0.0,0.0,0.0,0.0
4892,2015,ANT,198009.0,0.0,0.0,0.0,0.0,0.0
4893,2016,ANT,198009.0,0.0,0.0,0.0,0.0,0.0
4894,2017,ANT,198009.0,0.0,0.0,0.0,0.0,0.0
4895,2018,ANT,198009.0,0.0,0.0,0.0,0.0,0.0
4896,2019,ANT,198009.0,0.0,0.0,0.0,0.0,0.0
4897,2020,ANT,198009.0,0.0,0.0,0.0,0.0,0.0
4898,2021,ANT,198009.0,0.0,0.0,0.0,0.0,0.0
4899,2022,ANT,198009.0,0.0,0.0,0.0,0.0,0.0
4900,2023,ANT,198009.0,0.0,0.0,0.0,0.0,0.0
4901,2024,ANT,198009.0,0.0,0.0,0.0,0.0,0.0
4902,1990,NCL,176468.0,0.0,0.449999988079071,0.0,0.8299999833106995,0.0
4903,1991,NCL,181251.0,0.0,0.449999988079071,0.0,0.8299999833106995,0.0
4904,1992,NCL,186084.0,0.0,0.449999988079071,0.0,0.8299999833106995,0.0
4905,1993,NCL,190858.0,0.0,0.449999988079071,0.0,0.8299999833106995,0.0
4906,1994,NCL,195626.0,0.0,0.449999988079071,0.0,0.8299999833106995,0.0
4907,1995,NCL,200392.0,0.0,0.449999988079071,0.0,0.8299999833106995,0.0
4908,1996,NCL,205048.0,0.0,0.449999988079071,0.0,0.8299999833106995,0.0
4909,1997,NCL,209568.0,0.0,0.449999988079071,0.0,0.8299999833106995,0.0
4910,1998,NCL,214062.0,0.0,0.449999988079071,0.0,0.8299999833106995,0.0
4911,1999,NCL,218532.0,0.0,0.449999988079071,0.0,0.8299999833106995,0.0
4912,2000,NCL,223110.0,0.0,0.449999988079071,0.0,0.8299999833106995,0.0
4913,2001,NCL,227714.0,0.0,0.3700000047683716,0.0,0.9399999976158142,0.0
4914,2002,NCL,232239.0,0.0,0.3300000131130218,0.0,1.0,0.0
4915,2003,NCL,236684.0,0.0,0.3199999928474426,0.0,0.9900000095367432,0.0
4916,2004,NCL,240865.0,0.0,0.3300000131130218,0.0,0.9300000071525574,0.0
4917,2005,NCL,244391.0,0.0,0.3600000143051147,0.0,1.0499999523162842,0.0
4918,2006,NCL,247557.0,0.0,0.3100000023841858,0.0,1.0800000429153442,0.0
4919,2007,NCL,250730.0,0.0,0.4300000071525574,0.0,1.0399999618530271,0.0
4920,2008,NCL,253831.0,0.0,0.4799999892711639,0.0,0.9399999976158142,0.0
4921,2009,NCL,257261.0,0.0,0.4300000071525574,0.0,1.0499999523162842,0.0
4922,2010,NCL,261580.0,0.0,0.3100000023841858,0.0,1.3200000524520874,0.0
4923,2011,NCL,266550.0,0.0,0.4199999868869781,0.0,1.340000033378601,0.0
4924,2012,NCL,271640.0,0.0,0.4600000083446502,0.0,1.3200000524520874,0.0
4925,2013,NCL,276832.0,0.0,0.5099999904632568,0.0,1.4500000476837158,0.0
4926,2014,NCL,281233.0,0.0,0.3499999940395355,0.0,1.909999966621399,0.0
4927,2015,NCL,283179.0,0.0,0.4099999964237213,0.0,1.8200000524520876,0.0
4928,2016,NCL,283432.0,0.0,0.2899999916553497,0.0,2.119999885559082,0.0
4929,2017,NCL,283554.0,0.0,0.4399999976158142,0.0,2.119999885559082,0.0
4930,2018,NCL,283551.0,0.0,0.4199999868869781,0.0,2.3299999237060547,0.0
4931,2019,NCL,283616.0,0.0,0.4600000083446502,0.0,2.2100000381469727,0.0
4932,2020,NCL,284187.0,0.0,0.5099999904632568,0.0,2.130000114440918,0.0
4933,2021,NCL,285227.0,0.0,0.6499999761581421,0.0,1.7400000095367432,0.0
4934,2022,NCL,287130.0,0.0,0.8100000023841858,0.0,1.75,0.0
4935,2023,NCL,289879.0,0.0,0.8100000023841858,0.0,1.75,0.0
4936,2024,NCL,292655.0,0.0,0.8399999737739563,0.0,1.75,0.0
4937,1990,NZL,3396981.0,74483238000.0,26.13824462890625,109.20075988769533,7.170000076293945,2.503047466278076
4938,1991,NZL,3480933.0,74961224062.0,26.01629447937012,113.32878112792967,7.170000076293945,2.537142038345337
4939,1992,NZL,3532246.0,75624106462.0,24.16267967224121,119.1263198852539,7.170000076293945,2.519057035446167
4940,1993,NZL,3573609.0,79461848563.0,26.71196937561035,117.34122467041016,7.170000076293945,2.469691514968872
4941,1994,NZL,3621030.0,84890067977.0,28.91273307800293,121.70407104492188,7.170000076293945,2.4400672912597656
4942,1995,NZL,3674434.0,88724280201.0,30.56032943725586,124.5889129638672,7.170000076293945,2.4221742153167725
4943,1996,NZL,3729383.0,92246848029.0,29.14270782470703,131.87997436523438,7.170000076293945,2.3630921840667725
4944,1997,NZL,3776950.0,95195281693.0,26.318187713623047,140.27786254882812,7.170000076293945,2.29025673866272
4945,1998,NZL,3811376.0,96170421359.0,28.649314880371094,133.41940307617188,7.170000076293945,2.2670435905456543
4946,1999,NZL,3835561.0,100616403871.0,26.51474380493164,141.6765899658203,7.170000076293945,2.185854196548462
4947,2000,NZL,3857576.0,104942102861.0,27.920000076293945,146.03514099121094,7.170000076293945,2.1874654293060303
4948,2001,NZL,3891763.0,107226686179.0,25.0,153.16400146484375,9.050000190734863,2.1215145587921143
4949,2002,NZL,3951116.0,112775904669.0,28.0,152.58360290527344,7.949999809265137,2.086370944976806
4950,2003,NZL,4022585.0,118221542739.0,26.68000030517578,149.79498291015625,9.329999923706056,1.929182529449463
4951,2004,NZL,4083912.0,123732222489.0,30.600000381469727,145.4878387451172,8.630000114440918,1.8966776132583616
4952,2005,NZL,4135002.0,127087212440.0,27.36000061035156,149.44320678710938,10.800000190734863,1.8000141382217407
4953,2006,NZL,4181943.0,130823651084.0,27.8799991607666,149.96575927734375,10.710000038146973,1.7601133584976196
4954,2007,NZL,4223270.0,136252900902.0,28.40999984741211,148.0481719970703,9.850000381469728,1.683998465538025
4955,2008,NZL,4261819.0,135932629621.0,27.8700008392334,150.74240112304688,10.710000038146973,1.692786693572998
4956,2009,NZL,4304304.0,136500728040.0,30.790000915527344,142.37965393066406,8.4399995803833,1.6814780235290527
4957,2010,NZL,4347766.0,139478805582.0,32.400001525878906,143.8970947265625,7.949999809265137,1.6858006715774536
4958,2011,NZL,4382699.0,142521900112.0,33.33000183105469,142.57666015625,7.28000020980835,1.6565049886703491
4959,2012,NZL,4411682.0,146280651356.0,31.3799991607666,149.9340057373047,8.670000076293945,1.6259888410568235
4960,2013,NZL,4453857.0,149512485774.0,31.68000030517578,150.9789276123047,7.559999942779541,1.602359414100647
4961,2014,NZL,4522976.0,154422989929.0,33.95000076293945,156.5143585205078,6.369999885559082,1.623300313949585
4962,2015,NZL,4614035.0,160782215776.0,34.88999938964844,156.02157592773438,6.21999979019165,1.568688988685608
4963,2016,NZL,4714768.0,167418113760.0,36.38999938964844,156.32260131835938,4.940000057220459,1.5272208452224731
4964,2017,NZL,4812749.0,174187918857.0,35.459999084472656,163.60861206054688,5.760000228881836,1.4916915893554688
4965,2018,NZL,4900840.0,181445758308.0,36.470001220703125,160.12181091308594,5.409999847412109,1.4243677854537964
4966,2019,NZL,4989410.0,187274507980.0,36.060001373291016,166.5218505859375,5.849999904632568,1.4073708057403564
4967,2020,NZL,5069895.0,184971347287.0,35.08000183105469,145.76158142089844,6.159999847412109,1.2937296628952026
4968,2021,NZL,5107694.0,196312458906.0,35.59000015258789,141.32225036621094,6.309999942779541,1.2014013528823853
4969,2022,NZL,5131731.0,200602760076.0,37.59999847412109,132.41275024414062,4.460000038146973,1.1600520610809326
4970,2023,NZL,5172837.0,200602760076.0,38.43999862670898,138.59962463378906,3.740000009536743,1.1600520610809326
4971,2024,NZL,5213942.0,200602760076.0,37.84000015258789,134.78738403320312,4.929999828338623,1.1600520610809326
4972,2025,NZL,5251897.0,200602760076.0,38.369998931884766,134.78738403320312,4.019999980926514,1.1600520610809326
4973,1990,NIC,4162566.0,8348404000.0,0.4900000095367431,0.0,1.2100000381469729,1.1003947257995603
4974,1991,NIC,4259636.0,8483399893.0,0.4900000095367431,0.0,1.2100000381469729,1.0250966548919678
4975,1992,NIC,4357031.0,8668809931.0,0.4900000095367431,0.0,1.2100000381469729,1.1743773221969604
4976,1993,NIC,4453733.0,8788659513.0,0.4900000095367431,0.0,1.2100000381469729,1.1604456901550293
4977,1994,NIC,4549317.0,9239788720.0,0.4900000095367431,0.0,1.2100000381469729,1.160794377326965
4978,1995,NIC,4642933.0,9966535313.0,0.4900000095367431,0.0,1.2100000381469729,1.1672102212905884
4979,1996,NIC,4729979.0,10785595274.0,0.4900000095367431,0.0,1.2100000381469729,1.1452996730804443
4980,1997,NIC,4809574.0,11415412840.0,0.4900000095367431,0.0,1.2100000381469729,1.1348010301589966
4981,1998,NIC,4883659.0,12049925222.0,0.4900000095367431,0.0,1.2100000381469729,1.2043825387954712
4982,1999,NIC,4954021.0,13130550582.0,0.4900000095367431,0.0,1.2100000381469729,1.1776084899902344
4983,2000,NIC,5022636.0,13909591678.0,0.4900000095367431,0.0,1.2100000381469729,1.148665428161621
4984,2001,NIC,5087827.0,14579899402.0,0.4900000095367431,0.0,1.3300000429153442,1.1431138515472412
4985,2002,NIC,5149914.0,14954188068.0,0.6399999856948853,0.0,1.309999942779541,1.117792725563049
4986,2003,NIC,5210970.0,15599450900.0,0.7400000095367432,0.0,1.350000023841858,1.13683819770813
4987,2004,NIC,5272909.0,16722815302.0,0.7900000214576721,0.0,1.399999976158142,1.1143025159835815
4988,2005,NIC,5342108.0,17753885555.0,1.0199999809265137,0.0,1.2999999523162842,1.0587459802627563
4989,2006,NIC,5418857.0,18819405708.0,0.9399999976158142,0.0,1.5299999713897705,1.014509677886963
4990,2007,NIC,5497247.0,20171035929.0,0.9200000166893004,0.0,1.600000023841858,0.995398759841919
4991,2008,NIC,5576597.0,21118480099.0,1.190000057220459,0.0,1.5199999809265137,0.9160313606262208
4992,2009,NIC,5656602.0,20900358446.0,1.059999942779541,0.0,1.6699999570846558,0.9403537511825562
4993,2010,NIC,5737451.0,21950676457.0,1.340000033378601,0.0,1.6200000047683716,0.9057374596595764
4994,2011,NIC,5819051.0,23734874000.0,1.2899999618530271,0.0,1.7599999904632568,0.8884709477424622
4995,2012,NIC,5901290.0,25065728000.0,1.7200000286102295,0.0,1.649999976158142,0.8269886374473572
4996,2013,NIC,5983852.0,26206803000.0,2.180000066757202,0.0,1.4500000476837158,0.816241979598999
4997,2014,NIC,6066493.0,27402565000.0,2.400000095367432,0.0,1.5099999904632568,0.8191309571266174
4998,2015,NIC,6149417.0,28748328000.0,2.299999952316284,0.0,1.659999966621399,0.8758147358894348
4999,2016,NIC,6232664.0,29929662026.0,2.400000095367432,0.0,1.600000023841858,0.8424248695373535
5000,2017,NIC,6316235.0,31179621906.0,2.5299999713897705,0.0,1.4900000095367432,0.8083283305168152
5001,2018,NIC,6400074.0,30002714290.0,2.7300000190734863,0.0,1.4600000381469729,0.6194819808006287
5002,2019,NIC,6483660.0,29133575354.0,2.609999895095825,0.0,1.5299999713897705,0.6650494337081909
5003,2020,NIC,6565267.0,28619004754.0,2.650000095367432,0.0,0.949999988079071,0.6811827421188354
5004,2021,NIC,6644745.0,31580275032.0,2.9100000858306885,0.0,1.100000023841858,0.6792235374450684
5005,2022,NIC,6730662.0,32764782125.0,2.7699999809265137,0.0,1.25,0.6553655862808228
5006,2023,NIC,6823619.0,32764782125.0,2.819999933242798,0.0,1.3600000143051147,0.6553655862808228
5007,2024,NIC,6916136.0,32764782125.0,2.819999933242798,0.0,1.3600000143051147,0.6553655862808228
5008,1990,NER,8286066.0,6837988542.0,0.0,0.0,0.1700000017881393,0.5455085635185242
5009,1991,NER,8546900.0,6989575096.0,0.0,0.0,0.1700000017881393,0.540169358253479
5010,1992,NER,8817633.0,6527731522.0,0.0,0.0,0.1700000017881393,0.5645977854728699
5011,1993,NER,9100789.0,6612264624.0,0.0,0.0,0.1700000017881393,0.5870891213417053
5012,1994,NER,9398266.0,6867284266.0,0.0,0.0,0.1700000017881393,0.5708997845649719
5013,1995,NER,9714537.0,6415921691.0,0.0,0.0,0.1700000017881393,0.6296916007995605
5014,1996,NER,10044848.0,6731376519.0,0.0,0.0,0.1700000017881393,0.6031532287597656
5015,1997,NER,10383977.0,6759223607.0,0.0,0.0,0.1700000017881393,0.6037114858627319
5016,1998,NER,10741416.0,7611872294.0,0.0,0.0,0.1700000017881393,0.5564664006233215
5017,1999,NER,11117414.0,7681517627.0,0.0,0.0,0.1700000017881393,0.5133235454559326
5018,2000,NER,11509634.0,7478107136.0,0.0,0.0,0.1700000017881393,0.4436221718788147
5019,2001,NER,11920648.0,8079568499.0,0.0,0.0,0.1400000005960464,0.4020646512508392
5020,2002,NER,12349150.0,8506710068.0,0.0,0.0,0.1500000059604644,0.4060985743999481
5021,2003,NER,12796979.0,9108500707.0,0.0,0.0,0.1599999964237213,0.4170470237731933
5022,2004,NER,13265843.0,9044074242.0,0.0,0.0,0.1599999964237213,0.4608362317085266
5023,2005,NER,13756192.0,9809322645.0,0.0,0.0,0.1899999976158142,0.4006525874137878
5024,2006,NER,14268583.0,10382568329.0,0.0,0.0,0.1800000071525573,0.3766945898532867
5025,2007,NER,14803604.0,10716181753.0,0.0,0.0,0.1800000071525573,0.3970482647418976
5026,2008,NER,15361921.0,11762875984.0,0.0,0.0,0.1800000071525573,0.4020943343639374
5027,2009,NER,15943673.0,11700248745.0,0.0,0.0,0.209999993443489,0.4758938550949096
5028,2010,NER,16548833.0,12694118605.0,0.0,0.0,0.2300000041723251,0.542850136756897
5029,2011,NER,17176286.0,12994344552.0,0.0,0.0,0.270000010728836,0.5320885181427002
5030,2012,NER,17836770.0,14364207370.0,0.0,0.0,0.3000000119209289,0.6386688351631165
5031,2013,NER,18519899.0,15127089342.0,0.0,0.0,0.3400000035762787,0.6824908256530762
5032,2014,NER,19215917.0,16132130068.0,0.0099999997764825,0.0,0.3400000035762787,0.6072880625724792
5033,2015,NER,19939496.0,16840818422.0,0.0099999997764825,0.0,0.3899999856948852,0.6143360733985901
5034,2016,NER,20685758.0,17807651308.0,0.0099999997764825,0.0,0.5,0.5424107313156128
5035,2017,NER,21435449.0,18698209711.0,0.0099999997764825,0.0,0.4000000059604645,0.5021695494651794
5036,2018,NER,22188074.0,20008393727.0,0.0099999997764825,0.0,0.3700000047683716,0.4234227836132049
5037,2019,NER,22947765.0,21237507069.0,0.0199999995529651,0.0,0.4600000083446502,0.5138134956359863
5038,2020,NER,23717615.0,21991440513.0,0.0199999995529651,0.0,0.4699999988079071,0.5012149214744568
5039,2021,NER,24502145.0,22299096291.0,0.0199999995529651,0.0,0.4900000095367431,0.4896375238895416
5040,2022,NER,25311978.0,24776754234.0,0.0199999995529651,0.0,0.5400000214576721,0.5444784760475159
5041,2023,NER,26159863.0,24776754234.0,0.0199999995529651,0.0,0.6600000262260437,0.5444784760475159
5042,2024,NER,27032417.0,24776754234.0,0.0299999993294477,0.0,0.6399999856948853,0.5444784760475159
5043,1990,NGA,97120926.0,171278462601.0,5.639999866485596,0.0,6.070000171661377,1.1409510374069214
5044,1991,NGA,99720161.0,174067595995.0,5.639999866485596,0.0,6.070000171661377,1.2209590673446655
5045,1992,NGA,102372779.0,181866334418.0,5.639999866485596,0.0,6.070000171661377,1.1993041038513184
5046,1993,NGA,105122075.0,188893712697.0,5.639999866485596,0.0,6.070000171661377,1.1786798238754272
5047,1994,NGA,107935717.0,193990909901.0,5.639999866485596,0.0,6.070000171661377,1.066300868988037
5048,1995,NGA,110819430.0,202397614701.0,5.639999866485596,0.0,6.070000171661377,1.1434468030929563
5049,1996,NGA,113754783.0,215950344813.0,5.639999866485596,0.0,6.070000171661377,1.099183201789856
5050,1997,NGA,116754790.0,227883174622.0,5.639999866485596,0.0,6.070000171661377,1.0421465635299685
5051,1998,NGA,119846261.0,239844515802.0,5.639999866485596,0.0,6.070000171661377,0.9462432861328124
5052,1999,NGA,123047324.0,247535177447.0,5.639999866485596,0.0,6.070000171661377,0.9171450734138488
5053,2000,NGA,126382490.0,268133056679.0,5.639999866485596,0.0,6.070000171661377,0.8032030463218689
5054,2001,NGA,129862594.0,293371700731.0,5.920000076293945,0.0,6.369999885559082,0.8325808048248291
5055,2002,NGA,133471995.0,344836483316.0,8.239999771118164,0.0,8.880000114440918,0.7277427911758423
5056,2003,NGA,137202646.0,387284228400.0,7.460000038146973,0.0,8.489999771118164,0.6897507309913635
5057,2004,NGA,141057045.0,438814816180.0,8.119999885559082,0.0,10.739999771118164,0.6303658485412598
5058,2005,NGA,145017256.0,481797619872.0,7.78000020980835,0.0,10.470000267028809,0.6327391862869263
5059,2006,NGA,149077335.0,527631752471.0,6.269999980926514,0.0,11.140000343322754,0.5193461775779724
5060,2007,NGA,153267254.0,581001445796.0,6.239999771118164,0.0,11.079999923706056,0.4335423707962036
5061,2008,NGA,157595014.0,638908028616.0,5.730000019073486,0.0,10.18000030517578,0.4856828153133392
5062,2009,NGA,162049466.0,709931188516.0,4.539999961853027,0.0,10.0600004196167,0.2765664756298065
5063,2010,NGA,166642888.0,809999411809.0,6.380000114440918,0.0,13.039999961853027,0.2973401844501495
5064,2011,NGA,171379602.0,871103799000.0,5.889999866485596,0.0,13.9399995803833,0.3979914784431457
5065,2012,NGA,176200627.0,908380661120.0,5.690000057220459,0.0,15.170000076293944,0.3854885697364807
5066,2013,NGA,181049440.0,957382666012.0,5.369999885559082,0.0,15.5,0.4735123515129089
5067,2014,NGA,185896917.0,1017790765613.0,5.389999866485596,0.0,17.670000076293945,0.4855540692806244
5068,2015,NGA,190671883.0,1044789628210.0,6.46999979019165,0.0,17.56999969482422,0.4487377107143402
5069,2016,NGA,195443698.0,1027896680223.0,8.210000038146973,0.0,18.68000030517578,0.4623462557792663
5070,2017,NGA,200254580.0,1036180414988.0,7.800000190734863,0.0,16.1200008392334,0.4439622163772583
5071,2018,NGA,204938752.0,1056103594567.0,7.769999980926514,0.0,19.06999969482422,0.4654545783996582
5072,2019,NGA,209485637.0,1079426893318.0,8.510000228881836,0.0,18.440000534057617,0.4769081473350525
5073,2020,NGA,213996185.0,1060059201469.0,7.809999942779541,0.0,19.88999938964844,0.4484682977199554
5074,2021,NGA,218529286.0,1098721596994.0,8.100000381469727,0.0,20.489999771118164,0.466457188129425
5075,2022,NGA,223150906.0,1134448580250.0,9.390000343322754,0.0,18.899999618530277,0.4563335478305816
5076,2023,NGA,227882949.0,1134448580250.0,9.279999732971191,0.0,20.8799991607666,0.4563335478305816
5077,2024,NGA,232679482.0,1134448580250.0,9.390000343322754,0.0,18.6200008392334,0.4563335478305816
5078,2025,NGA,237527788.0,1134448580250.0,13.010000228881836,0.0,18.93000030517578,0.4563335478305816
5079,1990,NIU,2506.0,0.0,0.0,0.0,0.0,0.0
5080,1991,NIU,2476.0,0.0,0.0,0.0,0.0,0.0
5081,1992,NIU,2443.0,0.0,0.0,0.0,0.0,0.0
5082,1993,NIU,2403.0,0.0,0.0,0.0,0.0,0.0
5083,1994,NIU,2362.0,0.0,0.0,0.0,0.0,0.0
5084,1995,NIU,2326.0,0.0,0.0,0.0,0.0,0.0
5085,1996,NIU,2290.0,0.0,0.0,0.0,0.0,0.0
5086,1997,NIU,2242.0,0.0,0.0,0.0,0.0,0.0
5087,1998,NIU,2187.0,0.0,0.0,0.0,0.0,0.0
5088,1999,NIU,2138.0,0.0,0.0,0.0,0.0,0.0
5089,2000,NIU,2068.0,0.0,0.0,0.0,0.0,0.0
5090,2001,NIU,2007.0,0.0,0.0,0.0,0.0,0.0
5091,2002,NIU,1965.0,0.0,0.0,0.0,0.0,0.0
5092,2003,NIU,1928.0,0.0,0.0,0.0,0.0,0.0
5093,2004,NIU,1891.0,0.0,0.0,0.0,0.0,0.0
5094,2005,NIU,1849.0,0.0,0.0,0.0,0.0,0.0
5095,2006,NIU,1818.0,0.0,0.0,0.0,0.0,0.0
5096,2007,NIU,1810.0,0.0,0.0,0.0,0.0,0.0
5097,2008,NIU,1805.0,0.0,0.0,0.0,0.0,0.0
5098,2009,NIU,1801.0,0.0,0.0,0.0,0.0,0.0
5099,2010,NIU,1786.0,0.0,0.0,0.0,0.0,0.0
5100,2011,NIU,1776.0,0.0,0.0,0.0,0.0,0.0
5101,2012,NIU,1784.0,0.0,0.0,0.0,0.0,0.0
5102,2013,NIU,1786.0,0.0,0.0,0.0,0.0,0.0
5103,2014,NIU,1792.0,0.0,0.0,0.0,0.0,0.0
5104,2015,NIU,1803.0,0.0,0.0,0.0,0.0,0.0
5105,2016,NIU,1806.0,0.0,0.0,0.0,0.0,0.0
5106,2017,NIU,1803.0,0.0,0.0,0.0,0.0,0.0
5107,2018,NIU,1805.0,0.0,0.0,0.0,0.0,0.0
5108,2019,NIU,1814.0,0.0,0.0,0.0,0.0,0.0
5109,2020,NIU,1822.0,0.0,0.0,0.0,0.0,0.0
5110,2021,NIU,1836.0,0.0,0.0,0.0,0.0,0.0
5111,2022,NIU,1844.0,0.0,0.0,0.0,0.0,0.0
5112,2023,NIU,1841.0,0.0,0.0,0.0,0.0,0.0
5113,1990,PRK,21112134.0,50223946260.0,10.100000381469728,0.0,8.390000343322754,5.09602689743042
5114,1991,PRK,21428637.0,48202054341.0,10.100000381469728,0.0,8.390000343322754,5.304635524749756
5115,1992,PRK,21750912.0,44917408392.0,10.100000381469728,0.0,8.390000343322754,5.79908561706543
5116,1993,PRK,22073354.0,43046073181.0,10.100000381469728,0.0,8.390000343322754,6.577771663665772
5117,1994,PRK,22393967.0,42085991707.0,10.100000381469728,0.0,8.390000343322754,6.511867046356201
5118,1995,PRK,22669307.0,40146511697.0,10.100000381469728,0.0,8.390000343322754,7.886469841003418
5119,1996,PRK,22895753.0,38689712954.0,10.100000381469728,0.0,8.390000343322754,7.86843204498291
5120,1997,PRK,23110836.0,36018760289.0,10.100000381469728,0.0,8.390000343322754,8.268982887268066
5121,1998,PRK,23311570.0,35521586609.0,10.100000381469728,0.0,8.390000343322754,7.4142866134643555
5122,1999,PRK,23497594.0,37610923377.0,10.100000381469728,0.0,8.390000343322754,8.96094799041748
5123,2000,PRK,23665909.0,37758035363.0,10.100000381469728,0.0,8.390000343322754,8.060033798217773
5124,2001,PRK,23815364.0,39161385107.0,10.489999771118164,0.0,8.710000038146973,7.564808368682861
5125,2002,PRK,23943975.0,39634147135.0,10.510000228881836,0.0,8.300000190734863,7.276354789733887
5126,2003,PRK,24090382.0,40352082900.0,11.600000381469728,0.0,8.449999809265137,7.086033821105957
5127,2004,PRK,24254946.0,41171424607.0,12.380000114440918,0.0,8.649999618530273,7.218913555145264
5128,2005,PRK,24396434.0,42708227011.0,13.0,0.0,8.970000267028809,6.870511531829834
5129,2006,PRK,24524508.0,42264169568.0,12.489999771118164,0.0,9.050000190734863,6.653216361999512
5130,2007,PRK,24646384.0,41765545354.0,13.149999618530272,0.0,7.599999904632568,5.9985175132751465
5131,2008,PRK,24764620.0,43163303891.0,13.93000030517578,0.0,8.420000076293945,6.295225143432617
5132,2009,PRK,24878338.0,42791212438.0,12.380000114440918,0.0,10.119999885559082,5.454482078552246
5133,2010,PRK,24987257.0,42605438930.0,13.270000457763672,0.0,9.529999732971191,5.1699934005737305
5134,2011,PRK,25097877.0,42961431310.0,13.06999969482422,0.0,7.239999771118164,3.663084506988525
5135,2012,PRK,25211737.0,43545173971.0,13.359999656677246,0.0,7.440000057220459,3.4368062019348145
5136,2013,PRK,25329456.0,44033758330.0,13.770000457763672,0.0,7.630000114440918,3.171698808670044
5137,2014,PRK,25451263.0,44518471841.0,12.880000114440918,0.0,7.96999979019165,3.080700635910034
5138,2015,PRK,25575355.0,44032955306.0,9.93000030517578,0.0,8.199999809265137,2.768516540527344
5139,2016,PRK,25698325.0,45739740287.0,12.710000038146973,0.0,10.140000343322754,2.7097442150115967
5140,2017,PRK,25817710.0,44160501992.0,11.829999923706056,0.0,10.609999656677246,5.163985252380371
5141,2018,PRK,25931153.0,42349472757.0,12.729999542236328,0.0,11.079999923706056,4.900450706481934
5142,2019,PRK,26037633.0,42499100315.0,11.079999923706056,0.0,11.619999885559082,5.384331226348877
5143,2020,PRK,26136312.0,40572892149.0,12.899999618530272,0.0,10.229999542236328,5.367568016052246
5144,2021,PRK,26232530.0,40550428396.0,16.229999542236328,0.0,8.779999732971191,4.553930759429932
5145,2022,PRK,26328843.0,40488847458.0,16.75,0.0,9.140000343322754,4.492852210998535
5146,2023,PRK,26418196.0,40488847458.0,16.75,0.0,9.25,4.492852210998535
5147,2024,PRK,26498832.0,40488847458.0,17.170000076293945,0.0,9.229999542236328,4.492852210998535
5148,1990,MKD,2063690.0,17074264103.0,0.4900000095367431,28.207687377929688,5.599999904632568,1.7370920181274414
5149,1991,MKD,2056002.0,16091738511.0,0.8500000238418579,26.93989944458008,5.599999904632568,1.8299715518951416
5150,1992,MKD,2032516.0,15099004830.0,0.8500000238418579,27.729421615600582,5.599999904632568,2.0025789737701416
5151,1993,MKD,2006853.0,14032388036.0,0.5199999809265137,28.73592185974121,5.599999904632568,2.157827377319336
5152,1994,MKD,1992669.0,13843334272.0,0.6899999976158142,26.386707305908203,5.599999904632568,2.054549217224121
5153,1995,MKD,1998531.0,13754792054.0,0.800000011920929,26.282588958740234,5.599999904632568,2.082993030548096
5154,1996,MKD,2012553.0,13985282522.0,0.8500000238418579,30.766876220703125,5.599999904632568,2.379667282104492
5155,1997,MKD,2025764.0,14249362170.0,0.8999999761581421,27.352331161499023,5.599999904632568,2.1063132286071777
5156,1998,MKD,2037575.0,14789521174.0,1.0800000429153442,30.721569061279297,5.599999904632568,2.293785333633423
5157,1999,MKD,2048088.0,15508166039.0,1.3899999856948853,28.396705627441406,5.599999904632568,2.0959255695343018
5158,2000,MKD,2057254.0,16307994486.0,1.1699999570846558,27.388038635253903,5.599999904632568,1.8915700912475584
5159,2001,MKD,2066300.0,15872667390.0,0.6299999952316284,27.185510635375977,5.78000020980835,1.8285878896713257
5160,2002,MKD,2074482.0,16017432272.0,0.7599999904632568,26.15193748474121,5.360000133514404,1.7706642150878906
5161,2003,MKD,2081417.0,16466000239.0,1.3700000047683716,27.99083709716797,5.460000038146973,1.941917061805725
5162,2004,MKD,2086581.0,17324217189.0,1.4800000190734863,27.30646705627441,5.289999961853027,1.822713017463684
5163,2005,MKD,2089809.0,18219129334.0,1.4900000095367432,28.311851501464844,5.570000171661377,1.788453459739685
5164,2006,MKD,2089232.0,19227779553.0,1.649999976158142,28.48919677734375,5.389999866485596,1.7258421182632446
5165,2007,MKD,2081972.0,20547244002.0,1.0099999904632568,30.02216339111328,5.429999828338623,1.600120186805725
5166,2008,MKD,2070837.0,21752220835.0,0.8399999737739563,29.42109680175781,5.510000228881836,1.4617469310760498
5167,2009,MKD,2060601.0,21758909955.0,1.2699999809265137,27.57061004638672,5.570000171661377,1.431106448173523
5168,2010,MKD,2051510.0,22583127369.0,2.430000066757202,27.146018981933597,4.920000076293945,1.5010592937469482
5169,2011,MKD,2040445.0,23201482935.0,1.4299999475479126,29.83101272583008,5.369999885559082,1.4564048051834106
5170,2012,MKD,2027288.0,23095684802.0,1.0399999618530271,28.48971366882324,5.130000114440918,1.3575901985168457
5171,2013,MKD,2013280.0,23771197646.0,1.590000033378601,25.768096923828125,4.380000114440918,1.2670892477035522
5172,2014,MKD,1997842.0,24633991465.0,1.2899999618530271,24.45988273620605,4.03000020980835,1.1351287364959717
5173,2015,MKD,1980366.0,25583815729.0,2.0299999713897705,23.999286651611328,3.569999933242798,1.152154803276062
5174,2016,MKD,1961268.0,26312536822.0,2.069999933242798,25.039447784423828,3.3399999141693115,1.162644624710083
5175,2017,MKD,1940877.0,26597107306.0,1.2899999618530271,25.95510482788086,3.950000047683716,1.1066285371780396
5176,2018,MKD,1919730.0,27363281668.0,1.9600000381469729,25.19547462463379,3.3399999141693115,1.1119412183761597
5177,2019,MKD,1897643.0,28433274864.0,1.340000033378601,27.48355484008789,4.110000133514404,1.092294216156006
5178,2020,MKD,1872021.0,27100243788.0,1.4800000190734863,23.79981231689453,3.3299999237060547,1.0224260091781616
5179,2021,MKD,1851109.0,28165634846.0,1.649999976158142,24.62279510498047,3.109999895095825,1.0295472145080566
5180,2022,MKD,1840236.0,28770256385.0,1.6100000143051147,26.51662254333496,3.7100000381469727,1.0682621002197266
5181,2023,MKD,1831800.0,28770256385.0,2.2100000381469727,26.76032257080078,3.920000076293945,1.0682621002197266
5182,2024,MKD,1823011.0,28770256385.0,2.490000009536743,24.592334747314453,3.220000028610229,1.0682621002197266
5183,2025,MKD,1813792.0,28770256385.0,3.220000028610229,24.592334747314453,3.009999990463257,1.0682621002197266
5184,1990,MNP,43364.0,0.0,0.0,0.0,0.0,0.0
5185,1991,MNP,44412.0,0.0,0.0,0.0,0.0,0.0
5186,1992,MNP,45204.0,0.0,0.0,0.0,0.0,0.0
5187,1993,MNP,45973.0,0.0,0.0,0.0,0.0,0.0
5188,1994,MNP,46752.0,0.0,0.0,0.0,0.0,0.0
5189,1995,MNP,48192.0,0.0,0.0,0.0,0.0,0.0
5190,1996,MNP,51724.0,0.0,0.0,0.0,0.0,0.0
5191,1997,MNP,56610.0,0.0,0.0,0.0,0.0,0.0
5192,1998,MNP,61356.0,0.0,0.0,0.0,0.0,0.0
5193,1999,MNP,65933.0,0.0,0.0,0.0,0.0,0.0
5194,2000,MNP,68374.0,0.0,0.0,0.0,0.0,0.0
5195,2001,MNP,68003.0,0.0,0.0,0.0,0.0,0.0
5196,2002,MNP,66800.0,0.0,0.0,0.0,0.0,0.0
5197,2003,MNP,65438.0,0.0,0.0,0.0,0.0,0.0
5198,2004,MNP,63948.0,0.0,0.0,0.0,0.0,0.0
5199,2005,MNP,62372.0,0.0,0.0,0.0,0.0,0.0
5200,2006,MNP,60688.0,0.0,0.0,0.0,0.0,0.0
5201,2007,MNP,58960.0,0.0,0.0,0.0,0.0,0.0
5202,2008,MNP,57163.0,0.0,0.0,0.0,0.0,0.0
5203,2009,MNP,55346.0,0.0,0.0,0.0,0.0,0.0
5204,2010,MNP,54110.0,0.0,0.0,0.0,0.0,0.0
5205,2011,MNP,53633.0,0.0,0.0,0.0,0.0,0.0
5206,2012,MNP,53251.0,0.0,0.0,0.0,0.0,0.0
5207,2013,MNP,52777.0,0.0,0.0,0.0,0.0,0.0
5208,2014,MNP,52199.0,0.0,0.0,0.0,0.0,0.0
5209,2015,MNP,51538.0,0.0,0.0,0.0,0.0,0.0
5210,2016,MNP,50795.0,0.0,0.0,0.0,0.0,0.0
5211,2017,MNP,49981.0,0.0,0.0,0.0,0.0,0.0
5212,2018,MNP,49098.0,0.0,0.0,0.0,0.0,0.0
5213,2019,MNP,48154.0,0.0,0.0,0.0,0.0,0.0
5214,2020,MNP,47557.0,0.0,0.0,0.0,0.0,0.0
5215,2021,MNP,47003.0,0.0,0.0,0.0,0.0,0.0
5216,2022,MNP,46101.0,0.0,0.0,0.0,0.0,0.0
5217,2023,MNP,45166.0,0.0,0.0,0.0,0.0,0.0
5218,1990,NOR,4241440.0,124859200464.0,121.3499984741211,134.01841735839844,3.670000076293945,3.947829484939575
5219,1991,NOR,4261618.0,132697585836.0,110.33999633789062,130.2748260498047,3.670000076293945,3.4409596920013428
5220,1992,NOR,4286255.0,141648316012.0,116.9000015258789,132.4936981201172,3.670000076293945,3.376060009002685
5221,1993,NOR,4311864.0,150177267961.0,119.4800033569336,137.21490478515625,3.670000076293945,3.26668643951416
5222,1994,NOR,4336467.0,162645039026.0,111.91999816894533,144.36181640625,3.670000076293945,2.922791004180908
5223,1995,NOR,4358991.0,174592147085.0,121.83000183105467,149.05702209472656,3.670000076293945,2.917496681213379
5224,1996,NOR,4381137.0,189011166346.0,104.16999816894533,159.10415649414062,3.670000076293945,2.471900701522827
5225,1997,NOR,4404988.0,205129717023.0,110.02999877929688,164.5947265625,3.670000076293945,2.388732671737671
5226,1998,NOR,4431308.0,216978667712.0,115.9800033569336,166.77032470703125,3.670000076293945,2.34952712059021
5227,1999,NOR,4461789.0,228192617125.0,121.75,165.53057861328125,3.670000076293945,2.303353309631348
5228,2000,NOR,4490864.0,242751277829.0,142.11000061035156,162.89857482910156,3.670000076293945,2.4023661613464355
5229,2001,NOR,4513650.0,255455331302.0,120.73999786376952,164.3560028076172,3.259999990463257,2.032291412353516
5230,2002,NOR,4538016.0,267081351259.0,129.6999969482422,164.78956604003906,3.450000047683716,2.034726142883301
5231,2003,NOR,4564666.0,277856282106.0,106.02999877929688,172.32167053222656,2.9600000381469727,1.727261304855347
5232,2004,NOR,4591739.0,297743119876.0,109.38999938964844,171.1400909423828,3.069999933242798,1.6339558362960815
5233,2005,NOR,4623120.0,314940774381.0,136.52000427246094,167.3960723876953,3.700000047683716,1.773147702217102
5234,2006,NOR,4660487.0,332457531096.0,120.4000015258789,168.45449829101562,3.380000114440918,1.5376299619674685
5235,2007,NOR,4709017.0,352692911227.0,134.94000244140625,170.69879150390625,3.890000104904175,1.567143440246582
5236,2008,NOR,4768097.0,364943654963.0,140.35000610351562,164.41964721679688,3.880000114440918,1.5342285633087158
5237,2009,NOR,4828625.0,370113292846.0,126.4800033569336,159.50234985351562,5.119999885559082,1.388609766960144
5238,2010,NOR,4889160.0,383760934305.0,117.95999908447266,168.98135375976562,5.28000020980835,1.297506332397461
5239,2011,NOR,4952969.0,399420041611.0,121.91000366210938,166.24050903320312,4.829999923706055,1.2619247436523438
5240,2012,NOR,5018453.0,410276121127.0,143.58999633789062,165.48643493652344,4.699999809265137,1.36722993850708
5241,2013,NOR,5080126.0,414445317738.0,130.4199981689453,166.09033203125,4.519999980926514,1.262497067451477
5242,2014,NOR,5137397.0,422933730082.0,137.94000244140625,166.60906982421875,4.78000020980835,1.2813812494277954
5243,2015,NOR,5189777.0,430788988142.0,140.07000732421875,170.2505340576172,4.809999942779541,1.2750321626663208
5244,2016,NOR,5235974.0,435806553454.0,145.14999389648438,165.2244873046875,4.900000095367432,1.279544472694397
5245,2017,NOR,5276807.0,446543702505.0,145.47999572753906,166.94766235351562,4.889999866485596,1.2544304132461548
5246,2018,NOR,5311751.0,450245217440.0,143.0500030517578,168.58778381347656,4.829999923706055,1.2251750230789185
5247,2019,NOR,5347733.0,455304831150.0,131.07000732421875,164.5920867919922,4.480000019073486,1.1331857442855835
5248,2020,NOR,5379275.0,449485260525.0,152.02999877929688,154.66322326660156,4.690000057220459,1.2378191947937012
5249,2021,NOR,5408082.0,467007972731.0,156.05999755859375,156.45567321777344,4.230000019073486,1.2188235521316528
5250,2022,NOR,5456796.0,482328451592.0,143.4499969482422,155.4150848388672,4.309999942779541,1.1062326431274414
5251,2023,NOR,5519167.0,482328451592.0,151.27999877929688,154.2573699951172,4.679999828338623,1.1062326431274414
5252,2024,NOR,5576656.0,482328451592.0,154.9199981689453,150.1119384765625,4.659999847412109,1.1062326431274414
5253,2025,NOR,5623074.0,482328451592.0,159.1999969482422,150.1119384765625,4.519999980926514,1.1062326431274414
5254,1990,OMN,1763957.0,18309502487.0,0.0,46.61988067626953,5.289999961853027,2.5462121963500977
5255,1991,OMN,1851476.0,20523449762.0,0.0,60.8377799987793,5.289999961853027,2.964305877685547
5256,1992,OMN,1938240.0,23477627483.0,0.0,60.32494354248047,5.289999961853027,2.569465160369873
5257,1993,OMN,2021677.0,26328163578.0,0.0,58.18563079833984,5.289999961853027,2.210014820098877
5258,1994,OMN,2081839.0,28891343065.0,0.0,54.52945709228516,5.289999961853027,1.887397646903992
5259,1995,OMN,2120531.0,32313285852.0,0.0,63.86767578125,5.289999961853027,1.9765143394470213
5260,1996,OMN,2156925.0,35842067925.0,0.0,65.51709747314453,5.289999961853027,1.8279385566711424
5261,1997,OMN,2190726.0,41346951900.0,0.0,67.49085998535156,5.289999961853027,1.63230562210083
5262,1998,OMN,2222492.0,46306004470.0,0.0,69.23554992675781,5.289999961853027,1.4951742887496948
5263,1999,OMN,2252910.0,50522589652.0,0.0,78.67438507080078,5.289999961853027,1.5572118759155271
5264,2000,OMN,2282139.0,58124187550.0,0.0,110.95964813232422,5.289999961853027,1.90900993347168
5265,2001,OMN,2310223.0,64949142360.0,0.0,123.19215393066406,5.659999847412109,1.8967479467391968
5266,2002,OMN,2337144.0,68131998222.0,0.0,131.16111755371094,6.0,1.9251030683517456
5267,2003,OMN,2363801.0,69978417960.0,0.0,136.1285858154297,6.230000019073486,1.94529390335083
5268,2004,OMN,2404822.0,74745449481.0,0.0,141.451416015625,6.679999828338623,1.892441987991333
5269,2005,OMN,2459808.0,80936605625.0,0.0,156.1228790283203,7.329999923706055,1.928952693939209
5270,2006,OMN,2514794.0,90553430362.0,0.0,170.58694458007812,7.690000057220459,1.8838266134262085
5271,2007,OMN,2570175.0,100681198254.0,0.0,172.05459594726562,8.020000457763672,1.7089049816131592
5272,2008,OMN,2626536.0,115217924982.0,0.0,201.0054473876953,9.09000015258789,1.744567632675171
5273,2009,OMN,2684665.0,127016653137.0,0.0,199.4219970703125,10.449999809265137,1.570046067237854
5274,2010,OMN,2757450.0,135198273857.0,0.0,237.08282470703125,11.229999542236328,1.753593683242798
5275,2011,OMN,3076762.0,132756531310.0,0.0,259.8641357421875,12.399999618530272,1.957448959350586
5276,2012,OMN,3547104.0,144522749866.0,0.0,283.45050048828125,14.18000030517578,1.961286187171936
5277,2013,OMN,3833915.0,152076951430.0,0.0,317.6165771484375,14.880000114440918,2.0885469913482666
5278,2014,OMN,4002444.0,154041791696.0,0.0,315.9652099609375,16.520000457763672,2.051186800003052
5279,2015,OMN,4184898.0,161770059399.0,0.0,337.4144897460937,18.57999992370605,2.085827589035034
5280,2016,OMN,4390880.0,169932976616.0,0.0,338.63311767578125,19.420000076293945,1.99281108379364
5281,2017,OMN,4537397.0,170449577065.0,0.0199999995529651,351.8743896484375,20.489999771118164,2.0646328926086426
5282,2018,OMN,4597878.0,172643265345.0,0.050000000745058,375.9656677246094,21.38999938964844,2.177943468093872
5283,2019,OMN,4591248.0,170692383655.0,0.0599999986588954,373.3424682617188,22.030000686645508,2.1876139640808105
5284,2020,OMN,4522502.0,165230251016.0,0.1000000014901161,361.1332092285156,21.59000015258789,2.188178777694702
5285,2021,OMN,4500429.0,170025212745.0,0.699999988079071,396.2429504394531,22.93000030517578,2.342847347259521
5286,2022,OMN,4730229.0,177355008173.0,1.899999976158142,419.4469299316406,23.1200008392334,2.393847942352295
5287,2023,OMN,5049267.0,177355008173.0,2.200000047683716,430.0709838867188,24.40999984741211,2.393847942352295
5288,2024,OMN,5281542.0,177355008173.0,2.400000095367432,441.5898742675781,26.649999618530277,2.393847942352295
5289,2025,OMN,5494696.0,177355008173.0,2.400000095367432,441.5898742675781,28.770000457763672,2.393847942352295
5290,1990,PAK,116155584.0,290069526062.0,17.085399627685547,253.7852935791016,33.2400016784668,1.053188681602478
5291,1991,PAK,120060409.0,311483364597.0,18.283058166503903,268.4465637207031,33.2400016784668,1.039223074913025
5292,1992,PAK,123546855.0,327814343506.0,19.944751739501957,279.4846496582031,33.2400016784668,1.037259578704834
5293,1993,PAK,127020117.0,338978430026.0,21.933483123779297,310.3028259277344,33.2400016784668,1.1101402044296265
5294,1994,PAK,130748076.0,356454516834.0,21.52689743041992,324.0592956542969,33.2400016784668,1.0923746824264526
5295,1995,PAK,134582255.0,376967615526.0,22.74665260314941,341.93817138671875,33.2400016784668,1.089429259300232
5296,1996,PAK,138557089.0,391435181933.0,24.797252655029297,363.1733093261719,33.2400016784668,1.1174941062927246
5297,1997,PAK,142531801.0,402359547116.0,18.44657516479492,367.0591125488281,33.2400016784668,1.051011562347412
5298,1998,PAK,146522354.0,419024845538.0,24.10782623291016,381.44622802734375,33.2400016784668,1.083107352256775
5299,1999,PAK,150565381.0,440333180316.0,21.50480079650879,409.9068908691406,33.2400016784668,1.0758264064788818
5300,2000,PAK,154879124.0,459798536606.0,17.190000534057617,426.19287109375,33.2400016784668,1.0521005392074585
5301,2001,PAK,159270910.0,477964444881.0,18.940000534057617,432.7480163574219,34.880001068115234,1.0359560251235962
5302,2002,PAK,163222552.0,504824722487.0,22.350000381469727,446.1362915039063,35.279998779296875,1.018391728401184
5303,2003,PAK,167110250.0,543920300431.0,28.13999938964844,474.27099609375,36.310001373291016,1.0189563035964966
5304,2004,PAK,171285999.0,592025705114.0,26.8700008392334,533.245361328125,39.70000076293945,1.045401930809021
5305,2005,PAK,175453212.0,641139042718.0,31.86000061035156,546.4595336914062,41.77000045776367,1.0003113746643066
5306,2006,PAK,179682690.0,685965623310.0,33.0099983215332,586.6346435546875,44.09000015258789,0.9907594323158264
5307,2007,PAK,184493231.0,719253757580.0,29.959999084472656,621.1898193359375,43.90999984741211,0.9969434142112732
5308,2008,PAK,189499112.0,746912719652.0,29.059999465942383,637.1380004882812,42.70000076293945,0.9621974229812622
5309,2009,PAK,194376535.0,774880575078.0,29.100000381469727,658.2393188476562,44.040000915527344,0.9619055390357972
5310,2010,PAK,199239048.0,805491514683.0,32.81999969482422,659.92236328125,40.619998931884766,0.9304503202438354
5311,2011,PAK,203746069.0,845096928750.0,29.68000030517578,658.4215698242188,42.040000915527344,0.8914105296134949
5312,2012,PAK,207667129.0,878485024934.0,31.11000061035156,664.9512329101562,42.34999847412109,0.7988690733909607
5313,2013,PAK,211073979.0,918328534363.0,33.7599983215332,677.611083984375,45.75,0.8443375825881958
5314,2014,PAK,214264649.0,961516822345.0,35.43000030517578,684.962890625,46.70000076293945,0.817778468132019
5315,2015,PAK,217290884.0,1010825281718.0,37.95000076293945,727.0183715820312,48.70000076293945,0.8204308748245239
5316,2016,PAK,220138863.0,1061146810870.0,35.849998474121094,788.9259033203125,56.15999984741211,0.8485510945320129
5317,2017,PAK,223273974.0,1117267177186.0,32.63999938964844,841.004638671875,63.369998931884766,0.852072536945343
5318,2018,PAK,226928893.0,1165406508457.0,33.130001068115234,853.310791015625,62.459999084472656,0.8301653861999512
5319,2019,PAK,230800908.0,1172330212219.0,40.77999877929688,843.0367431640625,63.29999923706055,0.8305130004882812
5320,2020,PAK,235001745.0,1202026422230.0,42.29999923706055,819.5200805664062,69.79000091552734,0.7983766198158264
5321,2021,PAK,239477805.0,1278204948031.0,45.77000045776367,915.0253295898438,74.55000305175781,0.8339909315109253
5322,2022,PAK,243700667.0,1318834969356.0,50.54999923706055,814.536376953125,75.95999908447266,0.7423986196517944
5323,2023,PAK,247504505.0,1318834969356.0,57.06999969482422,731.5220947265625,69.01000213623047,0.7423986196517944
5324,2024,PAK,251269160.0,1318834969356.0,65.08000183105469,714.9666748046875,65.37999725341797,0.7423986196517944
5325,2025,PAK,255219560.0,1318834969356.0,83.37000274658203,714.9666748046875,67.58999633789062,0.7423986196517944
5326,1997,PSE,2859581.0,15853595460.0,0.0,0.0,0.0199999995529651,0.1716810017824173
5327,1998,PSE,2962895.0,17641238398.0,0.0,0.0,0.0199999995529651,0.2445126622915268
5328,1999,PSE,3056256.0,18589120867.0,0.0,0.0,0.0199999995529651,0.2362070381641388
5329,2000,PSE,3151800.0,16535485180.0,0.0,0.0,0.0199999995529651,0.3486030697822571
5330,2001,PSE,3242286.0,14595986667.0,0.0,0.0,0.0299999993294477,0.5358393788337708
5331,2002,PSE,3322369.0,12429343876.0,0.0,0.0,0.1000000014901161,0.5826452970504761
5332,2003,PSE,3398071.0,13784762233.0,0.0,0.0,0.2199999988079071,0.5635458827018738
5333,2004,PSE,3475178.0,14801525695.0,0.0,0.0,0.2599999904632568,0.7982357144355774
5334,2005,PSE,3557406.0,15962719146.0,0.0,0.0,0.3300000131130218,0.907103419303894
5335,2006,PSE,3645096.0,14923434404.0,0.0,0.0,0.2300000041723251,0.8567178249359131
5336,2007,PSE,3736694.0,15482101098.0,0.0,0.0,0.2800000011920929,0.8505049347877502
5337,2008,PSE,3829039.0,15978427884.0,0.0,0.0,0.2800000011920929,0.7904126048088074
5338,2009,PSE,3921245.0,16895251586.0,0.0,0.0,0.3300000131130218,0.7667099237442017
5339,2010,PSE,4016918.0,17771111593.0,0.0,0.0,0.3100000023841858,0.7285664081573486
5340,2011,PSE,4115912.0,19437411000.0,0.0,0.0,0.3799999952316284,0.7406584024429321
5341,2012,PSE,4215318.0,20660752000.0,0.0,0.0,0.3000000119209289,0.6971112489700317
5342,2013,PSE,4315263.0,21115612000.0,0.0,0.0,0.3499999940395355,0.724391520023346
5343,2014,PSE,4415887.0,21084591000.0,0.0,0.0,0.2199999988079071,0.7825227379798889
5344,2015,PSE,4521564.0,21808077000.0,0.0099999997764825,0.0,0.3400000035762787,0.8394630551338196
5345,2016,PSE,4632743.0,23665914839.0,0.0399999991059303,0.0,0.3199999928474426,0.8098635673522949
5346,2017,PSE,4742747.0,23886477912.0,0.050000000745058,0.0,0.3300000131130218,0.8053030371665955
5347,2018,PSE,4850593.0,24082206405.0,0.0599999986588954,0.0,0.2399999946355819,0.7665597200393677
5348,2019,PSE,4957773.0,24410373377.0,0.1199999973177909,0.0,0.4600000083446502,0.8427475094795227
5349,2020,PSE,5069692.0,21647493143.0,0.1800000071525573,0.0,0.4399999976158142,0.9764997363090516
5350,2021,PSE,5185341.0,23165411997.0,0.2199999988079071,0.0,0.4600000083446502,0.977398693561554
5351,2022,PSE,5305274.0,24076501614.0,0.3400000035762787,0.0,0.4699999988079071,0.9650252461433412
5352,2023,PSE,5409201.0,24076501614.0,0.3400000035762787,0.0,0.3600000143051147,0.9650252461433412
5353,2024,PSE,5495447.0,24076501614.0,0.3899999856948852,0.0,0.4099999964237213,0.9650252461433412
5354,1990,PAN,2455588.0,17035767000.0,3.440000057220459,0.0,1.0299999713897705,2.8341853618621826
5355,1991,PAN,2508273.0,18696766794.0,3.440000057220459,0.0,1.0299999713897705,2.568427085876465
5356,1992,PAN,2561342.0,20281943424.0,3.440000057220459,0.0,1.0299999713897705,2.4301698207855225
5357,1993,PAN,2615099.0,21447805218.0,3.440000057220459,0.0,1.0299999713897705,2.271282196044922
5358,1994,PAN,2669545.0,22126487628.0,3.440000057220459,0.0,1.0299999713897705,2.467204332351685
5359,1995,PAN,2724555.0,22570156089.0,3.440000057220459,0.0,1.0299999713897705,2.555542230606079
5360,1996,PAN,2780228.0,23274084902.0,3.440000057220459,0.0,1.0299999713897705,2.157966136932373
5361,1997,PAN,2836702.0,24846156289.0,3.440000057220459,0.0,1.0299999713897705,2.0972368717193604
5362,1998,PAN,2893918.0,26740256885.0,3.440000057220459,0.0,1.0299999713897705,2.1208934783935547
5363,1999,PAN,2951820.0,27866809468.0,3.440000057220459,0.0,1.0299999713897705,1.301782488822937
5364,2000,PAN,3010376.0,28706485449.0,3.440000057220459,0.0,1.0299999713897705,2.100707769393921
5365,2001,PAN,3069545.0,28943056968.0,2.5199999809265137,0.0,1.7699999809265137,2.182556629180908
5366,2002,PAN,3129343.0,29668000666.0,3.4200000762939453,0.0,1.309999942779541,2.046189785003662
5367,2003,PAN,3189813.0,31009621095.0,2.8399999141693115,0.0,1.870000004768372,2.013667106628418
5368,2004,PAN,3251158.0,33428600750.0,3.799999952316284,0.0,1.3799999952316284,1.853909611701965
5369,2005,PAN,3313024.0,35933065263.0,3.740000009536743,0.0,1.4600000381469729,1.7268927097320557
5370,2006,PAN,3375024.0,39099565107.0,3.5999999046325684,0.0,1.659999966621399,1.7450711727142334
5371,2007,PAN,3437490.0,43958183203.0,3.7300000190734863,0.0,1.8899999856948853,1.4543310403823853
5372,2008,PAN,3500646.0,47885663330.0,3.990000009536743,0.0,1.7000000476837158,1.5802273750305176
5373,2009,PAN,3564383.0,48772972500.0,3.920000076293945,0.0,2.059999942779541,1.5034185647964478
5374,2010,PAN,3628537.0,51741885375.0,4.210000038146973,0.0,2.190000057220459,1.615860939025879
5375,2011,PAN,3693509.0,57996520000.0,4.119999885559082,0.0,2.630000114440918,1.4591225385665894
5376,2012,PAN,3759261.0,63359010000.0,5.420000076293945,0.0,2.380000114440918,1.4635717868804932
5377,2013,PAN,3825333.0,67546261000.0,5.179999828338623,0.0,2.75,1.3543428182601929
5378,2014,PAN,3892100.0,71636840000.0,5.190000057220459,0.0,2.9800000190734863,1.3094695806503296
5379,2015,PAN,3960034.0,75784011000.0,6.730000019073486,0.0,2.6600000858306885,1.3321480751037598
5380,2016,PAN,4029085.0,79454188125.0,7.25,0.0,2.690000057220459,1.341744899749756
5381,2017,PAN,4098704.0,83812229677.0,7.929999828338623,0.0,2.2699999809265137,1.365508794784546
5382,2018,PAN,4167860.0,86820962356.0,8.710000038146973,0.0,1.899999976158142,1.2858599424362185
5383,2019,PAN,4234698.0,89670319909.0,6.139999866485596,0.0,3.7899999618530273,1.3949086666107178
5384,2020,PAN,4293258.0,73827064971.0,8.279999732971191,0.0,1.9800000190734863,1.153154373168945
5385,2021,PAN,4345410.0,85518149482.0,9.489999771118164,0.0,1.9600000381469729,1.0840739011764526
5386,2022,PAN,4400775.0,94762119668.0,9.460000038146973,0.0,2.069999933242798,1.0813639163970947
5387,2023,PAN,4458758.0,94762119668.0,7.949999809265137,0.0,3.490000009536743,1.0813639163970947
5388,2024,PAN,4515576.0,94762119668.0,9.130000114440918,0.0,2.970000028610229,1.0813639163970947
5389,1990,PNG,3896482.0,0.0,0.9200000166893004,0.0,0.8600000143051147,0.0
5390,1991,PNG,4021840.0,0.0,0.9200000166893004,0.0,0.8600000143051147,0.0
5391,1992,PNG,4166702.0,0.0,0.9200000166893004,0.0,0.8600000143051147,0.0
5392,1993,PNG,4320880.0,0.0,0.9200000166893004,0.0,0.8600000143051147,0.0
5393,1994,PNG,4480210.0,0.0,0.9200000166893004,0.0,0.8600000143051147,0.0
5394,1995,PNG,4644282.0,0.0,0.9200000166893004,0.0,0.8600000143051147,0.0
5395,1996,PNG,4813363.0,0.0,0.9200000166893004,0.0,0.8600000143051147,0.0
5396,1997,PNG,4987887.0,0.0,0.9200000166893004,0.0,0.8600000143051147,0.0
5397,1998,PNG,5166390.0,0.0,0.9200000166893004,0.0,0.8600000143051147,0.0
5398,1999,PNG,5349333.0,0.0,0.9200000166893004,0.0,0.8600000143051147,0.0
5399,2000,PNG,5537068.0,0.0,0.9200000166893004,0.0,0.8600000143051147,0.0
5400,2001,PNG,5728444.0,0.0,0.9200000166893004,0.0,1.2000000476837158,0.0
5401,2002,PNG,5924010.0,0.0,0.9200000166893004,0.0,1.3200000524520874,0.0
5402,2003,PNG,6124005.0,0.0,0.9700000286102296,0.0,1.5299999713897705,0.0
5403,2004,PNG,6328042.0,0.0,0.9399999976158142,0.0,1.7300000190734863,0.0
5404,2005,PNG,6535905.0,0.0,1.1799999475479126,0.0,1.659999966621399,0.0
5405,2006,PNG,6747724.0,0.0,1.149999976158142,0.0,1.5399999618530271,0.0
5406,2007,PNG,6963353.0,0.0,1.25,0.0,1.440000057220459,0.0
5407,2008,PNG,7183002.0,0.0,1.25,0.0,1.4900000095367432,0.0
5408,2009,PNG,7406442.0,0.0,1.25,0.0,1.4600000381469729,0.0
5409,2010,PNG,7633524.0,0.0,1.25,0.0,1.5499999523162842,0.0
5410,2011,PNG,7859349.0,0.0,1.3600000143051147,0.0,1.559999942779541,0.0
5411,2012,PNG,8081396.0,0.0,1.3700000047683716,0.0,1.6100000143051147,0.0
5412,2013,PNG,8302700.0,0.0,1.409999966621399,0.0,1.7799999713897705,0.0
5413,2014,PNG,8523440.0,0.0,1.4299999475479126,0.0,1.940000057220459,0.0
5414,2015,PNG,8743247.0,0.0,1.4199999570846558,0.0,2.109999895095825,0.0
5415,2016,PNG,8961717.0,0.0,1.4199999570846558,0.0,2.2799999713897705,0.0
5416,2017,PNG,9178717.0,0.0,1.2100000381469729,0.0,2.140000104904175,0.0
5417,2018,PNG,9394518.0,0.0,1.0,0.0,2.259999990463257,0.0
5418,2019,PNG,9609014.0,0.0,1.1299999952316284,0.0,2.119999885559082,0.0
5419,2020,PNG,9815743.0,0.0,1.1200000047683716,0.0,2.009999990463257,0.0
5420,2021,PNG,10012898.0,0.0,1.1200000047683716,0.0,2.299999952316284,0.0
5421,2022,PNG,10203177.0,0.0,0.9700000286102296,0.0,2.430000066757202,0.0
5422,2023,PNG,10389638.0,0.0,1.1200000047683716,0.0,2.430000066757202,0.0
5423,2024,PNG,10576509.0,0.0,1.1200000047683716,0.0,2.430000066757202,0.0
5424,1990,PRY,4035752.0,22196120000.0,53.4900016784668,0.0,1.2699999809265137,0.5398260951042175
5425,1991,PRY,4144370.0,22815091205.0,53.4900016784668,0.0,1.2699999809265137,0.4959841966629028
5426,1992,PRY,4253608.0,23297733832.0,53.4900016784668,0.0,1.2699999809265137,0.5378426909446716
5427,1993,PRY,4362706.0,24342699255.0,53.4900016784668,0.0,1.2699999809265137,0.5562419295310974
5428,1994,PRY,4471423.0,25180861240.0,53.4900016784668,0.0,1.2699999809265137,0.609225869178772
5429,1995,PRY,4579803.0,26637512671.0,53.4900016784668,0.0,1.2699999809265137,0.656947135925293
5430,1996,PRY,4687540.0,26835505969.0,53.4900016784668,0.0,1.2699999809265137,0.576730489730835
5431,1997,PRY,4794415.0,27717303684.0,53.4900016784668,0.0,1.2699999809265137,0.6129324436187744
5432,1998,PRY,4900028.0,27958225603.0,53.4900016784668,0.0,1.2699999809265137,0.6924993395805359
5433,1999,PRY,5003139.0,27635393000.0,53.4900016784668,0.0,1.2699999809265137,0.8080189228057861
5434,2000,PRY,5100875.0,26799187738.0,53.4900016784668,0.0,1.2699999809265137,0.7412160634994507
5435,2001,PRY,5187690.0,27438613750.0,45.31999969482422,0.0,1.0800000429153442,0.7413446307182312
5436,2002,PRY,5261334.0,31664872141.0,48.209999084472656,0.0,1.149999976158142,0.6774663329124451
5437,2003,PRY,5326437.0,33135448282.0,51.77000045776367,0.0,1.2300000190734863,0.6693215370178223
5438,2004,PRY,5388181.0,34591080511.0,51.93000030517578,0.0,1.2300000190734863,0.6536381244659424
5439,2005,PRY,5448100.0,35443580706.0,51.16999816894531,0.0,1.2200000286102295,0.6168211102485657
5440,2006,PRY,5505145.0,37261533412.0,53.77000045776367,0.0,1.2799999713897705,0.6365171074867249
5441,2007,PRY,5559385.0,39406021841.0,53.709999084472656,0.0,1.2799999713897705,0.632226288318634
5442,2008,PRY,5613577.0,42050621581.0,55.459999084472656,0.0,1.3200000524520874,0.6203100085258484
5443,2009,PRY,5671243.0,40509009629.0,54.93999862670898,0.0,1.309999942779541,0.6752705574035645
5444,2010,PRY,5737973.0,45961696292.0,54.060001373291016,0.0,1.2799999713897705,0.6639895439147949
5445,2011,PRY,5814632.0,48113309093.0,57.619998931884766,0.0,1.3700000047683716,0.6569692492485046
5446,2012,PRY,5897011.0,47772664940.0,60.22999954223633,0.0,1.4299999475479126,0.7106976509094238
5447,2013,PRY,5982447.0,51734453611.0,60.5099983215332,0.0,1.4600000381469729,0.6660359501838684
5448,2014,PRY,6069819.0,54476893712.0,55.41999816894531,0.0,1.350000023841858,0.6684462428092957
5449,2015,PRY,6159106.0,56087783311.0,55.88999938964844,0.0,1.350000023841858,0.7509813904762268
5450,2016,PRY,6249129.0,58481604773.0,63.93999862670898,0.0,1.559999942779541,0.8184131383895874
5451,2017,PRY,6338658.0,61294571103.0,59.81999969482422,0.0,1.4500000476837158,0.8008604049682617
5452,2018,PRY,6427382.0,63258456042.0,59.34000015258789,0.0,1.440000057220459,0.8193292021751404
5453,2019,PRY,6515059.0,63004153609.0,49.59000015258789,0.0,1.2000000476837158,0.8167089223861694
5454,2020,PRY,6603741.0,62487519891.0,46.630001068115234,0.0,1.159999966621399,0.7990173101425171
5455,2021,PRY,6684184.0,64997640183.0,40.84000015258789,0.0,1.0199999809265137,0.8395740985870361
5456,2022,PRY,6760460.0,65127634644.0,44.11000061035156,0.0,1.090000033378601,0.802675187587738
5457,2023,PRY,6844150.0,65127634644.0,53.040000915527344,0.0,1.2999999523162842,0.802675187587738
5458,2024,PRY,6929152.0,65127634644.0,42.40999984741211,0.0,1.0499999523162842,0.802675187587738
5459,2025,PRY,7013079.0,65127634644.0,45.34999847412109,0.0,1.1200000047683716,0.802675187587738
5460,1990,PER,22014772.0,103572000000.0,10.604999542236328,75.62611389160156,2.809999942779541,1.0332616567611694
5461,1991,PER,22483784.0,108468600578.0,11.625,71.74302673339844,2.809999942779541,0.9786178469657898
5462,1992,PER,22946345.0,110495351335.0,9.82200050354004,74.27999877929688,2.809999942779541,0.9353772401809692
5463,1993,PER,23413783.0,92121419172.0,11.907999992370604,77.71646118164062,2.809999942779541,1.2261418104171753
5464,1994,PER,23881497.0,103509723878.0,12.866000175476074,84.73860168457031,2.809999942779541,1.18647038936615
5465,1995,PER,24348922.0,111333590886.0,13.07960033416748,94.6122817993164,2.809999942779541,1.1974995136260986
5466,1996,PER,24811174.0,114659592873.0,13.460999488830566,97.6013412475586,2.809999942779541,1.1986576318740845
5467,1997,PER,25274149.0,122417899136.0,13.369100570678713,95.19983673095705,2.809999942779541,1.1008875370025637
5468,1998,PER,25738101.0,122316689368.0,13.934800148010254,97.8094253540039,2.809999942779541,1.1367549896240234
5469,1999,PER,26186499.0,124629013218.0,14.68019962310791,99.19129943847656,2.809999942779541,1.14446222782135
5470,2000,PER,26598328.0,128561599053.0,16.329999923706055,99.01986694335938,2.809999942779541,1.146214485168457
5471,2001,PER,26964610.0,130005019162.0,17.770000457763672,93.80348205566406,2.450000047683716,1.1236172914505005
5472,2002,PER,27288211.0,137911092694.0,18.229999542236328,96.15072631835938,3.059999942779541,1.0845892429351809
5473,2003,PER,27580485.0,144583674826.0,18.729999542236328,93.11637115478516,3.3399999141693115,1.0213576555252075
5474,2004,PER,27852190.0,152840586065.0,17.670000076293945,106.28646087646484,4.849999904632568,1.0298054218292236
5475,2005,PER,28101175.0,163489485317.0,18.43000030517578,111.0618896484375,5.099999904632568,1.0014702081680298
5476,2006,PER,28324488.0,176775277493.0,20.049999237060547,107.81560516357422,5.28000020980835,0.9367427229881288
5477,2007,PER,28530704.0,192942634714.0,19.96999931335449,122.73756408691406,6.869999885559082,0.9343944787979126
5478,2008,PER,28719038.0,211009673563.0,19.5,138.52088928222656,8.729999542236328,0.9224416613578796
5479,2009,PER,28896819.0,212830474173.0,19.950000762939453,139.53070068359375,8.729999542236328,0.9323856234550476
5480,2010,PER,29086021.0,230353256282.0,20.709999084472656,165.21426391601562,10.15999984741211,0.9780038595199584
5481,2011,PER,29304083.0,244711917914.0,22.270000457763672,184.5093994140625,11.239999771118164,1.0157089233398438
5482,2012,PER,29550367.0,259737230567.0,22.07999992370605,190.2197723388672,11.890000343322754,0.9884043335914612
5483,2013,PER,29817908.0,274939626306.0,23.46999931335449,194.07635498046875,13.270000457763672,0.9550514221191406
5484,2014,PER,30115825.0,281488723310.0,23.950000762939453,199.36392211914065,14.15999984741211,0.9550259709358216
5485,2015,PER,30457598.0,290642734598.0,25.450000762939453,208.545654296875,14.760000228881836,0.9691261053085328
5486,2016,PER,30866497.0,302131843581.0,26.020000457763672,225.2942352294922,16.56999969482422,0.9894285202026368
5487,2017,PER,31324639.0,309742529723.0,30.88999938964844,216.1486968994141,14.3100004196167,0.980137586593628
5488,2018,PER,31897590.0,322061010919.0,33.38999938964844,224.7063446044922,13.8100004196167,0.9887087345123292
5489,2019,PER,32449302.0,329252610797.0,34.43000030517578,231.0267791748047,14.600000381469728,0.9918984174728394
5490,2020,PER,32838577.0,292988745490.0,33.63999938964844,194.70079040527344,12.699999809265137,0.9825692772865297
5491,2021,PER,33155883.0,332691638600.0,35.09000015258789,229.9803924560547,14.300000190734863,0.9843735098838806
5492,2022,PER,33475436.0,341677633395.0,33.09000015258789,246.008056640625,17.239999771118164,0.9894393086433412
5493,2023,PER,33845616.0,341677633395.0,33.099998474121094,251.6793975830078,17.760000228881836,0.9894393086433412
5494,2024,PER,34217850.0,341677633395.0,35.63999938964844,270.4800720214844,15.34000015258789,0.9894393086433412
5495,2025,PER,34576673.0,341677633395.0,38.470001220703125,270.4800720214844,14.399999618530272,0.9894393086433412
5496,1990,PHL,62854668.0,227937191062.0,11.957759857177734,152.68136596679688,21.209999084472656,0.8225459456443787
5497,1991,PHL,64382249.0,228436344826.0,10.902999877929688,152.78704833984375,21.209999084472656,0.8069607615470886
5498,1992,PHL,65926130.0,230909837938.0,10.139999389648438,168.80026245117188,21.209999084472656,0.8579241037368774
5499,1993,PHL,67530621.0,237664033762.0,10.69700050354004,186.26461791992188,21.209999084472656,0.913972795009613
5500,1994,PHL,69019297.0,250065486564.0,12.182000160217283,191.02728271484372,21.209999084472656,0.9049399495124816
5501,1995,PHL,70546245.0,263742284726.0,12.367000579833984,222.6249847412109,21.209999084472656,0.9799759387969972
5502,1996,PHL,72190237.0,281422828353.0,13.564000129699709,237.7123107910156,21.209999084472656,0.9844272136688232
5503,1997,PHL,73908813.0,298360005981.0,13.305999755859377,263.7602844238281,21.209999084472656,1.0130088329315186
5504,1998,PHL,75791031.0,299105469124.0,13.979999542236328,259.7934875488281,21.209999084472656,1.0032153129577637
5505,1999,PHL,77753256.0,310804334612.0,18.43400001525879,251.95323181152344,21.209999084472656,0.9819575548171996
5506,2000,PHL,79625401.0,327247671365.0,19.43000030517578,251.6630096435547,21.209999084472656,0.9403076767921448
5507,2001,PHL,81401488.0,339580401272.0,17.540000915527344,250.5451202392578,23.809999465942383,0.8859524130821228
5508,2002,PHL,83068889.0,354896572700.0,17.270000457763672,253.06922912597656,22.63999938964844,0.8517566919326782
5509,2003,PHL,84731836.0,375676507230.0,17.690000534057617,261.724853515625,24.1200008392334,0.8301920890808105
5510,2004,PHL,86394510.0,404092179609.0,18.8700008392334,266.0681457519531,25.770000457763672,0.7900708913803101
5511,2005,PHL,88015959.0,426864086040.0,18.309999465942383,268.0465087890625,25.3799991607666,0.7481100559234619
5512,2006,PHL,89508992.0,452834616353.0,20.459999084472656,248.277099609375,24.270000457763672,0.6742191910743713
5513,2007,PHL,91075180.0,486739179739.0,18.84000015258789,264.14013671875,26.959999084472656,0.6508602499961853
5514,2008,PHL,92699091.0,511142140299.0,20.6200008392334,269.7996520996094,26.21999931335449,0.640816867351532
5515,2009,PHL,94384256.0,521163648845.0,20.170000076293945,274.4361267089844,27.32999992370605,0.635888934135437
5516,2010,PHL,96337127.0,565514808274.0,17.809999465942383,290.3290100097656,34.18000030517578,0.6030451655387878
5517,2011,PHL,98248614.0,590943092007.0,19.81999969482422,291.71844482421875,34.09000015258789,0.5886132717132568
5518,2012,PHL,100175511.0,631700459807.0,20.739999771118164,300.84344482421875,36.83000183105469,0.5697106719017029
5519,2013,PHL,102076334.0,674346563689.0,19.8700008392334,328.66619873046875,39.869998931884766,0.5720089673995972
5520,2014,PHL,103767127.0,717154029846.0,19.780000686645508,348.9186706542969,41.459999084472656,0.5656736493110657
5521,2015,PHL,105312988.0,762678999551.0,20.940000534057617,384.3368835449219,44.88999938964844,0.5827510952949524
5522,2016,PHL,106735721.0,817202925336.0,21.979999542236328,422.2635192871094,50.86000061035156,0.594004213809967
5523,2017,PHL,108119691.0,873843247356.0,23.170000076293945,465.7997131347656,52.88999938964844,0.6093962788581848
5524,2018,PHL,109465284.0,929253628653.0,23.309999465942383,483.4575500488281,57.09000015258789,0.5923492312431335
5525,2019,PHL,110804685.0,986114678778.0,22.040000915527344,502.4169006347656,62.84000015258789,0.5740929245948792
5526,2020,PHL,112081270.0,892256290776.0,21.600000381469727,452.1368408203125,60.93000030517578,0.5757966041564941
5527,2021,PHL,113100947.0,943141651518.0,23.40999984741211,478.5845947265625,63.40999984741211,0.5784470438957214
5528,2022,PHL,113964343.0,1014811024029.0,24.71999931335449,500.4439392089844,67.20999908447266,0.5626459121704102
5529,2023,PHL,114891199.0,1014811024029.0,25.01000022888184,533.9691162109375,71.91999816894531,0.5626459121704102
5530,2024,PHL,115843663.0,1014811024029.0,25.420000076293945,572.51513671875,77.19999694824219,0.5626459121704102
5531,2025,PHL,116786960.0,1014811024029.0,28.700000762939453,572.51513671875,72.43000030517578,0.5626459121704102
5532,1990,POL,38055448.0,310673160937.0,1.4900000095367432,1205.964111328125,136.67999267578125,3.895829677581787
5533,1991,POL,38152947.0,291288814472.0,1.5,1179.685302734375,136.67999267578125,4.065257549285889
5534,1992,POL,38233636.0,301270050123.0,1.6200000047683716,1127.5860595703125,136.67999267578125,3.7587428092956543
5535,1993,POL,38294882.0,315272045792.0,1.5499999523162842,1127.2528076171875,136.67999267578125,3.5900661945343018
5536,1994,POL,38344312.0,334402893305.0,1.7799999713897705,1077.8927001953125,136.67999267578125,3.2391467094421387
5537,1995,POL,38364668.0,360934041475.0,1.9600000381469729,1102.9259033203125,136.67999267578125,3.071814775466919
5538,1996,POL,38359164.0,386314591617.0,2.059999942779541,1157.8153076171875,136.67999267578125,3.012958526611328
5539,1997,POL,38348307.0,414942244343.0,2.130000114440918,1146.196533203125,136.67999267578125,2.777592897415161
5540,1998,POL,38326431.0,437955026714.0,2.5299999713897705,1096.6575927734375,136.67999267578125,2.5212621688842773
5541,1999,POL,38287717.0,462542429541.0,2.3399999141693115,1075.7215576171875,136.67999267578125,2.3408052921295166
5542,2000,POL,38258077.0,488207682001.0,2.3299999237060547,1010.5768432617188,136.67999267578125,2.084204196929932
5543,2001,POL,38247359.0,499086644170.0,2.7799999713897705,1002.1676025390624,136.47000122070312,2.024611234664917
5544,2002,POL,38229407.0,514089670231.0,2.7699999809265137,991.3860473632812,134.74000549316406,1.9443674087524412
5545,2003,POL,38203527.0,537330337680.0,2.25,1027.220947265625,142.47999572753906,1.9247130155563357
5546,2004,POL,38167568.0,570430122148.0,3.200000047683716,1031.9388427734375,143.5800018310547,1.825321912765503
5547,2005,POL,38124377.0,595958527688.0,3.849999904632568,1049.876220703125,144.77000427246094,1.7818968296051023
5548,2006,POL,38071169.0,638713864539.0,4.289999961853027,1096.4793701171875,149.75999450683594,1.7384294271469116
5549,2007,POL,38020420.0,690249985288.0,5.429999828338623,1087.2691650390625,146.6999969482422,1.6003535985946655
5550,2008,POL,37995902.0,726319216200.0,6.610000133514404,1099.4700927734375,141.91000366210938,1.548117995262146
5551,2009,POL,38002153.0,760579624624.0,8.6899995803833,1052.5645751953125,136.5,1.4267947673797607
5552,2010,POL,38095356.0,795619859853.0,10.880000114440918,1116.9744873046875,140.0,1.4545267820358276
5553,2011,POL,38208644.0,843236863910.0,13.130000114440918,1115.248779296875,143.60000610351562,1.378812551498413
5554,2012,POL,38247867.0,856266755052.0,16.8799991607666,1068.3616943359375,139.0,1.3172610998153689
5555,2013,POL,38259267.0,863601156195.0,17.059999465942383,1072.27294921875,141.3800048828125,1.3100006580352783
5556,2014,POL,38265113.0,896737189458.0,19.850000381469727,1022.681640625,133.66000366210938,1.2147979736328125
5557,2015,POL,38266314.0,936043804062.0,22.690000534057617,1030.0284423828125,135.72999572753906,1.178377628326416
5558,2016,POL,38263260.0,963689941627.0,22.809999465942383,1079.832763671875,135.8800048828125,1.1935842037200928
5559,2017,POL,38254964.0,1013223736654.0,24.1299991607666,1133.629638671875,136.8699951171875,1.1925194263458252
5560,2018,POL,38241070.0,1073462064151.0,21.6200008392334,1150.724609375,137.07000732421875,1.1384496688842771
5561,2019,POL,38225884.0,1121231497071.0,25.459999084472656,1104.45068359375,125.9499969482422,1.0588961839675903
5562,2020,POL,38171005.0,1098581305284.0,28.229999542236328,1048.529052734375,116.0199966430664,1.0370049476623535
5563,2021,POL,38040303.0,1173809548862.0,30.559999465942383,1127.996826171875,135.22999572753906,1.0434045791625977
5564,2022,POL,38385734.0,1231021338216.0,37.68999862670898,1071.10546875,130.82000732421875,0.9641329050064088
5565,2023,POL,38762847.0,1231021338216.0,45.86000061035156,993.9857788085938,107.6999969482422,0.9641329050064088
5566,2024,POL,38539209.0,1231021338216.0,53.61000061035156,972.7052001953124,104.68000030517578,0.9641329050064088
5567,2025,POL,38140913.0,1231021338216.0,54.59000015258789,972.7052001953124,101.9800033569336,0.9641329050064088
5568,1990,PRT,9989526.0,171225929203.0,9.829999923706056,173.3617401123047,23.600000381469727,1.183538556098938
5569,1991,PRT,9969181.0,177606537211.0,9.84000015258789,181.1510772705078,23.600000381469727,1.185133457183838
5570,1992,PRT,9960345.0,183951331948.0,5.489999771118164,198.0706024169922,23.600000381469727,1.1668838262557983
5571,1993,PRT,9972341.0,183378088561.0,9.43000030517578,191.9514617919922,23.600000381469727,1.2003450393676758
5572,1994,PRT,9998487.0,186788072120.0,11.630000114440918,195.28323364257807,23.600000381469727,1.2309365272521973
5573,1995,PRT,10031756.0,191728089193.0,9.380000114440918,216.82090759277344,23.600000381469727,1.2768679857254028
5574,1996,PRT,10067655.0,199215852007.0,15.779999732971191,205.447265625,23.600000381469727,1.266770601272583
5575,1997,PRT,10110548.0,208848444082.0,14.229999542236328,214.05685424804688,23.600000381469727,1.2275663614273071
5576,1998,PRT,10159524.0,219709918106.0,14.149999618530272,237.41053771972656,23.600000381469727,1.27209734916687
5577,1999,PRT,10214877.0,229149917332.0,8.619999885559082,259.2402038574219,23.600000381469727,1.244057536125183
5578,2000,PRT,10283196.0,238756377443.0,12.869999885559082,255.68153381347656,23.600000381469727,1.231500267982483
5579,2001,PRT,10354329.0,244348167969.0,15.739999771118164,252.2022399902344,23.350000381469727,1.2227530479431152
5580,2002,PRT,10413045.0,247190712485.0,9.729999542236328,268.0917053222656,26.989999771118164,1.2010623216629028
5581,2003,PRT,10454246.0,245847246169.0,17.700000762939453,253.43167114257807,22.51000022888184,1.2413265705108645
5582,2004,PRT,10481386.0,251279602163.0,12.3100004196167,262.781982421875,24.18000030517578,1.1889203786849976
5583,2005,PRT,10502993.0,254196923131.0,8.25,274.1631774902344,27.38999938964844,1.1733546257019043
5584,2006,PRT,10524123.0,259159946424.0,15.720000267028809,249.9683990478516,24.38999938964844,1.141667127609253
5585,2007,PRT,10546822.0,266663287450.0,16.209999084472656,249.5333251953125,22.059999465942383,1.1156055927276611
5586,2008,PRT,10564086.0,268239264717.0,14.640000343322754,242.07171630859372,21.3799991607666,1.0643662214279177
5587,2009,PRT,10576265.0,261270596745.0,18.290000915527344,233.71632385253903,22.36000061035156,1.1032001972198486
5588,2010,PRT,10578659.0,267277408809.0,28.350000381469727,220.53128051757807,16.959999084472656,1.1377865076065063
5589,2011,PRT,10557050.0,263425010810.0,24.11000061035156,218.494140625,19.420000076293945,1.100239872932434
5590,2012,PRT,10513155.0,252737143203.0,19.3700008392334,206.80357360839844,20.049999237060547,1.046410322189331
5591,2013,PRT,10458287.0,250405237435.0,29.46999931335449,204.7349090576172,17.139999389648438,1.1567705869674685
5592,2014,PRT,10406203.0,252388910611.0,31.56999969482422,201.59901428222656,16.8700008392334,1.1560477018356323
5593,2015,PRT,10370264.0,256911888409.0,24.36000061035156,218.28048706054688,21.170000076293945,1.1269320249557495
5594,2016,PRT,10346377.0,262100101273.0,32.29999923706055,218.77133178710935,20.290000915527344,1.1822456121444702
5595,2017,PRT,10330838.0,271290329012.0,22.57999992370605,237.14984130859372,24.979999542236328,1.1127485036849976
5596,2018,PRT,10325355.0,279020275961.0,29.40999984741211,221.3232269287109,20.93000030517578,1.0898483991622925
5597,2019,PRT,10343218.0,286505655767.0,27.40999984741211,215.7871551513672,15.529999732971191,1.0228650569915771
5598,2020,PRT,10370519.0,262724232089.0,30.11000061035156,181.0587615966797,12.760000228881836,1.0096049308776855
5599,2021,PRT,10390957.0,277181288542.0,31.540000915527344,177.73089599609375,10.359999656677246,0.96142840385437
5600,2022,PRT,10417074.0,295712910456.0,27.61000061035156,184.47581481933597,10.4399995803833,0.8879547715187073
5601,2023,PRT,10430735.0,295712910456.0,34.36000061035156,170.53382873535156,7.309999942779541,0.8879547715187073
5602,2024,PRT,10425291.0,295712910456.0,40.27000045776367,159.50527954101562,5.230000019073486,0.8879547715187073
5603,2025,PRT,10411831.0,295712910456.0,41.38999938964844,159.50527954101562,6.539999961853027,0.8879547715187073
5604,1990,PRI,3541046.0,59418063000.0,0.1500000059604644,0.0,14.359999656677246,1.119486927986145
5605,1991,PRI,3573669.0,61737224046.0,0.1500000059604644,0.0,14.359999656677246,1.0737322568893433
5606,1992,PRI,3606393.0,65572275732.0,0.1500000059604644,0.0,14.359999656677246,1.015880823135376
5607,1993,PRI,3637207.0,69692236435.0,0.1500000059604644,0.0,14.359999656677246,0.9557766914367676
5608,1994,PRI,3666079.0,73757657490.0,0.1500000059604644,0.0,14.359999656677246,0.90630042552948
5609,1995,PRI,3693594.0,78327749318.0,0.1500000059604644,0.0,14.359999656677246,0.8529056906700134
5610,1996,PRI,3719955.0,81413665478.0,0.1500000059604644,0.0,14.359999656677246,0.8208009600639343
5611,1997,PRI,3745583.0,86716473785.0,0.1500000059604644,0.0,14.359999656677246,0.770911693572998
5612,1998,PRI,3770561.0,92960507863.0,0.1500000059604644,0.0,14.359999656677246,0.7196369767189026
5613,1999,PRI,3794479.0,99507935546.0,0.1500000059604644,0.0,14.359999656677246,0.667953372001648
5614,2000,PRI,3809868.0,104392661189.0,0.1500000059604644,0.0,14.359999656677246,1.2365121841430664
5615,2001,PRI,3813009.0,112725609474.0,0.1299999952316284,0.0,14.630000114440918,1.246930480003357
5616,2002,PRI,3810715.0,115553684281.0,0.1099999994039535,0.0,15.380000114440918,1.249260187149048
5617,2003,PRI,3806043.0,117412676578.0,0.1000000014901161,0.0,16.3799991607666,1.280021071434021
5618,2004,PRI,3798659.0,122888176607.0,0.1400000005960464,0.0,16.549999237060547,1.2626967430114746
5619,2005,PRI,3788412.0,122355753761.0,0.1400000005960464,0.0,17.079999923706055,1.2283697128295898
5620,2006,PRI,3776220.0,122502584394.0,0.1400000005960464,0.0,17.209999084472656,1.1139687299728394
5621,2007,PRI,3763089.0,122989548931.0,0.1599999964237213,0.0,17.010000228881836,1.070420742034912
5622,2008,PRI,3749130.0,122623981902.0,0.1599999964237213,0.0,16.049999237060547,1.005009651184082
5623,2009,PRI,3735014.0,122136555251.0,0.1700000017881393,0.0,15.859999656677246,0.944134533405304
5624,2010,PRI,3714834.0,123553432914.0,0.1599999964237213,0.0,15.949999809265137,0.7911461591720581
5625,2011,PRI,3683711.0,125016099000.0,0.1500000059604644,0.0,15.390000343322754,0.8470244407653809
5626,2012,PRI,3646423.0,125060220000.0,0.1199999973177909,0.0,15.329999923706056,0.8925355672836304
5627,2013,PRI,3606773.0,124667504000.0,0.2899999916553497,0.0,14.710000038146973,0.7855849266052246
5628,2014,PRI,3565367.0,122937258000.0,0.3499999940395355,0.0,14.460000038146973,0.758155107498169
5629,2015,PRI,3521811.0,122888632000.0,0.3799999952316284,0.0,14.229999542236328,0.7582173943519592
5630,2016,PRI,3476008.0,121412919445.0,0.3899999856948852,0.0,14.100000381469728,0.7179059982299805
5631,2017,PRI,3371878.0,118146530216.0,0.3700000047683716,0.0,11.039999961853027,0.7163092494010925
5632,2018,PRI,3290068.0,112643622488.0,0.4699999988079071,0.0,11.880000114440918,0.7591497898101807
5633,2019,PRI,3288027.0,114530476443.0,0.7300000190734863,0.0,12.899999618530272,0.7012376189231873
5634,2020,PRI,3275800.0,109716979210.0,0.7599999904632568,0.0,12.75,0.6361995935440063
5635,2021,PRI,3253210.0,110191669589.0,0.8999999761581421,0.0,12.880000114440918,0.7112513780593872
5636,2022,PRI,3240972.0,113895186748.0,1.0700000524520874,0.0,13.140000343322754,0.6417462229728699
5637,2023,PRI,3242022.0,113895186748.0,1.0700000524520874,0.0,13.140000343322754,0.6417462229728699
5638,2024,PRI,3242212.0,113895186748.0,1.2000000476837158,0.0,13.119999885559082,0.6417462229728699
5639,2025,PRI,3235290.0,113895186748.0,1.2899999618530271,0.0,13.270000457763672,0.6417462229728699
5640,1990,QAT,440184.0,5221963495.0,0.0,78.83766174316406,5.510000228881836,15.09732151031494
5641,1991,QAT,454860.0,5733970758.0,0.0,90.81282043457033,5.510000228881836,15.837684631347656
5642,1992,QAT,469657.0,7176897674.0,0.0,144.29258728027344,5.510000228881836,20.105148315429688
5643,1993,QAT,484553.0,7997299870.0,0.0,154.3590545654297,5.510000228881836,19.30139541625977
5644,1994,QAT,499469.0,9138716419.0,0.0,156.66763305664062,5.510000228881836,17.143285751342773
5645,1995,QAT,514334.0,10472257097.0,0.0,156.14796447753906,5.510000228881836,14.910633087158203
5646,1996,QAT,529024.0,12098817027.0,0.0,115.1591339111328,5.510000228881836,9.518213272094728
5647,1997,QAT,550511.0,17467653871.0,0.0,125.89060974121094,5.510000228881836,7.207070827484131
5648,1998,QAT,580543.0,21692788085.0,0.0,135.55580139160156,5.510000228881836,6.24888801574707
5649,1999,QAT,612510.0,25157531177.0,0.0,150.89788818359375,5.510000228881836,5.998120307922363
5650,2000,QAT,644993.0,30159719266.0,0.0,134.844482421875,5.510000228881836,4.471012592315674
5651,2001,QAT,677934.0,34920337897.0,0.0,129.6279754638672,6.010000228881836,3.712105035781861
5652,2002,QAT,711215.0,41661485450.0,0.0,161.89944458007812,6.599999904632568,3.8860700130462646
5653,2003,QAT,744690.0,47126236240.0,0.0,163.61984252929688,7.25,3.47194766998291
5654,2004,QAT,773341.0,63193934807.0,0.0,197.5699615478516,7.989999771118164,3.1264069080352783
5655,2005,QAT,825419.0,76893678098.0,0.0,223.67254638671875,8.6899995803833,2.908854722976685
5656,2006,QAT,972841.0,103895902583.0,0.0,245.36477661132807,10.3100004196167,2.361640453338623
5657,2007,QAT,1208601.0,127834802409.0,0.0,279.860107421875,11.75,2.189232587814331
5658,2008,QAT,1426942.0,156781224399.0,0.0,288.5572509765625,13.050000190734863,1.8405089378356931
5659,2009,QAT,1586052.0,186164264424.0,0.0,288.3623046875,14.579999923706056,1.5489670038223269
5660,2010,QAT,1709238.0,238648100494.0,0.0,335.39581298828125,16.989999771118164,1.4053990840911863
5661,2011,QAT,1810960.0,296148824653.0,0.0,393.1209411621094,18.549999237060547,1.3275569677352903
5662,2012,QAT,1907122.0,310156648715.0,0.0099999997764825,448.4156188964844,21.0,1.445879340171814
5663,2013,QAT,2032650.0,327388964338.0,0.0799999982118606,483.4729309082031,20.950000762939453,1.4775307178497314
5664,2014,QAT,2218378.0,344851898869.0,0.1099999994039535,516.8289184570312,23.3799991607666,1.499691605567932
5665,2015,QAT,2427340.0,361242719905.0,0.1299999952316284,595.0160522460938,25.07999992370605,1.6482393741607666
5666,2016,QAT,2599382.0,372311173588.0,0.1299999952316284,586.100830078125,25.56999969482422,1.57533597946167
5667,2017,QAT,2706716.0,366733973367.0,0.1400000005960464,563.6369018554688,27.530000686645508,1.5380926132202148
5668,2018,QAT,2761144.0,371263146890.0,0.1500000059604644,572.9012451171875,28.950000762939453,1.54433012008667
5669,2019,QAT,2797927.0,373817411294.0,0.1299999952316284,584.8115234375,30.13999938964844,1.5654938220977783
5670,2020,QAT,2803375.0,360517012801.0,0.1400000005960464,512.9104614257812,29.770000457763672,1.4239588975906372
5671,2021,QAT,2814988.0,366245595916.0,0.1500000059604644,542.6196899414062,31.200000762939453,1.4828009605407717
5672,2022,QAT,2892466.0,381778107010.0,0.7200000286102295,563.867431640625,32.68000030517578,1.4799269437789917
5673,2023,QAT,2979086.0,381778107010.0,2.009999990463257,614.4010009765625,32.939998626708984,1.4799269437789917
5674,2024,QAT,3048429.0,381778107010.0,2.2799999713897705,648.3432006835938,32.970001220703125,1.4799269437789917
5675,2025,QAT,3115891.0,381778107010.0,2.2799999713897705,648.3432006835938,32.66999816894531,1.4799269437789917
5676,1990,REU,652573.0,0.0,0.8199999928474426,0.0,0.8500000238418579,0.0
5677,1991,REU,664459.0,0.0,0.8199999928474426,0.0,0.8500000238418579,0.0
5678,1992,REU,676431.0,0.0,0.8199999928474426,0.0,0.8500000238418579,0.0
5679,1993,REU,688101.0,0.0,0.8199999928474426,0.0,0.8500000238418579,0.0
5680,1994,REU,699373.0,0.0,0.8199999928474426,0.0,0.8500000238418579,0.0
5681,1995,REU,710463.0,0.0,0.8199999928474426,0.0,0.8500000238418579,0.0
5682,1996,REU,721455.0,0.0,0.8199999928474426,0.0,0.8500000238418579,0.0
5683,1997,REU,732714.0,0.0,0.8199999928474426,0.0,0.8500000238418579,0.0
5684,1998,REU,744075.0,0.0,0.8199999928474426,0.0,0.8500000238418579,0.0
5685,1999,REU,754119.0,0.0,0.8199999928474426,0.0,0.8500000238418579,0.0
5686,2000,REU,763148.0,0.0,0.8199999928474426,0.0,0.8500000238418579,0.0
5687,2001,REU,772242.0,0.0,0.75,0.0,0.959999978542328,0.0
5688,2002,REU,781307.0,0.0,0.8299999833106995,0.0,0.949999988079071,0.0
5689,2003,REU,790570.0,0.0,0.8600000143051147,0.0,1.0399999618530271,0.0
5690,2004,REU,797012.0,0.0,0.8700000047683716,0.0,1.0800000429153442,0.0
5691,2005,REU,800227.0,0.0,0.7699999809265137,0.0,1.2899999618530271,0.0
5692,2006,REU,806686.0,0.0,0.8500000238418579,0.0,1.3200000524520874,0.0
5693,2007,REU,818729.0,0.0,0.9100000262260436,0.0,1.4199999570846558,0.0
5694,2008,REU,830496.0,0.0,0.9100000262260436,0.0,1.4700000286102295,0.0
5695,2009,REU,838473.0,0.0,0.8500000238418579,0.0,1.559999942779541,0.0
5696,2010,REU,844480.0,0.0,0.9200000166893004,0.0,1.5800000429153442,0.0
5697,2011,REU,846790.0,0.0,0.8299999833106995,0.0,1.6799999475479126,0.0
5698,2012,REU,845062.0,0.0,0.9800000190734864,0.0,1.6399999856948853,0.0
5699,2013,REU,847600.0,0.0,1.0700000524520874,0.0,1.559999942779541,0.0
5700,2014,REU,858677.0,0.0,0.949999988079071,0.0,1.649999976158142,0.0
5701,2015,REU,865016.0,0.0,1.0499999523162842,0.0,1.600000023841858,0.0
5702,2016,REU,862861.0,0.0,1.0,0.0,1.649999976158142,0.0
5703,2017,REU,858761.0,0.0,0.959999978542328,0.0,1.7000000476837158,0.0
5704,2018,REU,856946.0,0.0,1.0700000524520874,0.0,1.5800000429153442,0.0
5705,2019,REU,857327.0,0.0,0.949999988079071,0.0,1.7300000190734863,0.0
5706,2020,REU,861452.0,0.0,0.9300000071525574,0.0,2.440000057220459,0.0
5707,2021,REU,868085.0,0.0,0.8700000047683716,0.0,1.7699999809265137,0.0
5708,2022,REU,871543.0,0.0,1.149999976158142,0.0,1.4800000190734863,0.0
5709,2023,REU,874883.0,0.0,1.7400000095367432,0.0,1.2100000381469729,0.0
5710,1990,ROU,22939530.0,127957829968.0,11.40999984741211,701.4671020507812,26.489999771118164,5.745762348175049
5711,1991,ROU,22947416.0,114884267222.0,14.59000015258789,581.3076171875,26.489999771118164,5.43541955947876
5712,1992,ROU,22912389.0,109843021990.0,11.699999809265137,516.0707397460938,26.489999771118164,5.013280391693115
5713,1993,ROU,22842257.0,115101791639.0,12.770000457763672,497.46380615234375,26.489999771118164,4.64998722076416
5714,1994,ROU,22756247.0,123373706511.0,13.050000190734863,466.2739868164063,26.489999771118164,4.092045783996582
5715,1995,ROU,22657722.0,136457737663.0,16.690000534057617,505.4416198730469,26.489999771118164,4.065747261047363
5716,1996,ROU,22541915.0,146513857110.0,15.760000228881836,500.8814086914063,26.489999771118164,3.763477087020874
5717,1997,ROU,22411511.0,145416621981.0,17.520000457763672,456.1936950683594,26.489999771118164,3.59879994392395
5718,1998,ROU,22284901.0,144240925408.0,18.88999938964844,407.9263610839844,26.489999771118164,3.3197596073150635
5719,1999,ROU,22166156.0,148247538550.0,18.290000915527344,352.3382263183594,26.489999771118164,2.8409979343414307
5720,2000,ROU,22046264.0,157839292272.0,14.779999732971191,361.1520385742188,26.489999771118164,2.6630373001098637
5721,2001,ROU,21919916.0,173763436827.0,14.920000076293944,365.9116821289063,28.09000015258789,2.4464588165283203
5722,2002,ROU,21770020.0,190219311781.0,16.049999237060547,379.0202331542969,28.030000686645508,2.3199894428253174
5723,2003,ROU,21593448.0,204513401651.0,13.260000228881836,389.1290283203125,31.46999931335449,2.157533407211304
5724,2004,ROU,21403215.0,228570981481.0,16.510000228881836,396.3079223632813,29.26000022888184,2.009208917617798
5725,2005,ROU,21213395.0,244044803180.0,20.21999931335449,387.3053894042969,29.06999969482422,1.8867400884628296
5726,2006,ROU,21035732.0,274969703969.0,18.36000061035156,399.9861450195313,33.18000030517578,1.7005867958068848
5727,2007,ROU,20870714.0,304650701380.0,16.010000228881836,384.3478088378906,32.61000061035156,1.4803969860076904
5728,2008,ROU,20718745.0,339689310169.0,17.219999313354492,370.541015625,32.27000045776367,1.3241432905197144
5729,2009,ROU,20576922.0,326954238767.0,15.550000190734863,316.7149658203125,27.049999237060547,1.1993191242218018
5730,2010,ROU,20432575.0,335489566640.0,20.299999237060547,307.74609375,25.649999618530277,1.181627869606018
5731,2011,ROU,20282009.0,350086824382.0,16.31999969482422,329.98883056640625,30.31999969482422,1.1663992404937744
5732,2012,ROU,20158451.0,356825919340.0,14.93000030517578,320.120361328125,28.5,1.1023083925247192
5733,2013,ROU,20062913.0,357789262640.0,20.149999618530277,282.82623291015625,22.68000030517578,1.032944679260254
5734,2014,ROU,19968179.0,372532510801.0,27.1200008392334,279.1217346191406,23.18000030517578,1.0176732540130615
5735,2015,ROU,19871018.0,384306463712.0,26.190000534057617,278.398193359375,24.229999542236328,0.991749346256256
5736,2016,ROU,19777049.0,395288226514.0,26.96999931335449,276.7548217773437,22.18000030517578,0.9640689492225648
5737,2017,ROU,19689405.0,456012361225.0,24.290000915527344,290.4562072753906,23.459999084472656,0.8507135510444641
5738,2018,ROU,19597874.0,473122658487.0,26.190000534057617,290.2155456542969,22.299999237060547,0.8286457657814026
5739,2019,ROU,19501542.0,456564507688.0,24.6299991607666,285.764892578125,19.32999992370605,0.8406645059585571
5740,2020,ROU,19392467.0,483499378450.0,24.61000061035156,270.6317138671875,15.34000015258789,0.7641964554786682
5741,2021,ROU,19248159.0,505119539256.0,26.34000015258789,287.7035522460937,16.979999542236328,0.7721003890037537
5742,2022,ROU,19166776.0,504741667296.0,23.6200008392334,265.5928955078125,16.299999237060547,0.7135645151138306
5743,2023,ROU,19118482.0,504741667296.0,28.36000061035156,252.9350433349609,13.850000381469728,0.7135645151138306
5744,2024,ROU,19015096.0,504741667296.0,24.520000457763672,257.5107421875,13.25,0.7135645151138306
5745,2025,ROU,18908655.0,504741667296.0,23.43000030517578,257.5107421875,12.489999771118164,0.7135645151138306
5746,1990,RUS,148979537.0,1834865200000.0,166.91061401367188,9246.7958984375,412.489990234375,5.491467952728272
5747,1991,RUS,149448433.0,1782589449407.0,168.15899658203125,9100.9384765625,412.489990234375,5.575396060943604
5748,1992,RUS,148915993.0,1557839202683.0,172.65699768066406,8716.6298828125,412.489990234375,6.140954971313477
5749,1993,RUS,148135419.0,1453308047704.0,174.3489990234375,8065.3857421875,412.489990234375,6.1371235847473145
5750,1994,RUS,148200734.0,1297672618325.0,175.98699951171875,7340.4638671875,412.489990234375,6.271554470062256
5751,1995,RUS,148291406.0,1274033410385.0,176.314208984375,6898.2470703125,412.489990234375,6.045393466949463
5752,1996,RUS,148084580.0,1256336600822.0,154.3660125732422,6647.376953125,412.489990234375,5.900649547576904
5753,1997,RUS,147853769.0,1303661447743.0,157.4910125732422,6237.4384765625,412.489990234375,5.377933502197266
5754,1998,RUS,147635543.0,1263722609285.0,158.55499267578125,6234.7939453125,412.489990234375,5.5375657081604
5755,1999,RUS,147241973.0,1375023643662.0,160.5500030517578,6265.9697265625,412.489990234375,5.153757095336914
5756,2000,RUS,146717784.0,1547057523527.0,164.16000366210938,6357.77587890625,412.489990234375,4.663104057312012
5757,2001,RUS,146117290.0,1662886727147.0,174.00999450683594,6431.017578125,408.4700012207031,4.406955242156982
5758,2002,RUS,145939502.0,1781424730851.0,162.35000610351562,6427.90234375,412.7000122070313,4.09697961807251
5759,2003,RUS,145794230.0,1955875991276.0,156.0500030517578,6577.55078125,426.3299865722656,3.80825138092041
5760,2004,RUS,145180091.0,2143914665541.0,176.13999938964844,6606.4189453125,422.8299865722656,3.504844665527344
5761,2005,RUS,144597886.0,2331247104465.0,173.07000732421875,6597.732421875,436.4100036621094,3.2188363075256348
5762,2006,RUS,144102948.0,2576148450528.0,173.80999755859375,6915.3154296875,458.8599853515625,3.042113780975342
5763,2007,RUS,143859767.0,2858759376272.0,177.52999877929688,6942.08251953125,466.760009765625,2.7558579444885254
5764,2008,RUS,143811837.0,3078094367564.0,165.27999877929688,7010.48046875,494.1099853515625,2.571274518966675
5765,2009,RUS,143869128.0,2903690263125.0,174.6999969482422,6595.9609375,448.9800109863281,2.590562105178833
5766,2010,RUS,143934468.0,3105249267337.0,167.02000427246094,6896.7978515625,475.4299926757813,2.5164601802825928
5767,2011,RUS,144043751.0,3306765993750.0,163.6199951171875,7171.4140625,486.6199951171875,2.443640947341919
5768,2012,RUS,144291025.0,3439833075673.0,163.9600067138672,7211.689453125,493.8500061035156,2.363010883331299
5769,2013,RUS,144604105.0,3500216789791.0,181.63999938964844,7086.330078125,476.760009765625,2.294865131378174
5770,2014,RUS,144925639.0,3525987597216.0,174.2100067138672,7115.9609375,478.1300048828125,2.285249710083008
5771,2015,RUS,145307612.0,3456429719677.0,168.9600067138672,6970.4619140625,474.3699951171875,2.294435501098633
5772,2016,RUS,145778668.0,3463123938280.0,185.67999267578125,7083.56201171875,483.0199890136719,2.334904432296753
5773,2017,RUS,146186798.0,3526353842599.0,186.3600006103516,7120.23193359375,479.7099914550781,2.307126045227051
5774,2018,RUS,146430146.0,3625347362801.0,192.0,7403.69775390625,487.2999877929688,2.3259036540985107
5775,2019,RUS,146533063.0,3705035583500.0,196.22000122070312,7322.61181640625,492.0299987792969,2.2590956687927246
5776,2020,RUS,146371295.0,3606716578675.0,216.25,6961.56591796875,453.3299865722656,2.2390761375427246
5777,2021,RUS,145836172.0,3809571453737.0,220.2400054931641,7193.552734375,493.8500061035156,2.186929941177368
5778,2022,RUS,145579889.0,3731440829579.0,205.1100006103516,7528.3447265625,509.1700134277344,2.311911106109619
5779,2023,RUS,145440502.0,3731440829579.0,209.1000061035156,7670.828125,521.6599731445312,2.311911106109619
5780,2024,RUS,144820421.0,3731440829579.0,218.8600006103516,7940.716796875,539.3300170898438,2.311911106109619
5781,2025,RUS,143997393.0,3731440829579.0,206.97999572753903,7940.716796875,536.4299926757812,2.311911106109619
5782,1990,RWA,7375313.0,9760500152.0,0.1000000014901161,0.0,0.0399999991059303,0.3261581361293793
5783,1991,RWA,7526964.0,9167410895.0,0.1000000014901161,0.0,0.0399999991059303,0.3545296192169189
5784,1992,RWA,7683266.0,9540351727.0,0.1000000014901161,0.0,0.0399999991059303,0.3414476215839386
5785,1993,RWA,7981142.0,8498078373.0,0.1000000014901161,0.0,0.0399999991059303,0.351700872182846
5786,1994,RWA,6792358.0,4238308069.0,0.1000000014901161,0.0,0.0399999991059303,0.7210010886192322
5787,1995,RWA,5674118.0,5523726463.0,0.1000000014901161,0.0,0.0399999991059303,0.5633907914161682
5788,1996,RWA,6708767.0,6185436762.0,0.1000000014901161,0.0,0.0399999991059303,0.5028076767921448
5789,1997,RWA,7755237.0,6891736436.0,0.1000000014901161,0.0,0.0399999991059303,0.4530086815357208
5790,1998,RWA,8081688.0,7337662385.0,0.1000000014901161,0.0,0.0399999991059303,0.4325647950172424
5791,1999,RWA,8147917.0,7619522357.0,0.1000000014901161,0.0,0.0399999991059303,0.4109200537204742
5792,2000,RWA,8213936.0,8053572290.0,0.1000000014901161,0.0,0.0399999991059303,0.3324442207813263
5793,2001,RWA,8287091.0,8517814124.0,0.0900000035762786,0.0,0.0399999991059303,0.3142478168010711
5794,2002,RWA,8400185.0,9398566544.0,0.1000000014901161,0.0,0.050000000745058,0.2901520729064941
5795,2003,RWA,8586878.0,9366054447.0,0.1199999973177909,0.0,0.0399999991059303,0.2859188914299011
5796,2004,RWA,8816849.0,9814510529.0,0.0799999982118606,0.0,0.0399999991059303,0.2688866257667541
5797,2005,RWA,9054532.0,10465323107.0,0.1000000014901161,0.0,0.0599999986588954,0.2505447268486023
5798,2006,RWA,9299251.0,11146496514.0,0.1299999952316284,0.0,0.0900000035762786,0.2376537472009658
5799,2007,RWA,9549940.0,11698650639.0,0.1199999973177909,0.0,0.0900000035762786,0.2299740314483642
5800,2008,RWA,9804268.0,12678494332.0,0.1599999964237213,0.0,0.0900000035762786,0.2203228175640106
5801,2009,RWA,10060438.0,13135703239.0,0.1599999964237213,0.0,0.1000000014901161,0.2180268168449401
5802,2010,RWA,10317560.0,13742192522.0,0.1099999994039535,0.0,0.1199999973177909,0.2290007323026657
5803,2011,RWA,10573742.0,14451195383.0,0.1500000059604644,0.0,0.1400000005960464,0.2422612607479095
5804,2012,RWA,10829904.0,15700063621.0,0.1800000071525573,0.0,0.1400000005960464,0.2476546019315719
5805,2013,RWA,11093340.0,16440168692.0,0.1500000059604644,0.0,0.1500000059604644,0.2476142346858978
5806,2014,RWA,11364758.0,17455015690.0,0.2000000029802322,0.0,0.1400000005960464,0.2411959320306778
5807,2015,RWA,11640026.0,19000488690.0,0.2899999916553497,0.0,0.1500000059604644,0.2393773943185806
5808,2016,RWA,11919183.0,20135193148.0,0.3199999928474426,0.0,0.2199999988079071,0.2295641899108886
5809,2017,RWA,12202062.0,20935170126.0,0.3000000119209289,0.0,0.2300000041723251,0.2354513704776764
5810,2018,RWA,12488000.0,22730987759.0,0.3400000035762787,0.0,0.3199999928474426,0.2151968479156494
5811,2019,RWA,12776102.0,24883378782.0,0.4300000071525574,0.0,0.2800000011920929,0.2209410071372985
5812,2020,RWA,13065838.0,24048043469.0,0.5600000023841858,0.0,0.2199999988079071,0.2390043586492538
5813,2021,RWA,13355260.0,26663035281.0,0.5899999737739563,0.0,0.2800000011920929,0.2443819642066955
5814,2022,RWA,13651025.0,28466253314.0,0.6000000238418579,0.0,0.3000000119209289,0.23877514898777
5815,2023,RWA,13954473.0,28466253314.0,0.5400000214576721,0.0,0.3899999856948852,0.23877514898777
5816,2024,RWA,14256573.0,28466253314.0,0.5600000023841858,0.0,0.4000000059604645,0.23877514898777
5817,1990,SHN,6639.0,0.0,0.0,0.0,0.0099999997764825,0.0
5818,1991,SHN,6601.0,0.0,0.0,0.0,0.0099999997764825,0.0
5819,1992,SHN,6545.0,0.0,0.0,0.0,0.0099999997764825,0.0
5820,1993,SHN,6495.0,0.0,0.0,0.0,0.0099999997764825,0.0
5821,1994,SHN,6433.0,0.0,0.0,0.0,0.0099999997764825,0.0
5822,1995,SHN,6373.0,0.0,0.0,0.0,0.0099999997764825,0.0
5823,1996,SHN,6309.0,0.0,0.0,0.0,0.0099999997764825,0.0
5824,1997,SHN,6249.0,0.0,0.0,0.0,0.0099999997764825,0.0
5825,1998,SHN,6184.0,0.0,0.0,0.0,0.0099999997764825,0.0
5826,1999,SHN,6113.0,0.0,0.0,0.0,0.0099999997764825,0.0
5827,2000,SHN,6045.0,0.0,0.0,0.0,0.0099999997764825,0.0
5828,2001,SHN,5963.0,0.0,0.0,0.0,0.0099999997764825,0.0
5829,2002,SHN,5879.0,0.0,0.0,0.0,0.0099999997764825,0.0
5830,2003,SHN,5775.0,0.0,0.0,0.0,0.0099999997764825,0.0
5831,2004,SHN,5678.0,0.0,0.0,0.0,0.0099999997764825,0.0
5832,2005,SHN,5570.0,0.0,0.0,0.0,0.0099999997764825,0.0
5833,2006,SHN,5457.0,0.0,0.0,0.0,0.0099999997764825,0.0
5834,2007,SHN,5346.0,0.0,0.0,0.0,0.0099999997764825,0.0
5835,2008,SHN,5295.0,0.0,0.0,0.0,0.0099999997764825,0.0
5836,2009,SHN,5320.0,0.0,0.0,0.0,0.0099999997764825,0.0
5837,2010,SHN,5352.0,0.0,0.0,0.0,0.0099999997764825,0.0
5838,2011,SHN,5385.0,0.0,0.0,0.0,0.0099999997764825,0.0
5839,2012,SHN,5428.0,0.0,0.0,0.0,0.0099999997764825,0.0
5840,2013,SHN,5462.0,0.0,0.0,0.0,0.0099999997764825,0.0
5841,2014,SHN,5493.0,0.0,0.0,0.0,0.0099999997764825,0.0
5842,2015,SHN,5529.0,0.0,0.0,0.0,0.0099999997764825,0.0
5843,2016,SHN,5544.0,0.0,0.0,0.0,0.0099999997764825,0.0
5844,2017,SHN,5528.0,0.0,0.0,0.0,0.0099999997764825,0.0
5845,2018,SHN,5507.0,0.0,0.0,0.0,0.0099999997764825,0.0
5846,2019,SHN,5485.0,0.0,0.0,0.0,0.0099999997764825,0.0
5847,2020,SHN,5451.0,0.0,0.0,0.0,0.0099999997764825,0.0
5848,2021,SHN,5415.0,0.0,0.0,0.0,0.0099999997764825,0.0
5849,2022,SHN,5369.0,0.0,0.0,0.0,0.0099999997764825,0.0
5850,2023,SHN,5316.0,0.0,0.0,0.0,0.0099999997764825,0.0
5851,1990,KNA,40456.0,0.0,0.0,0.0,0.1000000014901161,0.0
5852,1991,KNA,40382.0,0.0,0.0,0.0,0.1000000014901161,0.0
5853,1992,KNA,40740.0,0.0,0.0,0.0,0.1000000014901161,0.0
5854,1993,KNA,41266.0,0.0,0.0,0.0,0.1000000014901161,0.0
5855,1994,KNA,41798.0,0.0,0.0,0.0,0.1000000014901161,0.0
5856,1995,KNA,42347.0,0.0,0.0,0.0,0.1000000014901161,0.0
5857,1996,KNA,42903.0,0.0,0.0,0.0,0.1000000014901161,0.0
5858,1997,KNA,43453.0,0.0,0.0,0.0,0.1000000014901161,0.0
5859,1998,KNA,44018.0,0.0,0.0,0.0,0.1000000014901161,0.0
5860,1999,KNA,44625.0,0.0,0.0,0.0,0.1000000014901161,0.0
5861,2000,KNA,45272.0,0.0,0.0,0.0,0.1000000014901161,0.0
5862,2001,KNA,45785.0,0.0,0.0,0.0,0.1099999994039535,0.0
5863,2002,KNA,46048.0,0.0,0.0,0.0,0.1199999973177909,0.0
5864,2003,KNA,46200.0,0.0,0.0,0.0,0.1199999973177909,0.0
5865,2004,KNA,46337.0,0.0,0.0,0.0,0.1199999973177909,0.0
5866,2005,KNA,46459.0,0.0,0.0,0.0,0.1299999952316284,0.0
5867,2006,KNA,46592.0,0.0,0.0,0.0,0.1299999952316284,0.0
5868,2007,KNA,46734.0,0.0,0.0,0.0,0.1400000005960464,0.0
5869,2008,KNA,46857.0,0.0,0.0,0.0,0.1299999952316284,0.0
5870,2009,KNA,46941.0,0.0,0.0,0.0,0.1400000005960464,0.0
5871,2010,KNA,46871.0,0.0,0.0,0.0,0.1400000005960464,0.0
5872,2011,KNA,46917.0,0.0,0.0,0.0,0.1400000005960464,0.0
5873,2012,KNA,47056.0,0.0,0.0099999997764825,0.0,0.1400000005960464,0.0
5874,2013,KNA,47092.0,0.0,0.0099999997764825,0.0,0.1400000005960464,0.0
5875,2014,KNA,47112.0,0.0,0.0099999997764825,0.0,0.1400000005960464,0.0
5876,2015,KNA,47108.0,0.0,0.0099999997764825,0.0,0.1400000005960464,0.0
5877,2016,KNA,47099.0,0.0,0.0099999997764825,0.0,0.1400000005960464,0.0
5878,2017,KNA,47075.0,0.0,0.0,0.0,0.1400000005960464,0.0
5879,2018,KNA,47032.0,0.0,0.0099999997764825,0.0,0.1400000005960464,0.0
5880,2019,KNA,46976.0,0.0,0.0099999997764825,0.0,0.1400000005960464,0.0
5881,2020,KNA,46896.0,0.0,0.0099999997764825,0.0,0.1400000005960464,0.0
5882,2021,KNA,46786.0,0.0,0.0099999997764825,0.0,0.1400000005960464,0.0
5883,2022,KNA,46732.0,0.0,0.0099999997764825,0.0,0.1400000005960464,0.0
5884,2023,KNA,46783.0,0.0,0.0099999997764825,0.0,0.1400000005960464,0.0
5885,2024,KNA,46867.0,0.0,0.0199999995529651,0.0,0.1400000005960464,0.0
5886,1990,LCA,137874.0,718014000.0,0.0,0.0,0.1800000071525573,1.0194467306137085
5887,1991,LCA,139536.0,732565360.0,0.0,0.0,0.1800000071525573,0.9991968870162964
5888,1992,LCA,141629.0,808957688.0,0.0,0.0,0.1800000071525573,0.9070563316345216
5889,1993,LCA,143735.0,829979959.0,0.0,0.0,0.1800000071525573,0.8819213509559631
5890,1994,LCA,145901.0,862136440.0,0.0,0.0,0.1800000071525573,1.0027642250061035
5891,1995,LCA,148227.0,889991191.0,0.0,0.0,0.1800000071525573,0.9713799357414246
5892,1996,LCA,150453.0,936978316.0,0.0,0.0,0.1800000071525573,0.9249310493469238
5893,1997,LCA,152584.0,951717700.0,0.0,0.0,0.1800000071525573,0.9083781838417052
5894,1998,LCA,154688.0,1031515653.0,0.0,0.0,0.1800000071525573,0.8381061553955078
5895,1999,LCA,156719.0,1081004035.0,0.0,0.0,0.1800000071525573,0.7997472882270813
5896,2000,LCA,158624.0,1100265060.0,0.0,0.0,0.1800000071525573,1.3314958810806274
5897,2001,LCA,160247.0,1080200365.0,0.0,0.0,0.1899999976158142,1.4707452058792114
5898,2002,LCA,161655.0,1106971931.0,0.0,0.0,0.1899999976158142,1.296782612800598
5899,2003,LCA,162985.0,1185932109.0,0.0,0.0,0.2000000029802322,1.3394209146499634
5900,2004,LCA,164250.0,1306608275.0,0.0,0.0,0.2000000029802322,1.2200324535369873
5901,2005,LCA,165460.0,1321769047.0,0.0,0.0,0.209999993443489,1.244054675102234
5902,2006,LCA,166657.0,1443383695.0,0.0,0.0,0.2199999988079071,1.1492027044296265
5903,2007,LCA,167766.0,1491085385.0,0.0,0.0,0.2300000041723251,1.150135159492493
5904,2008,LCA,168816.0,1589069531.0,0.0,0.0,0.2300000041723251,1.1091941595077517
5905,2009,LCA,169880.0,1609861406.0,0.0,0.0,0.2399999946355819,1.0680155754089355
5906,2010,LCA,170921.0,1619438310.0,0.0,0.0,0.25,1.109678864479065
5907,2011,LCA,171814.0,1661310000.0,0.0,0.0,0.2599999904632568,1.0979160070419312
5908,2012,LCA,172595.0,1630854000.0,0.0,0.0,0.25,1.1132158041000366
5909,2013,LCA,173380.0,1636031000.0,0.0,0.0,0.25,1.106832504272461
5910,2014,LCA,174145.0,1635705000.0,0.0,0.0,0.25,1.1178195476531982
5911,2015,LCA,174919.0,1670340000.0,0.0,0.0,0.25,1.1011006832122805
5912,2016,LCA,175651.0,1719860632.0,0.0,0.0,0.2599999904632568,1.0808658599853516
5913,2017,LCA,176352.0,1781316024.0,0.0,0.0,0.2599999904632568,1.131342887878418
5914,2018,LCA,177032.0,1830625072.0,0.0099999997764825,0.0,0.2599999904632568,1.3897444009780884
5915,2019,LCA,177675.0,1824037649.0,0.0099999997764825,0.0,0.270000010728836,1.3778645992279053
5916,2020,LCA,178261.0,1361621707.0,0.0099999997764825,0.0,0.2399999946355819,1.759803295135498
5917,2021,LCA,178540.0,1515672504.0,0.0099999997764825,0.0,0.2599999904632568,1.6428920030593872
5918,2022,LCA,178794.0,1749086152.0,0.0099999997764825,0.0,0.2599999904632568,1.44870126247406
5919,2023,LCA,179291.0,1749086152.0,0.0099999997764825,0.0,0.2599999904632568,1.44870126247406
5920,2024,LCA,179751.0,1749086152.0,0.0099999997764825,0.0,0.2599999904632568,1.44870126247406
5921,1990,SPM,6377.0,0.0,0.0,0.0,0.0299999993294477,0.0
5922,1991,SPM,6400.0,0.0,0.0,0.0,0.0299999993294477,0.0
5923,1992,SPM,6428.0,0.0,0.0,0.0,0.0299999993294477,0.0
5924,1993,SPM,6440.0,0.0,0.0,0.0,0.0299999993294477,0.0
5925,1994,SPM,6455.0,0.0,0.0,0.0,0.0299999993294477,0.0
5926,1995,SPM,6459.0,0.0,0.0,0.0,0.0299999993294477,0.0
5927,1996,SPM,6451.0,0.0,0.0,0.0,0.0299999993294477,0.0
5928,1997,SPM,6438.0,0.0,0.0,0.0,0.0299999993294477,0.0
5929,1998,SPM,6392.0,0.0,0.0,0.0,0.0299999993294477,0.0
5930,1999,SPM,6338.0,0.0,0.0,0.0,0.0299999993294477,0.0
5931,2000,SPM,6317.0,0.0,0.0,0.0,0.0299999993294477,0.0
5932,2001,SPM,6299.0,0.0,0.0,0.0,0.0299999993294477,0.0
5933,2002,SPM,6273.0,0.0,0.0,0.0,0.0299999993294477,0.0
5934,2003,SPM,6234.0,0.0,0.0,0.0,0.0299999993294477,0.0
5935,2004,SPM,6191.0,0.0,0.0,0.0,0.0299999993294477,0.0
5936,2005,SPM,6139.0,0.0,0.0,0.0,0.0299999993294477,0.0
5937,2006,SPM,6094.0,0.0,0.0,0.0,0.0299999993294477,0.0
5938,2007,SPM,6074.0,0.0,0.0,0.0,0.0299999993294477,0.0
5939,2008,SPM,6063.0,0.0,0.0,0.0,0.0299999993294477,0.0
5940,2009,SPM,6054.0,0.0,0.0,0.0,0.0299999993294477,0.0
5941,2010,SPM,6047.0,0.0,0.0,0.0,0.0299999993294477,0.0
5942,2011,SPM,6036.0,0.0,0.0,0.0,0.0299999993294477,0.0
5943,2012,SPM,6019.0,0.0,0.0,0.0,0.0299999993294477,0.0
5944,2013,SPM,5999.0,0.0,0.0,0.0,0.0299999993294477,0.0
5945,2014,SPM,5984.0,0.0,0.0,0.0,0.0299999993294477,0.0
5946,2015,SPM,5971.0,0.0,0.0,0.0,0.0299999993294477,0.0
5947,2016,SPM,5957.0,0.0,0.0,0.0,0.0299999993294477,0.0
5948,2017,SPM,5946.0,0.0,0.0,0.0,0.0299999993294477,0.0
5949,2018,SPM,5932.0,0.0,0.0,0.0,0.0299999993294477,0.0
5950,2019,SPM,5899.0,0.0,0.0,0.0,0.0299999993294477,0.0
5951,2020,SPM,5852.0,0.0,0.0,0.0,0.0299999993294477,0.0
5952,2021,SPM,5802.0,0.0,0.0,0.0,0.0299999993294477,0.0
5953,2022,SPM,5760.0,0.0,0.0,0.0,0.0299999993294477,0.0
5954,2023,SPM,5707.0,0.0,0.0,0.0,0.0299999993294477,0.0
5955,1990,VCT,111825.0,0.0,0.0299999993294477,0.0,0.050000000745058,0.0
5956,1991,VCT,112236.0,0.0,0.0299999993294477,0.0,0.050000000745058,0.0
5957,1992,VCT,112524.0,0.0,0.0299999993294477,0.0,0.050000000745058,0.0
5958,1993,VCT,112753.0,0.0,0.0299999993294477,0.0,0.050000000745058,0.0
5959,1994,VCT,112933.0,0.0,0.0299999993294477,0.0,0.050000000745058,0.0
5960,1995,VCT,113064.0,0.0,0.0299999993294477,0.0,0.050000000745058,0.0
5961,1996,VCT,113136.0,0.0,0.0299999993294477,0.0,0.050000000745058,0.0
5962,1997,VCT,113158.0,0.0,0.0299999993294477,0.0,0.050000000745058,0.0
5963,1998,VCT,113195.0,0.0,0.0299999993294477,0.0,0.050000000745058,0.0
5964,1999,VCT,113384.0,0.0,0.0299999993294477,0.0,0.050000000745058,0.0
5965,2000,VCT,113561.0,0.0,0.0299999993294477,0.0,0.050000000745058,0.0
5966,2001,VCT,113506.0,0.0,0.0199999995529651,0.0,0.050000000745058,0.0
5967,2002,VCT,113365.0,0.0,0.0199999995529651,0.0,0.050000000745058,0.0
5968,2003,VCT,113149.0,0.0,0.0199999995529651,0.0,0.0599999986588954,0.0
5969,2004,VCT,112856.0,0.0,0.0299999993294477,0.0,0.0599999986588954,0.0
5970,2005,VCT,112465.0,0.0,0.0299999993294477,0.0,0.0700000002980232,0.0
5971,2006,VCT,112027.0,0.0,0.0199999995529651,0.0,0.0700000002980232,0.0
5972,2007,VCT,111544.0,0.0,0.0199999995529651,0.0,0.0799999982118606,0.0
5973,2008,VCT,111047.0,0.0,0.0199999995529651,0.0,0.0799999982118606,0.0
5974,2009,VCT,110521.0,0.0,0.0199999995529651,0.0,0.0799999982118606,0.0
5975,2010,VCT,109974.0,0.0,0.0299999993294477,0.0,0.0799999982118606,0.0
5976,2011,VCT,109367.0,0.0,0.0299999993294477,0.0,0.0700000002980232,0.0
5977,2012,VCT,108753.0,0.0,0.0299999993294477,0.0,0.0799999982118606,0.0
5978,2013,VCT,108156.0,0.0,0.0199999995529651,0.0,0.0799999982118606,0.0
5979,2014,VCT,107555.0,0.0,0.0099999997764825,0.0,0.0900000035762786,0.0
5980,2015,VCT,106975.0,0.0,0.0199999995529651,0.0,0.0900000035762786,0.0
5981,2016,VCT,106365.0,0.0,0.0199999995529651,0.0,0.0900000035762786,0.0
5982,2017,VCT,105674.0,0.0,0.0199999995529651,0.0,0.0900000035762786,0.0
5983,2018,VCT,104939.0,0.0,0.0199999995529651,0.0,0.0900000035762786,0.0
5984,2019,VCT,104183.0,0.0,0.0199999995529651,0.0,0.0900000035762786,0.0
5985,2020,VCT,103540.0,0.0,0.0199999995529651,0.0,0.0900000035762786,0.0
5986,2021,VCT,102848.0,0.0,0.0199999995529651,0.0,0.0799999982118606,0.0
5987,2022,VCT,102063.0,0.0,0.0199999995529651,0.0,0.0900000035762786,0.0
5988,2023,VCT,101331.0,0.0,0.0199999995529651,0.0,0.0900000035762786,0.0
5989,2024,VCT,100630.0,0.0,0.0199999995529651,0.0,0.0900000035762786,0.0
5990,1990,WSM,169061.0,0.0,0.0399999991059303,0.0,0.0299999993294477,0.0
5991,1991,WSM,169378.0,0.0,0.0399999991059303,0.0,0.0299999993294477,0.0
5992,1992,WSM,170340.0,0.0,0.0399999991059303,0.0,0.0299999993294477,0.0
5993,1993,WSM,171786.0,0.0,0.0399999991059303,0.0,0.0299999993294477,0.0
5994,1994,WSM,173167.0,0.0,0.0399999991059303,0.0,0.0299999993294477,0.0
5995,1995,WSM,174585.0,0.0,0.0399999991059303,0.0,0.0299999993294477,0.0
5996,1996,WSM,176086.0,0.0,0.0399999991059303,0.0,0.0299999993294477,0.0
5997,1997,WSM,177561.0,0.0,0.0399999991059303,0.0,0.0299999993294477,0.0
5998,1998,WSM,178921.0,0.0,0.0399999991059303,0.0,0.0299999993294477,0.0
5999,1999,WSM,180279.0,0.0,0.0399999991059303,0.0,0.0299999993294477,0.0
6000,2000,WSM,181695.0,0.0,0.0399999991059303,0.0,0.0299999993294477,0.0
6001,2001,WSM,183174.0,0.0,0.050000000745058,0.0,0.0299999993294477,0.0
6002,2002,WSM,184482.0,0.0,0.0599999986588954,0.0,0.0299999993294477,0.0
6003,2003,WSM,185447.0,0.0,0.050000000745058,0.0,0.0299999993294477,0.0
6004,2004,WSM,186265.0,0.0,0.050000000745058,0.0,0.0399999991059303,0.0
6005,2005,WSM,186993.0,0.0,0.050000000745058,0.0,0.0399999991059303,0.0
6006,2006,WSM,187724.0,0.0,0.050000000745058,0.0,0.050000000745058,0.0
6007,2007,WSM,188766.0,0.0,0.050000000745058,0.0,0.050000000745058,0.0
6008,2008,WSM,190117.0,0.0,0.050000000745058,0.0,0.0399999991059303,0.0
6009,2009,WSM,191530.0,0.0,0.050000000745058,0.0,0.050000000745058,0.0
6010,2010,WSM,193035.0,0.0,0.050000000745058,0.0,0.050000000745058,0.0
6011,2011,WSM,194726.0,0.0,0.050000000745058,0.0,0.050000000745058,0.0
6012,2012,WSM,196518.0,0.0,0.0399999991059303,0.0,0.050000000745058,0.0
6013,2013,WSM,198284.0,0.0,0.0299999993294477,0.0,0.0599999986588954,0.0
6014,2014,WSM,200051.0,0.0,0.0299999993294477,0.0,0.0700000002980232,0.0
6015,2015,WSM,201794.0,0.0,0.0399999991059303,0.0,0.0599999986588954,0.0
6016,2016,WSM,203509.0,0.0,0.050000000745058,0.0,0.0700000002980232,0.0
6017,2017,WSM,205423.0,0.0,0.050000000745058,0.0,0.0700000002980232,0.0
6018,2018,WSM,207595.0,0.0,0.0599999986588954,0.0,0.0599999986588954,0.0
6019,2019,WSM,209794.0,0.0,0.0700000002980232,0.0,0.0700000002980232,0.0
6020,2020,WSM,211957.0,0.0,0.0700000002980232,0.0,0.0700000002980232,0.0
6021,2021,WSM,213792.0,0.0,0.0799999982118606,0.0,0.0599999986588954,0.0
6022,2022,WSM,215270.0,0.0,0.0700000002980232,0.0,0.0599999986588954,0.0
6023,2023,WSM,216673.0,0.0,0.0599999986588954,0.0,0.0599999986588954,0.0
6024,2024,WSM,218031.0,0.0,0.0700000002980232,0.0,0.0599999986588954,0.0
6025,1990,STP,122993.0,257172000.0,0.0099999997764825,0.0,0.0099999997764825,1.026409149169922
6026,1991,STP,125711.0,262157958.0,0.0099999997764825,0.0,0.0099999997764825,1.0645864009857178
6027,1992,STP,128127.0,264441187.0,0.0099999997764825,0.0,0.0099999997764825,1.0579235553741455
6028,1993,STP,130478.0,268616534.0,0.0099999997764825,0.0,0.0099999997764825,1.0389896631240845
6029,1994,STP,132745.0,275609588.0,0.0099999997764825,0.0,0.0099999997764825,1.2387101650238037
6030,1995,STP,134905.0,281874143.0,0.0099999997764825,0.0,0.0099999997764825,1.2111802101135254
6031,1996,STP,136974.0,288736950.0,0.0099999997764825,0.0,0.0099999997764825,1.1852998733520508
6032,1997,STP,138935.0,291643204.0,0.0099999997764825,0.0,0.0099999997764825,1.1706098318099976
6033,1998,STP,140765.0,300902178.0,0.0099999997764825,0.0,0.0099999997764825,1.1312659978866575
6034,1999,STP,142459.0,310102879.0,0.0099999997764825,0.0,0.0099999997764825,1.1041738986968994
6035,2000,STP,144029.0,312853560.0,0.0099999997764825,0.0,0.0099999997764825,0.8699658513069153
6036,2001,STP,146386.0,323367292.0,0.0,0.0,0.0099999997764825,0.818911612033844
6037,2002,STP,149932.0,330763135.0,0.0099999997764825,0.0,0.0199999995529651,0.8979166746139526
6038,2003,STP,153824.0,356840538.0,0.0099999997764825,0.0,0.0199999995529651,0.925758421421051
6039,2004,STP,157721.0,370949154.0,0.0099999997764825,0.0,0.0199999995529651,1.0181227922439575
6040,2005,STP,161650.0,400193555.0,0.0,0.0,0.0299999993294477,1.0089367628097534
6041,2006,STP,165651.0,436915676.0,0.0099999997764825,0.0,0.0299999993294477,0.9667394757270812
6042,2007,STP,169709.0,454094461.0,0.0099999997764825,0.0,0.0299999993294477,0.9610695242881776
6043,2008,STP,173808.0,491548804.0,0.0099999997764825,0.0,0.0299999993294477,0.9688853621482848
6044,2009,STP,177866.0,507380515.0,0.0099999997764825,0.0,0.0299999993294477,1.0039403438568115
6045,2010,STP,181810.0,544428757.0,0.0,0.0,0.0299999993294477,1.0168308019638062
6046,2011,STP,185665.0,572220000.0,0.0099999997764825,0.0,0.0399999991059303,0.9986838102340698
6047,2012,STP,189452.0,588711000.0,0.0099999997764825,0.0,0.050000000745058,1.0273085832595823
6048,2013,STP,193158.0,619718000.0,0.0099999997764825,0.0,0.0399999991059303,0.9759082198143004
6049,2014,STP,196780.0,660060000.0,0.0099999997764825,0.0,0.050000000745058,0.9192920923233032
6050,2015,STP,200308.0,687730000.0,0.0099999997764825,0.0,0.0599999986588954,0.914344310760498
6051,2016,STP,203702.0,718608950.0,0.0099999997764825,0.0,0.0700000002980232,0.9073379635810852
6052,2017,STP,206986.0,745271993.0,0.0,0.0,0.0700000002980232,0.8887500762939453
6053,2018,STP,210198.0,768095622.0,0.0,0.0,0.0700000002980232,0.8208633661270142
6054,2019,STP,213405.0,784993764.0,0.0099999997764825,0.0,0.0700000002980232,0.8450119495391846
6055,2020,STP,217450.0,809328569.0,0.0099999997764825,0.0,0.0700000002980232,0.7862822413444519
6056,2021,STP,221975.0,824700110.0,0.0099999997764825,0.0,0.0700000002980232,0.7991073727607727
6057,2022,STP,226313.0,825238400.0,0.0099999997764825,0.0,0.050000000745058,0.7051251530647278
6058,2023,STP,230882.0,825238400.0,0.0099999997764825,0.0,0.050000000745058,0.7051251530647278
6059,1990,SAU,10640697.0,230231005239.0,0.0,928.3370361328124,96.0199966430664,4.032197952270508
6060,1991,SAU,11160752.0,279266370692.0,0.0,972.4522705078124,96.0199966430664,3.482167482376098
6061,1992,SAU,11686682.0,306102220149.0,0.0,981.7562866210938,96.0199966430664,3.207282543182373
6062,1993,SAU,12215864.0,318013026200.0,0.0,1002.850341796875,96.0199966430664,3.1534881591796875
6063,1994,SAU,12750037.0,336457977370.0,0.0,1159.5804443359375,96.0199966430664,3.446434736251831
6064,1995,SAU,13289246.0,354296184185.0,0.0,1130.005859375,96.0199966430664,3.189438343048096
6065,1996,SAU,13831002.0,381675255575.0,0.0,1168.5528564453125,96.0199966430664,3.061641216278076
6066,1997,SAU,14374948.0,404619673714.0,0.0,1190.2490234375,96.0199966430664,2.9416489601135254
6067,1998,SAU,14922188.0,436367217571.0,0.0,1252.576904296875,96.0199966430664,2.8704655170440674
6068,1999,SAU,15472076.0,440370701905.0,0.0,1275.4302978515625,96.0199966430664,2.8962650299072266
6069,2000,SAU,16177733.0,488272422255.0,0.0,1334.879638671875,96.0199966430664,2.7338829040527344
6070,2001,SAU,17041405.0,506978101388.0,0.0,1422.3323974609375,101.8499984741211,2.8055105209350586
6071,2002,SAU,17910909.0,518347038548.0,0.0,1481.3826904296875,108.38999938964844,2.857897520065308
6072,2003,SAU,18786771.0,607244594721.0,0.0,1569.1910400390625,116.41999816894533,2.5841169357299805
6073,2004,SAU,19669486.0,690846607941.0,0.0,1702.4476318359375,121.47000122070312,2.464292049407959
6074,2005,SAU,20559886.0,768984265306.0,0.0,1811.10595703125,133.75999450683594,2.3551924228668213
6075,2006,SAU,21459141.0,833723402383.0,0.0,1900.1700439453125,136.97999572753906,2.279137134552002
6076,2007,SAU,22368313.0,896025266041.0,0.0,1944.05712890625,142.17999267578125,2.1696455478668213
6077,2008,SAU,23287884.0,1005243539213.0,0.0,2128.462158203125,141.8800048828125,2.117361307144165
6078,2009,SAU,24217656.0,1040467027041.0,0.0,2205.13671875,150.00999450683594,2.1193735599517822
6079,2010,SAU,25157134.0,1156842077931.0,0.0,2451.095458984375,172.0,2.118791103363037
6080,2011,SAU,26105636.0,1347950226660.0,0.0099999997764825,2557.276123046875,179.13999938964844,1.8971701860427856
6081,2012,SAU,27062447.0,1421109142119.0,0.0299999993294477,2714.14013671875,195.1000061035156,1.9099241495132449
6082,2013,SAU,28026825.0,1461615692896.0,0.0399999991059303,2731.1044921875,204.25999450683597,1.8686310052871704
6083,2014,SAU,28998127.0,1520484201383.0,0.050000000745058,2931.5927734375,227.3000030517578,1.9281471967697144
6084,2015,SAU,29974944.0,1591797027903.0,0.050000000745058,3056.501953125,243.0200042724609,1.9202357530593872
6085,2016,SAU,30717804.0,1629412617614.0,0.050000000745058,3179.72119140625,249.3699951171875,1.9515278339385984
6086,2017,SAU,30782400.0,1628276592787.0,0.0700000002980232,3181.63330078125,276.4800109863281,1.9541025161743164
6087,2018,SAU,30365119.0,1673253984473.0,0.1599999964237213,3101.242919921875,263.4200134277344,1.85368013381958
6088,2019,SAU,30472809.0,1687180073621.0,0.2199999988079071,2966.8193359375,265.6300048828125,1.7587804794311523
6089,2020,SAU,30991206.0,1613932868835.0,0.9200000166893004,2885.845458984375,267.3399963378906,1.7895742654800415
6090,2021,SAU,31328374.0,1677226744197.0,1.0,2979.72900390625,276.0199890136719,1.7781410217285156
6091,2022,SAU,32175351.0,1823886192336.0,2.009999990463257,3144.813232421875,286.9100036621094,1.7271108627319336
6092,2023,SAU,33264289.0,1823886192336.0,4.71999979019165,3188.49560546875,299.32000732421875,1.7271108627319336
6093,2024,SAU,33962751.0,1823886192336.0,9.81999969482422,3265.00146484375,314.5899963378906,1.7271108627319336
6094,1990,SEN,7720524.0,15993263040.0,0.050000000745058,0.0,0.959999978542328,0.6652187705039978
6095,1991,SEN,7943091.0,16307693057.0,0.050000000745058,0.0,0.959999978542328,0.602385938167572
6096,1992,SEN,8168396.0,16415224652.0,0.050000000745058,0.0,0.959999978542328,0.7249029874801636
6097,1993,SEN,8396289.0,16528654543.0,0.050000000745058,0.0,0.959999978542328,0.750648021697998
6098,1994,SEN,8624077.0,16427310135.0,0.050000000745058,0.0,0.959999978542328,0.9110079407691956
6099,1995,SEN,8848112.0,17207967928.0,0.050000000745058,0.0,0.959999978542328,0.9412887096405028
6100,1996,SEN,9067018.0,17463290035.0,0.050000000745058,0.0,0.959999978542328,0.9354625940322876
6101,1997,SEN,9283505.0,17899120921.0,0.050000000745058,0.0,0.959999978542328,0.8336242437362671
6102,1998,SEN,9502951.0,18841602978.0,0.050000000745058,0.0,0.959999978542328,0.8425920605659485
6103,1999,SEN,9730897.0,19920223117.0,0.050000000745058,0.0,0.959999978542328,0.8776015043258667
6104,2000,SEN,9968262.0,20439620643.0,0.050000000745058,0.0,0.959999978542328,0.9737685322761536
6105,2001,SEN,10212941.0,21256566387.0,0.0599999986588954,0.0,1.149999976158142,1.020426630973816
6106,2002,SEN,10466216.0,21289209696.0,0.2599999904632568,0.0,1.2200000286102295,1.0393942594528198
6107,2003,SEN,10721176.0,22622569107.0,0.3799999952316284,0.0,1.3200000524520874,0.9741569757461548
6108,2004,SEN,10975711.0,23858338191.0,0.3300000131130218,0.0,1.399999976158142,0.9825945496559144
6109,2005,SEN,11235473.0,25111741099.0,0.3100000023841858,0.0,1.5800000429153442,0.9714824557304382
6110,2006,SEN,11500094.0,25681645040.0,0.2800000011920929,0.0,1.590000033378601,0.935223400592804
6111,2007,SEN,11770348.0,26900866878.0,0.2199999988079071,0.0,1.7200000286102295,0.96801096200943
6112,2008,SEN,12048963.0,27862112568.0,0.270000010728836,0.0,1.809999942779541,0.9550400376319884
6113,2009,SEN,12337390.0,28495333178.0,0.2899999916553497,0.0,1.850000023841858,0.8928040862083435
6114,2010,SEN,12635418.0,29674469620.0,0.3199999928474426,0.0,1.9700000286102293,0.889279842376709
6115,2011,SEN,12958902.0,30201416523.0,0.3300000131130218,0.0,2.0,0.9169639348983764
6116,2012,SEN,13310499.0,31410375400.0,0.3400000035762787,0.0,2.2300000190734863,0.8630887866020203
6117,2013,SEN,13710857.0,32167998974.0,0.3700000047683716,0.0,2.3299999237060547,0.8780379295349121
6118,2014,SEN,14152103.0,34170131826.0,0.3799999952316284,0.0,2.5799999237060547,0.9194961190223694
6119,2015,SEN,14593335.0,36345743124.0,0.4000000059604645,0.0,2.75,1.0041900873184204
6120,2016,SEN,15034517.0,38655882471.0,0.4300000071525574,0.0,2.9800000190734863,0.911011517047882
6121,2017,SEN,15475001.0,41519118886.0,0.5299999713897705,0.0,2.869999885559082,0.8974311947822571
6122,2018,SEN,15914495.0,44097044770.0,0.699999988079071,0.0,2.940000057220459,0.8526012301445007
6123,2019,SEN,16352926.0,46131678369.0,0.7799999713897705,0.0,3.549999952316284,0.9080233573913574
6124,2020,SEN,16789217.0,46743389453.0,1.0199999809265137,0.0,3.4100000858306885,0.7951858639717102
6125,2021,SEN,17220866.0,49579310412.0,1.350000023841858,0.0,3.640000104904175,0.8351396322250366
6126,2022,SEN,17651099.0,51913993763.0,1.409999966621399,0.0,3.940000057220459,0.8697534203529358
6127,2023,SEN,18077573.0,51913993763.0,1.3899999856948853,0.0,4.570000171661377,0.8697534203529358
6128,2024,SEN,18501988.0,51913993763.0,1.5099999904632568,0.0,4.119999885559082,0.8697534203529358
6129,1990,SRB,7874595.0,75948516071.0,7.489999771118164,0.0,22.350000381469727,2.484164237976074
6130,1991,SRB,7867067.0,68073341363.0,9.56999969482422,0.0,22.350000381469727,2.484164237976074
6131,1992,SRB,7859811.0,50213316006.0,9.170000076293944,0.0,22.350000381469727,2.484164237976074
6132,1993,SRB,7849723.0,35705127092.0,8.0600004196167,0.0,22.350000381469727,2.484164237976074
6133,1994,SRB,7837157.0,37491186647.0,8.920000076293945,0.0,22.350000381469727,2.484164237976074
6134,1995,SRB,7823281.0,40606796137.0,9.899999618530272,0.0,22.350000381469727,2.484164237976074
6135,1996,SRB,7807720.0,43633612702.0,11.479999542236328,0.0,22.350000381469727,2.484164237976074
6136,1997,SRB,7789186.0,47961715204.0,10.5,0.0,22.350000381469727,2.484164237976074
6137,1998,SRB,7765929.0,50248494231.0,10.31999969482422,0.0,22.350000381469727,2.484164237976074
6138,1999,SRB,7734367.0,42108008598.0,11.140000343322754,0.0,22.350000381469727,2.484164237976074
6139,2000,SRB,7694608.0,45972177454.0,9.81999969482422,0.0,22.350000381469727,2.484164237976074
6140,2001,SRB,7651927.0,49551965376.0,9.890000343322754,0.0,22.850000381469727,2.484164237976074
6141,2002,SRB,7616741.0,54169287385.0,9.93000030517578,0.0,23.520000457763672,2.484164237976074
6142,2003,SRB,7590946.0,57670215281.0,8.739999771118164,0.0,25.700000762939453,2.484164237976074
6143,2004,SRB,7565843.0,64122161308.0,10.619999885559082,0.0,26.770000457763672,2.484164237976074
6144,2005,SRB,7539139.0,69083768076.0,11.40999984741211,0.0,24.6299991607666,2.484164237976074
6145,2006,SRB,7511395.0,74079355840.0,10.350000381469728,0.0,25.959999084472656,2.484164237976074
6146,2007,SRB,7482996.0,80235729936.0,9.460000038146973,0.0,26.709999084472656,2.3077199459075928
6147,2008,SRB,7454285.0,86433151884.0,9.5600004196167,0.0,27.600000381469727,2.150599718093872
6148,2009,SRB,7425346.0,85543117613.0,10.539999961853027,0.0,27.690000534057617,2.0472097396850586
6149,2010,SRB,7395872.0,88047936265.0,11.890000343322754,0.0,25.950000762939453,2.031320571899414
6150,2011,SRB,7364858.0,91032746041.0,8.670000076293945,0.0,29.670000076293945,2.054312229156494
6151,2012,SRB,7324624.0,90412315334.0,9.300000190734863,0.0,27.209999084472656,1.931373119354248
6152,2013,SRB,7276183.0,93027618312.0,10.220000267028809,0.0,29.5,1.852115511894226
6153,2014,SRB,7227203.0,91548933459.0,11.029999732971191,0.0,22.86000061035156,1.6404294967651367
6154,2015,SRB,7177257.0,93202353035.0,10.109999656677246,0.0,27.979999542236328,1.8296555280685425
6155,2016,SRB,7126083.0,96313997829.0,10.859999656677246,0.0,28.18000030517578,1.808034896850586
6156,2017,SRB,7073507.0,98337716405.0,9.289999961853027,0.0,27.43000030517578,1.84420645236969
6157,2018,SRB,7020014.0,102758122729.0,10.899999618530272,0.0,26.030000686645508,1.762144923210144
6158,2019,SRB,6966155.0,107209329080.0,10.510000228881836,0.0,26.59000015258789,1.688808798789978
6159,2020,SRB,6907814.0,106240984752.0,10.15999984741211,0.0,27.3700008392334,1.6757991313934326
6160,2021,SRB,6835429.0,114262090563.0,12.550000190734863,0.0,24.959999084472656,1.62993586063385
6161,2022,SRB,6791215.0,116834638171.0,9.81999969482422,0.0,24.76000022888184,1.5262398719787598
6162,2023,SRB,6773204.0,116834638171.0,13.75,0.0,25.1299991607666,1.5262398719787598
6163,2024,SRB,6736217.0,116834638171.0,11.850000381469728,0.0,24.6299991607666,1.5262398719787598
6164,2025,SRB,6689038.0,116834638171.0,10.18000030517578,0.0,25.479999542236328,1.5262398719787598
6165,1990,SYC,74000.0,584969000.0,0.0,0.0,0.1299999952316284,3.0855867862701416
6166,1991,SYC,74838.0,617088515.0,0.0,0.0,0.1299999952316284,3.316488981246948
6167,1992,SYC,75630.0,679250956.0,0.0,0.0,0.1299999952316284,2.9874303340911865
6168,1993,SYC,76420.0,730723726.0,0.0,0.0,0.1299999952316284,2.8548619747161865
6169,1994,SYC,77279.0,744501064.0,0.0,0.0,0.1299999952316284,2.8020315170288086
6170,1995,SYC,78144.0,760132177.0,0.0,0.0,0.1299999952316284,2.8411033153533936
6171,1996,SYC,78901.0,795643257.0,0.0,0.0,0.1299999952316284,2.7215209007263184
6172,1997,SYC,79670.0,929711785.0,0.0,0.0,0.1299999952316284,2.4669029712677
6173,1998,SYC,80738.0,1062691437.0,0.0,0.0,0.1299999952316284,2.158207654953003
6174,1999,SYC,82033.0,1110391394.0,0.0,0.0,0.1299999952316284,2.065500497817993
6175,2000,SYC,83339.0,1136006730.0,0.0,0.0,0.1299999952316284,3.310680627822876
6176,2001,SYC,84621.0,1137693046.0,0.0,0.0,0.1299999952316284,3.5560290813446045
6177,2002,SYC,85878.0,1181094301.0,0.0,0.0,0.1500000059604644,2.982748985290528
6178,2003,SYC,87056.0,1134551439.0,0.0,0.0,0.1500000059604644,3.097470998764038
6179,2004,SYC,88175.0,1140079489.0,0.0,0.0,0.1500000059604644,4.302277088165283
6180,2005,SYC,89288.0,1274495332.0,0.0,0.0,0.2000000029802322,3.5055994987487797
6181,2006,SYC,90391.0,1430092128.0,0.0,0.0,0.209999993443489,3.319212913513184
6182,2007,SYC,91483.0,1619623050.0,0.0,0.0,0.2199999988079071,2.40947699546814
6183,2008,SYC,92563.0,1625802984.0,0.0,0.0,0.2199999988079071,2.6165661811828613
6184,2009,SYC,93644.0,1630727660.0,0.0,0.0,0.2300000041723251,2.843499660491944
6185,2010,SYC,94993.0,1772951640.0,0.0,0.0,0.25,2.365208387374878
6186,2011,SYC,97041.0,1917505000.0,0.0,0.0,0.2599999904632568,1.8777623176574707
6187,2012,SYC,99565.0,1991700000.0,0.0,0.0,0.270000010728836,2.080153703689575
6188,2013,SYC,102108.0,2096276000.0,0.0099999997764825,0.0,0.2800000011920929,1.779213547706604
6189,2014,SYC,104663.0,2231000000.0,0.0099999997764825,0.0,0.2899999916553497,1.955233454704285
6190,2015,SYC,107247.0,2363480000.0,0.0099999997764825,0.0,0.3000000119209289,1.912487506866455
6191,2016,SYC,109836.0,2658740126.0,0.0099999997764825,0.0,0.3199999928474426,1.8937442302703855
6192,2017,SYC,112443.0,2824383463.0,0.0099999997764825,0.0,0.3300000131130218,1.8586668968200684
6193,2018,SYC,115053.0,2983293782.0,0.0099999997764825,0.0,0.3400000035762787,1.4185409545898438
6194,2019,SYC,117662.0,3137071789.0,0.0399999991059303,0.0,0.3499999940395355,1.223149061203003
6195,2020,SYC,120299.0,2871729130.0,0.0700000002980232,0.0,0.3400000035762787,1.251734495162964
6196,2021,SYC,123000.0,2944095268.0,0.0799999982118606,0.0,0.3400000035762787,1.1570067405700684
6197,2022,SYC,125533.0,3053368129.0,0.0900000035762786,0.0,0.3499999940395355,1.1811386346817017
6198,2023,SYC,127961.0,3053368129.0,0.0900000035762786,0.0,0.3499999940395355,1.1811386346817017
6199,2024,SYC,130436.0,3053368129.0,0.1000000014901161,0.0,0.3499999940395355,1.1811386346817017
6200,1990,SLE,4196834.0,6912780000.0,0.0099999997764825,0.0,0.050000000745058,0.6187142133712769
6201,1991,SLE,4246268.0,6361130421.0,0.0099999997764825,0.0,0.050000000745058,0.7122654318809509
6202,1992,SLE,4166368.0,5753194720.0,0.0099999997764825,0.0,0.050000000745058,0.5692428946495056
6203,1993,SLE,4157128.0,5761167651.0,0.0099999997764825,0.0,0.050000000745058,0.5675252079963684
6204,1994,SLE,4173111.0,5967832311.0,0.0099999997764825,0.0,0.050000000745058,0.5200711488723755
6205,1995,SLE,4179178.0,5367842746.0,0.0099999997764825,0.0,0.050000000745058,0.6649713516235352
6206,1996,SLE,4199215.0,4041803222.0,0.0099999997764825,0.0,0.050000000745058,0.8701608180999756
6207,1997,SLE,4253710.0,3333148709.0,0.0099999997764825,0.0,0.050000000745058,1.1092859506607056
6208,1998,SLE,4295783.0,3306704220.0,0.0099999997764825,0.0,0.050000000745058,1.1181625127792358
6209,1999,SLE,4318047.0,3041564615.0,0.0099999997764825,0.0,0.050000000745058,1.2156351804733276
6210,2000,SLE,4423615.0,3156875905.0,0.0099999997764825,0.0,0.050000000745058,0.5848399996757507
6211,2001,SLE,4692715.0,3731874073.0,0.0099999997764825,0.0,0.0799999982118606,0.6226876974105835
6212,2002,SLE,4971435.0,4723203819.0,0.0199999995529651,0.0,0.0900000035762786,0.4947952926158905
6213,2003,SLE,5177686.0,5165014591.0,0.0199999995529651,0.0,0.0900000035762786,0.4650442898273468
6214,2004,SLE,5355715.0,5509297894.0,0.0199999995529651,0.0,0.0700000002980232,0.4351249635219574
6215,2005,SLE,5501707.0,5761186841.0,0.0199999995529651,0.0,0.0399999991059303,0.3756919503211975
6216,2006,SLE,5624464.0,6009264027.0,0.0,0.0,0.0299999993294477,0.4415244162082672
6217,2007,SLE,5749353.0,6495486321.0,0.0199999995529651,0.0,0.0299999993294477,0.3816368281841278
6218,2008,SLE,5894728.0,6848797957.0,0.0199999995529651,0.0,0.0299999993294477,0.3560527861118316
6219,2009,SLE,6055655.0,7073732794.0,0.0199999995529651,0.0,0.0299999993294477,0.3462065160274505
6220,2010,SLE,6222715.0,7455363914.0,0.1199999973177909,0.0,0.0099999997764825,0.3649837672710418
6221,2011,SLE,6387258.0,7933356000.0,0.1500000059604644,0.0,0.0099999997764825,0.435710608959198
6222,2012,SLE,6551078.0,9134190000.0,0.1199999973177909,0.0,0.0399999991059303,0.4311769008636474
6223,2013,SLE,6714057.0,11029545000.0,0.1000000014901161,0.0,0.0399999991059303,0.4203194081783294
6224,2014,SLE,6876385.0,11528208000.0,0.1199999973177909,0.0,0.0199999995529651,0.4407212436199188
6225,2015,SLE,7037660.0,9188877000.0,0.1199999973177909,0.0,0.0299999993294477,0.4484782814979553
6226,2016,SLE,7205339.0,9765347713.0,0.1299999952316284,0.0,0.050000000745058,0.4320248067378998
6227,2017,SLE,7379300.0,10128155156.0,0.1400000005960464,0.0,0.0599999986588954,0.4123299121856689
6228,2018,SLE,7554568.0,10480967104.0,0.1800000071525573,0.0,0.0599999986588954,0.4338158667087555
6229,2019,SLE,7731994.0,11031662186.0,0.1899999976158142,0.0,0.0099999997764825,0.4108910858631134
6230,2020,SLE,7912557.0,10814455084.0,0.1899999976158142,0.0,0.0099999997764825,0.4246697425842285
6231,2021,SLE,8094603.0,11258356071.0,0.1899999976158142,0.0,0.0099999997764825,0.4952712059020996
6232,2022,SLE,8276809.0,11681270534.0,0.1899999976158142,0.0,0.0099999997764825,0.4743470251560211
6233,2023,SLE,8460523.0,11681270534.0,0.2000000029802322,0.0,0.0099999997764825,0.4743470251560211
6234,2024,SLE,8642029.0,11681270534.0,0.2000000029802322,0.0,0.0099999997764825,0.4743470251560211
6235,1990,SGP,3039593.0,69065570813.0,0.0850000008940696,272.832275390625,20.809999465942383,3.954265594482422
6236,1991,SGP,3136294.0,74103369043.0,0.2450000047683715,277.5328674316406,20.809999465942383,3.7557663917541504
6237,1992,SGP,3226461.0,80052595653.0,0.2450000047683715,297.80535888671875,20.809999465942383,3.729891538619995
6238,1993,SGP,3317892.0,89698198294.0,0.2450000047683715,325.4298400878906,20.809999465942383,3.636772155761719
6239,1994,SGP,3417818.0,100708565980.0,0.2450000047683715,372.3014221191406,20.809999465942383,3.7045857906341553
6240,1995,SGP,3533624.0,109097198275.0,0.2450000047683715,388.1588134765625,20.809999465942383,3.5650856494903564
6241,1996,SGP,3664566.0,120135527253.0,0.2450000047683715,391.6950378417969,20.809999465942383,3.266953229904175
6242,1997,SGP,3796629.0,132363368332.0,0.2450000047683715,412.0185546875,20.809999465942383,3.118692398071289
6243,1998,SGP,3901418.0,131914179626.0,0.2450000047683715,417.7271728515625,20.809999465942383,3.1725873947143555
6244,1999,SGP,3966562.0,139187634120.0,0.2450000047683715,413.5440979003906,20.809999465942383,2.976745843887329
6245,2000,SGP,4035251.0,152153574500.0,0.4900000095367431,442.2323303222656,20.809999465942383,2.9116268157958984
6246,2001,SGP,4116169.0,152550774197.0,0.6899999976158142,499.2105712890625,19.780000686645508,3.282320499420166
6247,2002,SGP,4146898.0,157982989858.0,0.7699999809265137,480.730224609375,20.31999969482422,3.052481412887573
6248,2003,SGP,4138241.0,160287778605.0,0.9900000095367432,452.6936645507813,20.149999618530277,2.8341140747070312
6249,2004,SGP,4172767.0,175483138246.0,0.959999978542328,511.9915771484375,20.459999084472656,2.9263246059417725
6250,2005,SGP,4268363.0,190691514722.0,0.959999978542328,540.7776489257812,20.850000381469727,2.8438727855682373
6251,2006,SGP,4407064.0,211578605777.0,0.949999988079071,597.3121948242188,21.299999237060547,2.8302698135375977
6252,2007,SGP,4596516.0,237920174358.0,0.9900000095367432,646.9110717773438,22.1200008392334,2.7256484031677246
6253,2008,SGP,4806742.0,252508208683.0,1.0399999618530271,688.9361572265625,22.26000022888184,2.734959602355957
6254,2009,SGP,4968574.0,256114472232.0,1.0499999523162842,740.3157348632812,22.299999237060547,2.897152900695801
6255,2010,SGP,5077020.0,297586792174.0,1.1799999475479126,790.150146484375,24.479999542236328,2.661519289016724
6256,2011,SGP,5182242.0,319718127421.0,1.2000000476837158,822.2144165039062,24.75,2.5777699947357178
6257,2012,SGP,5293345.0,333899221028.0,1.2699999809265137,829.2197875976562,24.670000076293945,2.4895882606506348
6258,2013,SGP,5385589.0,349985256634.0,1.690000057220459,840.8421020507812,24.350000381469727,2.4090416431427
6259,2014,SGP,5457899.0,363759075569.0,1.3799999952316284,858.0234985351562,24.989999771118164,2.3654773235321045
6260,2015,SGP,5525343.0,374587437267.0,1.4600000381469729,908.89453125,25.489999771118164,2.4336607456207275
6261,2016,SGP,5577936.0,388078809982.0,1.5,958.0966186523438,26.1299991607666,2.4760231971740723
6262,2017,SGP,5604087.0,405715948493.0,1.5099999904632568,983.2948608398438,26.520000457763672,2.4305062294006348
6263,2018,SGP,5634366.0,420221993120.0,1.4900000095367432,990.7857666015624,26.86000061035156,2.364410877227783
6264,2019,SGP,5669562.0,425816263950.0,1.5099999904632568,971.5674438476562,27.399999618530277,2.2885630130767822
6265,2020,SGP,5620151.0,409204971045.0,1.4900000095367432,910.4096069335938,26.780000686645508,2.232061624526977
6266,2021,SGP,5546291.0,445551993008.0,1.6200000047683716,908.8606567382812,28.239999771118164,2.0470032691955566
6267,2022,SGP,5649888.0,461801118473.0,2.3299999237060547,890.7960815429688,28.700000762939453,1.9394278526306152
6268,2023,SGP,5789092.0,461801118473.0,2.5999999046325684,986.2388916015624,28.709999084472656,1.9394278526306152
6269,2024,SGP,5832387.0,461801118473.0,2.940000057220459,1047.9288330078125,29.729999542236328,1.9394278526306152
6270,2025,SGP,5870749.0,461801118473.0,3.299999952316284,1047.9288330078125,29.899999618530277,1.9394278526306152
6271,1990,SVK,5266077.0,65119612994.0,1.8799999952316284,208.6422882080078,7.730000019073486,3.813808679580689
6272,1991,SVK,5284876.0,55297380289.0,1.409999966621399,184.85728454589844,7.730000019073486,4.018064498901367
6273,1992,SVK,5306445.0,51864851101.0,1.940000057220459,176.6600341796875,7.730000019073486,4.121138572692871
6274,1993,SVK,5326363.0,55439229551.0,3.470000028610229,167.13253784179688,7.730000019073486,3.787500381469727
6275,1994,SVK,5343230.0,58762730616.0,4.360000133514404,158.22706604003906,7.730000019073486,3.5199735164642334
6276,1995,SVK,5354287.0,63261333115.0,4.880000114440918,162.86651611328125,7.730000019073486,3.3155999183654785
6277,1996,SVK,5362430.0,67378056744.0,4.230000019073486,166.78402709960938,7.730000019073486,3.134587526321411
6278,1997,SVK,5369781.0,71311497148.0,4.059999942779541,163.88438415527344,7.730000019073486,2.907264709472656
6279,1998,SVK,5374801.0,74015465370.0,4.269999980926514,164.57278442382812,7.730000019073486,2.8307721614837646
6280,1999,SVK,5378105.0,73695869861.0,4.46999979019165,160.84410095214844,7.730000019073486,2.8670990467071533
6281,2000,SVK,5380001.0,74595099937.0,4.610000133514404,157.79873657226562,7.730000019073486,2.925757884979248
6282,2001,SVK,5379439.0,76744257548.0,5.079999923706055,161.0380401611328,7.96999979019165,2.926058292388916
6283,2002,SVK,5377685.0,80059373942.0,5.420000076293945,160.249755859375,7.25,2.8282361030578613
6284,2003,SVK,5376197.0,84281952821.0,3.5799999237060547,159.7335968017578,7.96999979019165,2.60889744758606
6285,2004,SVK,5376038.0,88594621302.0,4.130000114440918,156.05616760253906,7.710000038146973,2.427269458770752
6286,2005,SVK,5376697.0,94444699022.0,4.679999828338623,164.04571533203125,7.5,2.395766496658325
6287,2006,SVK,5376847.0,102275719553.0,4.809999942779541,156.72520446777344,7.21999979019165,2.1527931690216064
6288,2007,SVK,5376993.0,113160253049.0,4.929999828338623,150.209716796875,6.550000190734863,1.825984239578247
6289,2008,SVK,5379127.0,119380219073.0,4.570000171661377,153.30853271484375,6.420000076293945,1.7775859832763672
6290,2009,SVK,5385074.0,112760232233.0,4.920000076293945,139.6745147705078,5.730000019073486,1.7055463790893557
6291,2010,SVK,5391857.0,118344324253.0,5.949999809265137,148.7996826171875,5.630000114440918,1.736457586288452
6292,2011,SVK,5398105.0,120554965758.0,5.0,141.4141845703125,6.059999942779541,1.6398441791534424
6293,2012,SVK,5404877.0,122144694992.0,5.46999979019165,132.59754943847656,5.760000228881836,1.5546588897705078
6294,2013,SVK,5410422.0,122917618179.0,6.360000133514404,134.54913330078125,5.179999828338623,1.5830687284469604
6295,2014,SVK,5415238.0,126232947119.0,6.239999771118164,121.68817138671876,4.690000057220459,1.4348069429397583
6296,2015,SVK,5420278.0,132755573802.0,6.050000190734863,125.02033996582033,4.71999979019165,1.3783973455429075
6297,2016,SVK,5427262.0,135336424966.0,6.630000114440918,126.5145034790039,4.75,1.365070104598999
6298,2017,SVK,5435702.0,139312659832.0,6.539999961853027,136.09901428222656,5.019999980926514,1.3968199491500854
6299,2018,SVK,5443229.0,144927513498.0,5.809999942779541,135.67352294921875,5.110000133514404,1.319940209388733
6300,2019,SVK,5450627.0,148579167627.0,6.650000095367432,125.96815490722656,4.829999923706055,1.2441105842590332
6301,2020,SVK,5455028.0,143565091421.0,6.849999904632568,121.47111511230467,4.519999980926514,1.2616256475448608
6302,2021,SVK,5442766.0,147892579134.0,6.769999980926514,135.0719451904297,4.96999979019165,1.3200335502624512
6303,2022,SVK,5473195.0,150360426456.0,5.820000171661377,122.05522918701172,3.7699999809265137,1.1964110136032104
6304,2023,SVK,5518057.0,150360426456.0,6.710000038146973,118.4481964111328,3.400000095367432,1.1964110136032104
6305,2024,SVK,5506759.0,150360426456.0,7.099999904632568,114.55679321289062,2.8499999046325684,1.1964110136032104
6306,2025,SVK,5474874.0,150360426456.0,5.449999809265137,114.55679321289062,2.759999990463257,1.1964110136032104
6307,1990,SVN,1998010.0,36026961823.0,2.950000047683716,47.24000930786133,4.920000076293945,1.9193706512451167
6308,1991,SVN,1999191.0,32795388629.0,3.609999895095825,44.55197143554688,4.920000076293945,2.112253189086914
6309,1992,SVN,1995862.0,30913203776.0,3.4200000762939453,43.35563659667969,4.920000076293945,2.0944182872772217
6310,1993,SVN,1990815.0,31743130038.0,3.039999961853028,46.4031982421875,4.920000076293945,2.098182439804077
6311,1994,SVN,1988262.0,33346742100.0,3.400000095367432,47.74195098876953,4.920000076293945,2.1252710819244385
6312,1995,SVN,1988098.0,35684022325.0,3.25,51.17351913452149,4.920000076293945,2.083569049835205
6313,1996,SVN,1986792.0,36825997171.0,3.670000076293945,54.2291374206543,4.920000076293945,2.11861515045166
6314,1997,SVN,1984404.0,38526556210.0,3.0899999141693115,56.38943099975586,4.920000076293945,2.070545196533203
6315,1998,SVN,1980071.0,39631442356.0,3.450000047683716,55.54023742675781,4.920000076293945,2.018178701400757
6316,1999,SVN,1981198.0,41542298475.0,3.7699999809265137,54.61709976196289,4.920000076293945,1.904016137123108
6317,2000,SVN,1986817.0,43078787444.0,3.900000095367432,53.3946533203125,4.920000076293945,1.8214211463928225
6318,2001,SVN,1989684.0,44148368411.0,3.869999885559082,56.02838134765625,5.320000171661377,1.8625833988189695
6319,2002,SVN,1991571.0,45659924240.0,3.4100000858306885,56.320831298828125,5.639999866485596,1.7915037870407104
6320,2003,SVN,1992499.0,46758348275.0,3.0799999237060547,56.78142166137695,5.460000038146973,1.7160005569458008
6321,2004,SVN,1993548.0,48578174459.0,4.210000038146973,57.86120223999024,5.559999942779541,1.75270414352417
6322,2005,SVN,1996915.0,50309132737.0,3.569999933242798,58.879638671875,5.599999904632568,1.6956889629364014
6323,2006,SVN,2003116.0,52944721543.0,3.700000047683716,60.09678649902344,5.800000190734863,1.6211347579956057
6324,2007,SVN,2014159.0,56590130937.0,3.380000114440918,60.19789123535156,5.849999904632568,1.5087288618087769
6325,2008,SVN,2025090.0,57981920900.0,4.309999942779541,64.2314224243164,5.75,1.6152615547180176
6326,2009,SVN,2035610.0,53266134006.0,4.900000095367432,56.885528564453125,5.599999904632568,1.6222589015960691
6327,2010,SVN,2044611.0,53649775101.0,4.75,57.697715759277344,5.75,1.613551378250122
6328,2011,SVN,2048805.0,53761447942.0,3.880000114440918,56.359169006347656,5.710000038146973,1.5631829500198364
6329,2012,SVN,2053322.0,52342432631.0,4.329999923706055,54.52996063232422,5.590000152587891,1.560092210769653
6330,2013,SVN,2056452.0,51803647300.0,5.110000133514404,52.1878547668457,5.320000171661377,1.5593225955963137
6331,2014,SVN,2058395.0,53237651266.0,6.599999904632568,47.77526092529297,4.190000057220459,1.5564366579055786
6332,2015,SVN,2059946.0,54414237086.0,4.349999904632568,47.92472839355469,4.690000057220459,1.3730875253677368
6333,2016,SVN,2061379.0,56151179265.0,5.059999942779541,51.2789421081543,5.289999961853027,1.42219877243042
6334,2017,SVN,2062410.0,58855036945.0,4.440000057220459,52.38447189331055,5.110000133514404,1.3715211153030396
6335,2018,SVN,2069484.0,61476689663.0,5.21999979019165,52.876686096191406,4.909999847412109,1.340198278427124
6336,2019,SVN,2083438.0,63598215879.0,5.039999961853027,50.73822021484375,4.75,1.2579329013824463
6337,2020,SVN,2102421.0,60849951865.0,5.579999923706055,45.3774299621582,4.679999828338623,1.2702617645263672
6338,2021,SVN,2113495.0,65846342756.0,5.440000057220459,46.636268615722656,4.199999809265137,1.1630398035049438
6339,2022,SVN,2115231.0,69385349463.0,4.070000171661377,44.88874053955078,3.440000057220459,1.017531156539917
6340,2023,SVN,2118394.0,69385349463.0,6.300000190734863,42.13053512573242,3.5,1.017531156539917
6341,2024,SVN,2118692.0,69385349463.0,6.869999885559082,44.32837677001953,3.849999904632568,1.017531156539917
6342,2025,SVN,2117070.0,69385349463.0,5.880000114440918,44.32837677001953,2.720000028610229,1.017531156539917
6343,1990,SLB,331448.0,0.0,0.0,0.0,0.0399999991059303,0.0
6344,1991,SLB,341743.0,0.0,0.0,0.0,0.0399999991059303,0.0
6345,1992,SLB,352215.0,0.0,0.0,0.0,0.0399999991059303,0.0
6346,1993,SLB,362850.0,0.0,0.0,0.0,0.0399999991059303,0.0
6347,1994,SLB,373685.0,0.0,0.0,0.0,0.0399999991059303,0.0
6348,1995,SLB,384744.0,0.0,0.0,0.0,0.0399999991059303,0.0
6349,1996,SLB,396017.0,0.0,0.0,0.0,0.0399999991059303,0.0
6350,1997,SLB,407480.0,0.0,0.0,0.0,0.0399999991059303,0.0
6351,1998,SLB,419078.0,0.0,0.0,0.0,0.0399999991059303,0.0
6352,1999,SLB,430511.0,0.0,0.0,0.0,0.0399999991059303,0.0
6353,2000,SLB,440481.0,0.0,0.0,0.0,0.0399999991059303,0.0
6354,2001,SLB,449137.0,0.0,0.0,0.0,0.0399999991059303,0.0
6355,2002,SLB,457676.0,0.0,0.0,0.0,0.0399999991059303,0.0
6356,2003,SLB,466164.0,0.0,0.0,0.0,0.0399999991059303,0.0
6357,2004,SLB,474618.0,0.0,0.0,0.0,0.0399999991059303,0.0
6358,2005,SLB,483090.0,0.0,0.0,0.0,0.050000000745058,0.0
6359,2006,SLB,491602.0,0.0,0.0,0.0,0.050000000745058,0.0
6360,2007,SLB,500168.0,0.0,0.0,0.0,0.050000000745058,0.0
6361,2008,SLB,508802.0,0.0,0.0,0.0,0.050000000745058,0.0
6362,2009,SLB,518150.0,0.0,0.0,0.0,0.050000000745058,0.0
6363,2010,SLB,532976.0,0.0,0.0,0.0,0.050000000745058,0.0
6364,2011,SLB,552958.0,0.0,0.0,0.0,0.050000000745058,0.0
6365,2012,SLB,573623.0,0.0,0.0,0.0,0.050000000745058,0.0
6366,2013,SLB,594952.0,0.0,0.0,0.0,0.050000000745058,0.0
6367,2014,SLB,616915.0,0.0,0.0,0.0,0.0599999986588954,0.0
6368,2015,SLB,639423.0,0.0,0.0,0.0,0.0599999986588954,0.0
6369,2016,SLB,662387.0,0.0,0.0,0.0,0.0700000002980232,0.0
6370,2017,SLB,685677.0,0.0,0.0,0.0,0.0700000002980232,0.0
6371,2018,SLB,709109.0,0.0,0.0,0.0,0.0700000002980232,0.0
6372,2019,SLB,728156.0,0.0,0.0,0.0,0.0700000002980232,0.0
6373,2020,SLB,744505.0,0.0,0.0,0.0,0.0700000002980232,0.0
6374,2021,SLB,762594.0,0.0,0.0,0.0,0.0700000002980232,0.0
6375,2022,SLB,781075.0,0.0,0.0099999997764825,0.0,0.0700000002980232,0.0
6376,2023,SLB,800014.0,0.0,0.0099999997764825,0.0,0.0700000002980232,0.0
6377,2024,SLB,819206.0,0.0,0.0099999997764825,0.0,0.0700000002980232,0.0
6378,1990,SOM,7082816.0,0.0,0.0,0.0,0.1599999964237213,0.0
6379,1991,SOM,6813762.0,0.0,0.0,0.0,0.1599999964237213,0.0
6380,1992,SOM,6495109.0,0.0,0.0,0.0,0.1599999964237213,0.0
6381,1993,SOM,6681406.0,0.0,0.0,0.0,0.1599999964237213,0.0
6382,1994,SOM,7026804.0,0.0,0.0,0.0,0.1599999964237213,0.0
6383,1995,SOM,7285013.0,0.0,0.0,0.0,0.1599999964237213,0.0
6384,1996,SOM,7554476.0,0.0,0.0,0.0,0.1599999964237213,0.0
6385,1997,SOM,7824531.0,0.0,0.0,0.0,0.1599999964237213,0.0
6386,1998,SOM,8155414.0,0.0,0.0,0.0,0.1599999964237213,0.0
6387,1999,SOM,8492066.0,0.0,0.0,0.0,0.1599999964237213,0.0
6388,2000,SOM,8838714.0,0.0,0.0,0.0,0.1599999964237213,0.0
6389,2001,SOM,9198495.0,0.0,0.0,0.0,0.1700000017881393,0.0
6390,2002,SOM,9550069.0,0.0,0.0,0.0,0.1800000071525573,0.0
6391,2003,SOM,9909161.0,0.0,0.0,0.0,0.1800000071525573,0.0
6392,2004,SOM,10281001.0,0.0,0.0,0.0,0.1800000071525573,0.0
6393,2005,SOM,10644234.0,0.0,0.0,0.0,0.1899999976158142,0.0
6394,2006,SOM,10975502.0,0.0,0.0,0.0,0.2000000029802322,0.0
6395,2007,SOM,11322581.0,0.0,0.0,0.0,0.2000000029802322,0.0
6396,2008,SOM,11663090.0,0.0,0.0,0.0,0.209999993443489,0.0
6397,2009,SOM,11961205.0,0.0,0.0,0.0,0.2199999988079071,0.0
6398,2010,SOM,12261761.0,0.0,0.0,0.0,0.2199999988079071,0.0
6399,2011,SOM,12348829.0,0.0,0.0,0.0,0.2199999988079071,0.0
6400,2012,SOM,12461163.0,0.0,0.0,0.0,0.2199999988079071,0.0
6401,2013,SOM,12869599.0,0.0,0.0,0.0,0.2300000041723251,0.0
6402,2014,SOM,13339497.0,0.0,0.0,0.0,0.2300000041723251,0.0
6403,2015,SOM,13806969.0,0.0,0.0,0.0,0.2300000041723251,0.0
6404,2016,SOM,14348741.0,0.0,0.0099999997764825,0.0,0.2300000041723251,0.0
6405,2017,SOM,14916630.0,0.0,0.0199999995529651,0.0,0.2300000041723251,0.0
6406,2018,SOM,15452489.0,0.0,0.0199999995529651,0.0,0.2300000041723251,0.0
6407,2019,SOM,16030969.0,0.0,0.0199999995529651,0.0,0.2300000041723251,0.0
6408,2020,SOM,16651200.0,0.0,0.0299999993294477,0.0,0.2199999988079071,0.0
6409,2021,SOM,17271435.0,0.0,0.0399999991059303,0.0,0.2199999988079071,0.0
6410,2022,SOM,17801895.0,0.0,0.0799999982118606,0.0,0.2199999988079071,0.0
6411,2023,SOM,18358622.0,0.0,0.0799999982118606,0.0,0.2199999988079071,0.0
6412,2024,SOM,19009155.0,0.0,0.0900000035762786,0.0,0.2199999988079071,0.0
6413,1990,ZAF,40746274.0,235128506976.0,1.0099999904632568,1002.7081298828124,168.41000366210938,4.379175186157227
6414,1991,ZAF,41687903.0,237880804016.0,1.9800000190734863,990.447021484375,168.41000366210938,4.297312259674072
6415,1992,ZAF,42443510.0,238567245851.0,0.7520000338554382,998.459716796875,168.41000366210938,4.305026054382324
6416,1993,ZAF,43297155.0,247203444018.0,0.1460000425577163,1004.2401123046876,168.41000366210938,4.147426128387451
6417,1994,ZAF,44004140.0,261851802567.0,1.0739998817443848,1038.6177978515625,168.41000366210938,4.08364200592041
6418,1995,ZAF,44541557.0,277583803133.0,0.5289999842643738,1083.8853759765625,168.41000366210938,4.025870323181152
6419,1996,ZAF,45123023.0,296908021392.0,1.3789998292922974,1102.2591552734375,168.41000366210938,3.838773727416992
6420,1997,ZAF,45666835.0,311987478453.0,2.23799991607666,1123.004638671875,168.41000366210938,3.73586368560791
6421,1998,ZAF,46223888.0,320149741740.0,1.825999975204468,1100.9786376953125,168.41000366210938,3.576531171798706
6422,1999,ZAF,46730331.0,334638442219.0,0.9229998588562012,1144.5438232421875,168.41000366210938,3.537383794784546
6423,2000,ZAF,47159715.0,356072104365.0,1.5800000429153442,1143.65966796875,168.41000366210938,3.32905387878418
6424,2001,ZAF,47566805.0,374889022813.0,2.140000104904175,1154.8802490234375,169.38999938964844,3.178370952606201
6425,2002,ZAF,48019414.0,396137571619.0,2.559999942779541,1119.4598388671875,176.9600067138672,2.9311156272888184
6426,2003,ZAF,48500351.0,413710071358.0,1.2699999809265137,1218.41455078125,189.17999267578125,3.040675401687622
6427,2004,ZAF,48991420.0,439265862379.0,1.3600000143051147,1331.1419677734375,197.3800048828125,3.125151872634888
6428,2005,ZAF,49490041.0,470188845104.0,1.7899999618530271,1263.037841796875,199.0500030517578,2.7634036540985107
6429,2006,ZAF,49998271.0,505574497707.0,3.3399999141693115,1288.9866943359375,206.47000122070312,2.6228787899017334
6430,2007,ZAF,50528575.0,542976204451.0,3.3299999237060547,1321.1336669921875,213.44000244140625,2.508753538131714
6431,2008,ZAF,51114595.0,571660802378.0,1.7599999904632568,1418.9344482421875,209.05999755859372,2.553431510925293
6432,2009,ZAF,51728518.0,574768021657.0,1.950000047683716,1412.9556884765625,201.6199951171875,2.528348922729492
6433,2010,ZAF,52344047.0,607601612432.0,1.590000033378601,1423.1934814453125,209.6499938964844,2.409454822540283
6434,2011,ZAF,52995212.0,645388107070.0,3.5299999713897705,1401.5009765625,210.9199981689453,2.240843772888184
6435,2012,ZAF,53782570.0,660853021773.0,1.5099999904632568,1384.67822265625,208.1100006103516,2.1549477577209477
6436,2013,ZAF,54678789.0,677278303675.0,1.6699999570846558,1387.7362060546875,204.67999267578125,2.112231492996216
6437,2014,ZAF,55594840.0,686853872664.0,4.309999942779541,1399.7930908203125,201.6699981689453,2.10822868347168
6438,2015,ZAF,56723536.0,695933197143.0,6.519999980926514,1364.4742431640625,197.77999877929688,2.0338387489318848
6439,2016,ZAF,57259550.0,700558003750.0,8.170000076293945,1418.19873046875,197.0399932861328,2.1126883029937744
6440,2017,ZAF,57635158.0,708670169977.0,12.130000114440918,1405.1236572265625,196.17999267578125,2.081563234329224
6441,2018,ZAF,58613001.0,719458334697.0,12.479999542236328,1346.2918701171875,198.5500030517578,1.959612250328064
6442,2019,ZAF,59587880.0,721641639539.0,13.199999809265137,1403.2806396484375,193.41000366210935,2.039389371871948
6443,2020,ZAF,60562374.0,675871755463.0,15.270000457763672,1336.4056396484375,183.72000122070312,2.0708022117614746
6444,2021,ZAF,61502602.0,709077881289.0,18.920000076293945,1326.3787841796875,182.00999450683597,1.9823637008666992
6445,2022,ZAF,62378417.0,723559323969.0,23.6200008392334,1269.0343017578125,174.36000061035156,1.860482096672058
6446,2023,ZAF,63212386.0,723559323969.0,28.8799991607666,1293.332763671875,166.4199981689453,1.860482096672058
6447,2024,ZAF,64007187.0,723559323969.0,30.96999931335449,1291.9354248046875,177.55999755859375,1.860482096672058
6448,2025,ZAF,64747319.0,723559323969.0,33.099998474121094,1291.9354248046875,169.75999450683594,1.860482096672058
6449,1990,KOR,44081425.0,594764506000.0,4.684946060180664,914.8223266601562,134.07000732421875,1.8137297630310056
6450,1991,KOR,44439146.0,651871510125.0,3.487046003341675,1054.8408203125,134.07000732421875,1.8791043758392332
6451,1992,KOR,44653699.0,687368661445.0,3.099448204040528,1207.1656494140625,134.07000732421875,2.0029077529907227
6452,1993,KOR,44887721.0,729369247675.0,4.230548858642578,1332.4912109375,134.07000732421875,2.070239305496216
6453,1994,KOR,45130842.0,791073852664.0,2.3490920066833496,1458.5252685546875,134.07000732421875,2.062885046005249
6454,1995,KOR,45368425.0,860793752056.0,3.01192307472229,1581.2484130859375,134.07000732421875,2.068333148956299
6455,1996,KOR,45638701.0,919812618896.0,2.8303568363189697,1747.2908935546875,134.07000732421875,2.1368660926818848
6456,1997,KOR,45941541.0,967604910890.0,2.8959920406341557,1919.7847900390625,134.07000732421875,2.218982219696045
6457,1998,KOR,46230885.0,908368091121.0,4.343418121337891,1697.207275390625,134.07000732421875,2.162733554840088
6458,1999,KOR,46500382.0,1004162502333.0,4.256670951843262,1834.8604736328125,134.07000732421875,2.131042718887329
6459,2000,KOR,46766660.0,1086261690312.0,4.119999885559082,1939.438720703125,134.07000732421875,2.081264972686768
6460,2001,KOR,47043467.0,1127616204375.0,2.440000057220459,1992.182861328125,147.2899932861328,2.0534262657165527
6461,2002,KOR,47299118.0,1203066586464.0,3.430000066757202,2077.04931640625,156.97000122070312,2.0121214389801025
6462,2003,KOR,47514158.0,1229830453921.0,5.110000133514404,2121.525634765625,159.24000549316406,2.030571699142456
6463,2004,KOR,47697076.0,1281243847324.0,4.659999847412109,2189.604736328125,170.25,2.0016353130340576
6464,2005,KOR,47851646.0,1322354601142.0,4.070000171661377,2227.56884765625,175.10000610351562,1.9984331130981443
6465,2006,KOR,48006518.0,1381281470156.0,3.9800000190734863,2267.9873046875,181.82000732421875,1.9446015357971191
6466,2007,KOR,48178122.0,1446721509093.0,4.460000038146973,2363.98046875,201.4900054931641,1.9116915464401243
6467,2008,KOR,48356485.0,1477425172333.0,4.440000057220459,2394.280029296875,211.2400054931641,1.906110763549805
6468,2009,KOR,48546690.0,1477640571750.0,4.610000133514404,2420.80859375,224.08999633789065,1.917194128036499
6469,2010,KOR,48769329.0,1562822824921.0,5.690000057220459,2640.33349609375,247.6199951171875,1.955581545829773
6470,2011,KOR,49127640.0,1609219825000.0,7.400000095367432,2773.870361328125,257.57000732421875,1.993730902671814
6471,2012,KOR,49599580.0,1647889319531.0,8.170000076293945,2819.798828125,266.6099853515625,1.9678771495819087
6472,2013,KOR,50071168.0,1700045113031.0,10.229999542236328,2845.7236328125,274.8900146484375,1.907228112220764
6473,2014,KOR,50539055.0,1754480590300.0,12.890000343322754,2820.215576171875,266.6199951171875,1.86344051361084
6474,2015,KOR,50983909.0,1803763858886.0,15.199999809265137,2844.945556640625,267.1300048828125,1.840877652168274
6475,2016,KOR,51297836.0,1856920794289.0,18.1299991607666,2964.030029296875,274.5299987792969,1.8519593477249143
6476,2017,KOR,51486268.0,1915599559593.0,22.32999992370605,3029.38671875,294.82000732421875,1.81641149520874
6477,2018,KOR,51640894.0,1971285914824.0,27.799999237060547,3135.622314453125,307.6099853515625,1.80723249912262
6478,2019,KOR,51767844.0,2015521635585.0,33.0099983215332,3044.450927734375,291.6199951171875,1.744429111480713
6479,2020,KOR,51858481.0,2001231642062.0,40.400001525878906,2863.89404296875,264.1000061035156,1.693811535835266
6480,2021,KOR,51848401.0,2084182684453.0,48.09999847412109,3032.615478515625,279.239990234375,1.714493751525879
6481,2022,KOR,51782515.0,2137558645699.0,55.4900016784668,3016.08837890625,272.7300109863281,1.6933194398880005
6482,2023,KOR,51748744.0,2137558645699.0,59.06999969482422,2935.33642578125,263.8500061035156,1.6933194398880005
6483,2024,KOR,51717587.0,2137558645699.0,60.720001220703125,2969.06591796875,259.8500061035156,1.6933194398880005
6484,2025,KOR,51667035.0,2137558645699.0,64.93000030517578,2969.06591796875,260.5199890136719,1.6933194398880005
6485,2012,SSD,10756245.0,0.0,0.0,0.0,0.2899999916553497,0.0
6486,2013,SSD,11166280.0,0.0,0.0,0.0,0.3100000023841858,0.0
6487,2014,SSD,11235071.0,0.0,0.0,0.0,0.3199999928474426,0.0
6488,2015,SSD,11107569.0,0.0,0.0,0.0,0.3799999952316284,0.0
6489,2016,SSD,10830108.0,0.0,0.0,0.0,0.3400000035762787,0.0
6490,2017,SSD,10259150.0,0.0,0.0,0.0,0.3600000143051147,0.0
6491,2018,SSD,10122983.0,0.0,0.0,0.0,0.3600000143051147,0.0
6492,2019,SSD,10423382.0,0.0,0.0,0.0,0.3600000143051147,0.0
6493,2020,SSD,10698471.0,0.0,0.0099999997764825,0.0,0.3600000143051147,0.0
6494,2021,SSD,10865786.0,0.0,0.0099999997764825,0.0,0.3700000047683716,0.0
6495,2022,SSD,11021175.0,0.0,0.0099999997764825,0.0,0.3300000131130218,0.0
6496,2023,SSD,11483370.0,0.0,0.0099999997764825,0.0,0.3600000143051147,0.0
6497,2024,SSD,11943410.0,0.0,0.0099999997764825,0.0,0.3600000143051147,0.0
6498,1990,ESP,39084975.0,756125036542.0,26.030000686645508,837.8300170898438,104.02999877929688,1.4134626388549805
6499,1991,ESP,39201750.0,786757895205.0,27.809999465942383,866.3472900390625,104.02999877929688,1.406428337097168
6500,1992,ESP,39420344.0,803260934603.0,19.600000381469727,942.7359008789062,104.02999877929688,1.4430280923843384
6501,1993,ESP,39651627.0,794221319057.0,25.1299991607666,888.1298217773438,104.02999877929688,1.4120765924453735
6502,1994,ESP,39858721.0,820138301435.0,29.059999465942383,931.8253784179688,104.02999877929688,1.4323092699050903
6503,1995,ESP,40052733.0,855020227557.0,24.3799991607666,989.6434936523438,104.02999877929688,1.42617666721344
6504,1996,ESP,40237375.0,885027554238.0,41.25,984.468017578125,104.02999877929688,1.4311059713363647
6505,1997,ESP,40423823.0,925901360531.0,36.970001220703125,1050.9442138671875,104.02999877929688,1.4230390787124634
6506,1998,ESP,40617436.0,976805803240.0,36.88999938964844,1100.6685791015625,104.02999877929688,1.410253643989563
6507,1999,ESP,40812855.0,1031651264612.0,27.209999084472656,1193.40673828125,104.02999877929688,1.3974425792694092
6508,2000,ESP,41019772.0,1094998702299.0,34.4900016784668,1242.6026611328125,104.02999877929688,1.393013596534729
6509,2001,ESP,41245602.0,1147959133197.0,49.29999923706055,1261.8175048828125,98.47000122070312,1.382521390914917
6510,2002,ESP,41755703.0,1191323484900.0,33.16999816894531,1335.6141357421875,115.61000061035156,1.3553210496902466
6511,2003,ESP,42506540.0,1239651963472.0,55.75,1358.2225341796875,110.44000244140624,1.3671425580978394
6512,2004,ESP,43234562.0,1289831715789.0,50.130001068115234,1421.2620849609375,124.2300033569336,1.3524705171585083
6513,2005,ESP,43958883.0,1348839731490.0,42.27000045776367,1491.8319091796875,137.50999450683594,1.3124834299087524
6514,2006,ESP,44695446.0,1415738502534.0,52.150001525878906,1469.74560546875,127.91999816894533,1.25946044921875
6515,2007,ESP,45516501.0,1481143208580.0,58.29999923706055,1508.342041015625,132.47000122070312,1.2344573736190796
6516,2008,ESP,46235055.0,1510615290401.0,62.150001525878906,1429.632568359375,120.88999938964844,1.1747492551803589
6517,2009,ESP,46635182.0,1468765814163.0,74.08000183105469,1287.259521484375,103.20999908447266,1.1248213052749634
6518,2010,ESP,46840469.0,1480376411582.0,97.7699966430664,1236.278076171875,85.83999633789062,1.1431872844696045
6519,2011,ESP,46998040.0,1477187548437.0,87.52999877929688,1242.4866943359375,98.33000183105467,1.124674916267395
6520,2012,ESP,47018323.0,1433478645419.0,86.97000122070312,1212.4351806640625,103.20999908447266,1.1493098735809326
6521,2013,ESP,46860394.0,1413362053623.0,111.41000366210938,1111.6864013671875,80.73999786376953,1.116862177848816
6522,2014,ESP,46720187.0,1433089409797.0,110.26000213623048,1089.4420166015625,79.30999755859375,1.084523320198059
6523,2015,ESP,46683683.0,1488098863146.0,97.08000183105467,1145.938720703125,91.0500030517578,1.0571504831314087
6524,2016,ESP,46732768.0,1533303930046.0,104.62999725341795,1132.5068359375,76.58999633789062,1.032354712486267
6525,2017,ESP,46868594.0,1578931492849.0,87.93000030517578,1197.184326171875,89.66000366210938,1.0146372318267822
6526,2018,ESP,47092817.0,1615001473949.0,103.87000274658205,1182.6397705078125,78.94000244140625,1.0084644556045532
6527,2019,ESP,47435121.0,1647042667976.0,100.98999786376952,1154.3358154296875,66.7300033569336,0.9616454243659972
6528,2020,ESP,47679482.0,1460507935923.0,113.79000091552734,951.1181030273438,51.65999984741211,0.9742911458015442
6529,2021,ESP,47735670.0,1541121952313.0,125.75,1034.75,52.400001525878906,0.9940156936645508
6530,2022,ESP,47828386.0,1625139888517.0,122.91000366210938,1099.5897216796875,62.34999847412109,0.979709804058075
6531,2023,ESP,47911583.0,1625139888517.0,143.77999877929688,1022.2703857421876,47.36000061035156,0.979709804058075
6532,2024,ESP,47910533.0,1625139888517.0,161.0800018310547,1051.882568359375,41.08000183105469,0.979709804058075
6533,2025,ESP,47889960.0,1625139888517.0,160.80999755859375,1051.882568359375,44.220001220703125,0.979709804058075
6534,1990,LKA,16352460.0,67098669421.0,3.1447999477386475,20.58785057067871,2.430000066757202,0.445418506860733
6535,1991,LKA,16475354.0,73808548639.0,3.1166000366210938,20.610809326171875,2.430000066757202,0.4041071534156799
6536,1992,LKA,16739297.0,71237383826.0,2.899899959564209,23.42350006103516,2.430000066757202,0.4491809010505676
6537,1993,LKA,17025924.0,76317434648.0,3.796000003814697,23.676122665405277,2.430000066757202,0.4573116600513458
6538,1994,LKA,17275777.0,82083780545.0,4.089099884033203,25.718048095703125,2.430000066757202,0.4606205224990845
6539,1995,LKA,17564065.0,86882842988.0,4.514100074768066,27.39008331298828,2.430000066757202,0.4688869118690491
6540,1996,LKA,17905020.0,96972233018.0,3.2518999576568604,33.23902130126953,2.430000066757202,0.4419291317462921
6541,1997,LKA,18248205.0,106468157343.0,3.447269916534424,34.040122985839844,2.430000066757202,0.415463775396347
6542,1998,LKA,18596006.0,104039873858.0,3.914949893951416,35.57914733886719,2.430000066757202,0.4532455801963806
6543,1999,LKA,18944734.0,106224336044.0,4.180993556976318,38.35612869262695,2.430000066757202,0.4774732589721679
6544,2000,LKA,19293056.0,114541758869.0,3.2100000381469727,44.06048202514648,2.430000066757202,0.4674855768680572
6545,2001,LKA,19600361.0,111509565283.0,3.119999885559082,42.8604621887207,2.4100000858306885,0.4666232764720917
6546,2002,LKA,19805750.0,114770992462.0,2.700000047683716,45.61217880249024,2.8499999046325684,0.4662252962589264
6547,2003,LKA,19951521.0,121043287225.0,3.319999933242798,45.420066833496094,2.9200000762939453,0.4548924565315246
6548,2004,LKA,20087608.0,127113013921.0,2.970000028610229,44.9322395324707,3.440000057220459,0.4209394454956054
6549,2005,LKA,20216531.0,134388316813.0,3.470000028610229,51.85294342041016,3.5999999046325684,0.4597601890563965
6550,2006,LKA,20352416.0,144414690368.0,4.650000095367432,53.09418869018555,3.259999990463257,0.4593303203582763
6551,2007,LKA,20492546.0,153829219297.0,3.9700000286102295,56.225830078125,3.9800000190734863,0.4384093284606933
6552,2008,LKA,20629377.0,162474916511.0,4.159999847412109,51.899147033691406,3.890000104904175,0.3912961184978485
6553,2009,LKA,20756438.0,167647716585.0,3.920000076293945,53.49089813232422,4.019999980926514,0.3844957649707794
6554,2010,LKA,20879092.0,180642805306.0,5.730000019073486,53.67766952514648,3.4200000762939453,0.385378748178482
6555,2011,LKA,21009054.0,195461606183.0,4.760000228881836,62.55585479736328,4.800000190734863,0.3866691291332245
6556,2012,LKA,21169461.0,212333854625.0,3.470000028610229,68.39737701416016,5.849999904632568,0.3671221137046814
6557,2013,LKA,21358829.0,220937614421.0,7.210000038146973,59.56628036499024,3.609999895095825,0.3585362136363983
6558,2014,LKA,21547454.0,235029015924.0,4.900000095367432,72.5840835571289,5.739999771118164,0.3654487729072571
6559,2015,LKA,21729975.0,244914328998.0,6.440000057220459,73.95812225341797,5.519999980926514,0.3727842271327972
6560,2016,LKA,21910763.0,257292293131.0,4.71999979019165,88.16869354248047,7.46999979019165,0.3920511901378631
6561,2017,LKA,22087525.0,273915973018.0,4.619999885559082,94.2150421142578,7.940000057220459,0.3896504342556
6562,2018,LKA,22253116.0,280243422762.0,7.050000190734863,93.41472625732422,7.210000038146973,0.4009698927402496
6563,2019,LKA,22410552.0,279626891521.0,5.630000114440918,97.73937225341795,8.640000343322754,0.4042364656925201
6564,2020,LKA,22561808.0,269918239631.0,5.869999885559082,88.52179718017578,8.460000038146973,0.388935387134552
6565,2021,LKA,22700377.0,278898406287.0,8.649999618530273,84.89020538330078,7.320000171661377,0.3902829587459564
6566,2022,LKA,22834965.0,254748598293.0,8.430000305175781,73.52254486083984,6.869999885559082,0.3823652863502502
6567,2023,LKA,22971615.0,254748598293.0,7.960000038146973,78.04058074951172,6.840000152587891,0.3823652863502502
6568,2024,LKA,23103561.0,254748598293.0,9.43000030517578,84.26631164550781,6.460000038146973,0.3823652863502502
6569,2025,LKA,23229474.0,254748598293.0,10.630000114440918,84.26631164550781,5.679999828338623,0.3823652863502502
6570,1990,SDN,22021484.0,0.0,1.2699999809265137,0.0,0.8899999856948853,0.0
6571,1991,SDN,22470676.0,0.0,1.2699999809265137,0.0,0.8899999856948853,0.0
6572,1992,SDN,22927356.0,0.0,1.2699999809265137,0.0,0.8899999856948853,0.0
6573,1993,SDN,23445599.0,0.0,1.2699999809265137,0.0,0.8899999856948853,0.0
6574,1994,SDN,24043951.0,0.0,1.2699999809265137,0.0,0.8899999856948853,0.0
6575,1995,SDN,24672144.0,0.0,1.2699999809265137,0.0,0.8899999856948853,0.0
6576,1996,SDN,25231534.0,0.0,1.2699999809265137,0.0,0.8899999856948853,0.0
6577,1997,SDN,25799826.0,0.0,1.2699999809265137,0.0,0.8899999856948853,0.0
6578,1998,SDN,26458999.0,0.0,1.2699999809265137,0.0,0.8899999856948853,0.0
6579,1999,SDN,27130619.0,0.0,1.2699999809265137,0.0,0.8899999856948853,0.0
6580,2000,SDN,27816748.0,0.0,1.2699999809265137,0.0,0.8899999856948853,0.0
6581,2001,SDN,28516774.0,0.0,1.3600000143051147,0.0,0.9200000166893004,0.0
6582,2002,SDN,29228728.0,0.0,1.3899999856948853,0.0,1.1200000047683716,0.0
6583,2003,SDN,29896038.0,0.0,1.2799999713897705,0.0,1.5,0.0
6584,2004,SDN,30556641.0,0.0,1.2400000095367432,0.0,1.6100000143051147,0.0
6585,2005,SDN,31262447.0,0.0,1.3899999856948853,0.0,1.75,0.0
6586,2006,SDN,31992438.0,0.0,1.5,0.0,2.130000114440918,0.0
6587,2007,SDN,32764139.0,0.0,1.590000033378601,0.0,2.4100000858306885,0.0
6588,2008,SDN,33623980.0,0.0,1.600000023841858,0.0,2.720000028610229,0.0
6589,2009,SDN,34569114.0,0.0,3.3499999046325684,0.0,2.259999990463257,0.0
6590,2010,SDN,35414403.0,0.0,6.28000020980835,0.0,1.0399999618530271,0.0
6591,2011,SDN,36140808.0,0.0,6.519999980926514,0.0,1.4900000095367432,0.0
6592,2012,SDN,36923175.0,0.0,6.679999828338623,0.0,2.049999952316284,0.0
6593,2013,SDN,37785852.0,0.0,8.380000114440918,0.0,1.5299999713897705,0.0
6594,2014,SDN,38823324.0,0.0,8.949999809265137,0.0,1.8600000143051147,0.0
6595,2015,SDN,40024433.0,0.0,8.460000038146973,0.0,3.2699999809265137,0.0
6596,2016,SDN,41259892.0,0.0,8.1899995803833,0.0,4.420000076293945,0.0
6597,2017,SDN,42714311.0,0.0,9.5,0.0,4.329999923706055,0.0
6598,2018,SDN,44230597.0,0.0,9.800000190734863,0.0,4.599999904632568,0.0
6599,2019,SDN,45548179.0,0.0,10.34000015258789,0.0,4.130000114440918,0.0
6600,2020,SDN,46789237.0,0.0,11.149999618530272,0.0,4.260000228881836,0.0
6601,2021,SDN,48066930.0,0.0,11.09000015258789,0.0,4.630000114440918,0.0
6602,2022,SDN,49383344.0,0.0,12.039999961853027,0.0,3.430000066757202,0.0
6603,2023,SDN,50042800.0,0.0,11.75,0.0,2.119999885559082,0.0
6604,2024,SDN,50448960.0,0.0,11.770000457763672,0.0,2.2699999809265137,0.0
6605,1990,SUR,412500.0,0.0,0.7099999785423279,0.0,0.1800000071525573,0.0
6606,1991,SUR,415021.0,0.0,0.7099999785423279,0.0,0.1800000071525573,0.0
6607,1992,SUR,417602.0,0.0,0.7099999785423279,0.0,0.1800000071525573,0.0
6608,1993,SUR,419357.0,0.0,0.7099999785423279,0.0,0.1800000071525573,0.0
6609,1994,SUR,422382.0,0.0,0.7099999785423279,0.0,0.1800000071525573,0.0
6610,1995,SUR,429611.0,0.0,0.7099999785423279,0.0,0.1800000071525573,0.0
6611,1996,SUR,438834.0,0.0,0.7099999785423279,0.0,0.1800000071525573,0.0
6612,1997,SUR,448068.0,0.0,0.7099999785423279,0.0,0.1800000071525573,0.0
6613,1998,SUR,457413.0,0.0,0.7099999785423279,0.0,0.1800000071525573,0.0
6614,1999,SUR,466925.0,0.0,0.7099999785423279,0.0,0.1800000071525573,0.0
6615,2000,SUR,476647.0,0.0,0.7099999785423279,0.0,0.1800000071525573,0.0
6616,2001,SUR,486566.0,0.0,0.7300000190734863,0.0,0.2300000041723251,0.0
6617,2002,SUR,496566.0,0.0,0.7400000095367432,0.0,0.3499999940395355,0.0
6618,2003,SUR,506421.0,0.0,0.75,0.0,0.3899999856948852,0.0
6619,2004,SUR,513928.0,0.0,0.7599999904632568,0.0,0.4600000083446502,0.0
6620,2005,SUR,519321.0,0.0,0.8199999928474426,0.0,0.6000000238418579,0.0
6621,2006,SUR,525003.0,0.0,0.8600000143051147,0.0,0.4900000095367431,0.0
6622,2007,SUR,531026.0,0.0,0.8600000143051147,0.0,0.4399999976158142,0.0
6623,2008,SUR,537252.0,0.0,0.8600000143051147,0.0,0.4399999976158142,0.0
6624,2009,SUR,543580.0,0.0,0.8600000143051147,0.0,0.4600000083446502,0.0
6625,2010,SUR,549931.0,0.0,1.2000000476837158,0.0,0.5299999713897705,0.0
6626,2011,SUR,556279.0,0.0,1.0299999713897705,0.0,0.3499999940395355,0.0
6627,2012,SUR,562640.0,0.0,0.8199999928474426,0.0,0.5799999833106995,0.0
6628,2013,SUR,569024.0,0.0,0.8299999833106995,0.0,0.6299999952316284,0.0
6629,2014,SUR,575380.0,0.0,0.550000011920929,0.0,0.8500000238418579,0.0
6630,2015,SUR,581634.0,0.0,0.4900000095367431,0.0,0.9100000262260436,0.0
6631,2016,SUR,587765.0,0.0,0.800000011920929,0.0,0.6899999976158142,0.0
6632,2017,SUR,593720.0,0.0,0.9399999976158142,0.0,0.6000000238418579,0.0
6633,2018,SUR,599519.0,0.0,1.0099999904632568,0.0,0.6000000238418579,0.0
6634,2019,SUR,605779.0,0.0,0.9700000286102296,0.0,0.7200000286102295,0.0
6635,2020,SUR,612320.0,0.0,0.9900000095367432,0.0,0.7099999785423279,0.0
6636,2021,SUR,617905.0,0.0,1.0099999904632568,0.0,0.7300000190734863,0.0
6637,2022,SUR,623172.0,0.0,0.9399999976158142,0.0,0.7900000214576721,0.0
6638,2023,SUR,628892.0,0.0,0.9200000166893004,0.0,0.550000011920929,0.0
6639,2024,SUR,634438.0,0.0,0.9200000166893004,0.0,0.5600000023841858,0.0
6640,1990,SWE,8558571.0,240234012000.0,74.44999694824219,230.1021423339844,6.519999980926514,2.68157958984375
6641,1991,SWE,8616955.0,237950140941.0,65.11000061035156,231.32223510742188,6.519999980926514,2.698612689971924
6642,1992,SWE,8667576.0,235756851945.0,76.37000274658203,246.2834930419922,6.519999980926514,2.7697694301605225
6643,1993,SWE,8718038.0,231558425903.0,76.87000274658203,245.12933349609372,6.519999980926514,2.794784545898437
6644,1994,SWE,8780190.0,241524284977.0,61.400001525878906,260.108642578125,6.519999980926514,2.690326690673828
6645,1995,SWE,8826298.0,251741126533.0,70.55000305175781,259.0208435058594,6.519999980926514,2.648154735565185
6646,1996,SWE,8840330.0,256498914326.0,54.0,279.28570556640625,6.519999980926514,2.534996032714844
6647,1997,SWE,8845525.0,264171121939.0,72.02999877929688,261.30889892578125,6.519999980926514,2.5490434169769287
6648,1998,SWE,8850606.0,276040695651.0,78.0999984741211,265.9193725585937,6.519999980926514,2.555835008621216
6649,1999,SWE,8857691.0,289702793085.0,74.75,260.6990966796875,6.519999980926514,2.3818602561950684
6650,2000,SWE,8872099.0,303452362920.0,83.13999938964844,242.3399200439453,6.519999980926514,2.147891998291016
6651,2001,SWE,8896018.0,308398096624.0,83.31999969482422,246.55902099609372,7.559999942779541,2.256033182144165
6652,2002,SWE,8925045.0,317463771012.0,71.1500015258789,249.53091430664065,8.25,2.045815944671631
6653,2003,SWE,8958434.0,326402407102.0,58.72999954223633,249.20977783203125,9.279999732971191,1.8665220737457275
6654,2004,SWE,8993805.0,341901244849.0,68.18000030517578,248.31658935546875,7.28000020980835,1.943826675415039
6655,2005,SWE,9029771.0,354496929423.0,81.22000122070312,237.6897125244141,6.829999923706055,1.89849317073822
6656,2006,SWE,9080628.0,372234670461.0,71.05999755859375,240.17308044433597,7.119999885559082,1.692865252494812
6657,2007,SWE,9148280.0,387881844813.0,77.43000030517578,233.7111358642578,6.849999904632568,1.6528414487838743
6658,2008,SWE,9219903.0,388980516356.0,81.41000366210938,229.1679229736328,7.170000076293945,1.641638159751892
6659,2009,SWE,9298738.0,373026350439.0,79.80999755859375,209.4886474609375,6.980000019073486,1.5543485879898071
6660,2010,SWE,9378234.0,399838964466.0,82.08999633789062,228.8148498535156,9.460000038146973,1.554964542388916
6661,2011,SWE,9449263.0,397617949429.0,84.08999633789062,208.5306701660156,7.860000133514404,1.539205551147461
6662,2012,SWE,9519477.0,395278763366.0,98.30999755859376,196.3307037353516,7.440000057220459,1.632378339767456
6663,2013,SWE,9600620.0,399973749048.0,82.69000244140625,192.66748046875,6.840000152587891,1.5089575052261353
6664,2014,SWE,9696438.0,410604225974.0,85.75,187.13299560546875,6.170000076293945,1.463152527809143
6665,2015,SWE,9799483.0,429037422635.0,102.5,186.0855407714844,6.619999885559082,1.449901103973389
6666,2016,SWE,9923281.0,437921057919.0,89.12999725341797,191.46310424804688,6.699999809265137,1.3915762901306152
6667,2017,SWE,10057864.0,449166531542.0,95.05999755859376,193.96273803710935,6.980000019073486,1.4055874347686768
6668,2018,SWE,10175400.0,457925387676.0,91.1500015258789,175.37791442871094,6.980000019073486,1.330336570739746
6669,2019,SWE,10279120.0,467020665386.0,98.94000244140624,178.08932495117188,7.130000114440918,1.34002423286438
6670,2020,SWE,10353682.0,456885314424.0,112.13999938964844,162.9716033935547,6.340000152587891,1.313851237297058
6671,2021,SWE,10416134.0,481492421258.0,115.75,176.7483367919922,7.170000076293945,1.3160737752914429
6672,2022,SWE,10487335.0,494214521158.0,118.2300033569336,159.0713348388672,7.099999904632568,1.2579171657562256
6673,2023,SWE,10551493.0,494214521158.0,115.25,157.32191467285156,6.380000114440918,1.2579171657562256
6674,2024,SWE,10606993.0,494214521158.0,119.4000015258789,164.16522216796875,6.010000228881836,1.2579171657562256
6675,2025,SWE,10656636.0,494214521158.0,121.52999877929688,164.16522216796875,6.019999980926514,1.2579171657562256
6676,1990,CHE,6713168.0,234154439697.0,30.236846923828125,175.5113525390625,2.220000028610229,1.4162676334381104
6677,1991,CHE,6796942.0,236201938759.0,32.51816177368164,179.6363525390625,2.220000028610229,1.441868782043457
6678,1992,CHE,6875049.0,239958549277.0,33.191654205322266,181.7213897705078,2.220000028610229,1.4421454668045044
6679,1993,CHE,6938106.0,243429634467.0,36.27619171142578,172.29269409179688,2.220000028610229,1.4191944599151611
6680,1994,CHE,6993594.0,250752168329.0,39.62755584716797,177.0180206298828,2.220000028610229,1.4475470781326294
6681,1995,CHE,7040481.0,257142565611.0,35.75156784057617,167.99398803710938,2.220000028610229,1.337761163711548
6682,1996,CHE,7071885.0,263448607219.0,29.36997985839844,174.45455932617188,2.220000028610229,1.2613123655319214
6683,1997,CHE,7089161.0,274617021730.0,34.71345520019531,180.9161834716797,2.220000028610229,1.293860912322998
6684,1998,CHE,7110294.0,287985364256.0,34.1754150390625,183.32345581054688,2.220000028610229,1.2407768964767456
6685,1999,CHE,7144119.0,298226666662.0,40.770263671875,182.4326629638672,2.220000028610229,1.2521545886993408
6686,2000,CHE,7184003.0,315545366882.0,37.68000030517578,178.1890411376953,2.220000028610229,1.154624104499817
6687,2001,CHE,7226391.0,325520166982.0,42.20000076293945,189.82635498046875,2.369999885559082,1.1953991651535034
6688,2002,CHE,7278744.0,331802188855.0,36.09999847412109,180.87538146972656,2.240000009536743,1.0917479991912842
6689,2003,CHE,7333451.0,337991874208.0,35.720001220703125,178.5320587158203,2.25,1.0602599382400513
6690,2004,CHE,7384196.0,353894703206.0,34.7599983215332,182.6747283935547,2.25,1.009222388267517
6691,2005,CHE,7431824.0,371135459405.0,32.290000915527344,184.27757263183597,2.200000047683716,0.9182142019271852
6692,2006,CHE,7478514.0,393075108386.0,32.130001068115234,182.7415008544922,2.25,0.8906527161598206
6693,2007,CHE,7545386.0,416832821635.0,36.47999954223633,175.95596313476562,2.289999961853028,0.8514035940170288
6694,2008,CHE,7641730.0,433739216893.0,37.33000183105469,182.8837738037109,2.289999961853028,0.8358514308929443
6695,2009,CHE,7737644.0,431737407420.0,37.02999877929688,177.31935119628906,2.2699999809265137,0.8222731351852417
6696,2010,CHE,7825750.0,451139715920.0,37.470001220703125,184.17752075195312,2.369999885559082,0.796820342540741
6697,2011,CHE,7914379.0,467103594697.0,34.02000045776367,169.1412353515625,2.2799999713897705,0.717021644115448
6698,2012,CHE,7998927.0,472611933649.0,40.52999877929688,174.7151641845703,2.470000028610229,0.749165415763855
6699,2013,CHE,8091199.0,481081829913.0,40.66999816894531,178.98106384277344,2.440000057220459,0.7465382218360901
6700,2014,CHE,8190238.0,492386642888.0,40.66999816894531,161.08580017089844,2.4100000858306885,0.6995306611061096
6701,2015,CHE,8283940.0,500484653705.0,41.119998931884766,164.18023681640625,2.3499999046325684,0.6719918251037598
6702,2016,CHE,8374903.0,510838097521.0,37.810001373291016,158.52984619140625,2.4100000858306885,0.6190712451934814
6703,2017,CHE,8453630.0,517799793781.0,37.7599983215332,161.66270446777344,2.390000104904175,0.6121959090232849
6704,2018,CHE,8516341.0,532611137213.0,38.880001068115234,154.76040649414062,2.390000104904175,0.6035508513450623
6705,2019,CHE,8577525.0,538693495449.0,42.25,158.6578369140625,2.490000009536743,0.6236484050750732
6706,2020,CHE,8640582.0,525896489462.0,42.61000061035156,137.71279907226562,2.509999990463257,0.5887131094932556
6707,2021,CHE,8707019.0,548098275898.0,42.0099983215332,131.86285400390625,2.430000066757202,0.5292626619338989
6708,2022,CHE,8792180.0,559384947989.0,35.9900016784668,143.91172790527344,2.299999952316284,0.5318077206611633
6709,2023,CHE,8870564.0,559384947989.0,44.2599983215332,142.1364288330078,2.440000057220459,0.5318077206611633
6710,2024,CHE,8921979.0,559384947989.0,52.86000061035156,142.69358825683594,2.7100000381469727,0.5318077206611633
6711,2025,CHE,8967413.0,559384947989.0,44.09999847412109,142.69358825683594,2.549999952316284,0.5318077206611633
6712,1990,SYR,12579212.0,113006349079.0,3.259999990463257,0.0,15.81999969482422,1.4024714231491089
6713,1991,SYR,12980824.0,121259151277.0,3.259999990463257,0.0,15.81999969482422,1.209315299987793
6714,1992,SYR,13385570.0,132464551230.0,3.259999990463257,0.0,15.81999969482422,1.143154501914978
6715,1993,SYR,13795687.0,137136399700.0,3.259999990463257,0.0,15.81999969482422,1.230215072631836
6716,1994,SYR,14208585.0,139462673349.0,3.259999990463257,0.0,15.81999969482422,1.288741111755371
6717,1995,SYR,14616804.0,141596267280.0,3.259999990463257,0.0,15.81999969482422,1.2204887866973877
6718,1996,SYR,15018110.0,140380949913.0,3.259999990463257,0.0,15.81999969482422,1.3295007944107056
6719,1997,SYR,15417539.0,133631083179.0,3.259999990463257,0.0,15.81999969482422,1.4866102933883667
6720,1998,SYR,15820409.0,135803038435.0,3.259999990463257,0.0,15.81999969482422,1.576176643371582
6721,1999,SYR,16228064.0,126804505194.0,3.259999990463257,0.0,15.81999969482422,1.7383285760879517
6722,2000,SYR,16637884.0,125214242976.0,3.259999990463257,0.0,15.81999969482422,1.6886558532714844
6723,2001,SYR,17051337.0,125631935247.0,3.440000057220459,0.0,16.90999984741211,1.6587544679641724
6724,2002,SYR,17468335.0,128996142855.0,2.4800000190734863,0.0,18.6299991607666,1.7686163187026978
6725,2003,SYR,17889297.0,122501642286.0,2.789999961853028,0.0,20.299999237060547,1.8028632402420044
6726,2004,SYR,18336879.0,126515329154.0,4.210000038146973,0.0,20.290000915527344,1.9261376857757568
6727,2005,SYR,18814092.0,129657010670.0,4.349999904632568,0.0,22.8799991607666,2.129313707351685
6728,2006,SYR,19637016.0,132870748696.0,3.9700000286102295,0.0,24.07999992370605,2.1741256713867188
6729,2007,SYR,20884136.0,138933398255.0,3.509999990463257,0.0,24.850000381469727,2.1534364223480225
6730,2008,SYR,21636566.0,140064268758.0,2.900000095367432,0.0,26.90999984741211,2.177140951156616
6731,2009,SYR,21976971.0,141886525419.0,1.899999976158142,0.0,29.979999542236328,2.0222814083099365
6732,2010,SYR,22482417.0,143781004115.0,2.619999885559082,0.0,32.34000015258789,2.056864023208618
6733,2011,SYR,22878104.0,134274046453.0,3.0299999713897705,0.0,28.63999938964844,1.9791501760482788
6734,2012,SYR,22759763.0,98907693956.0,2.990000009536743,0.0,21.81999969482422,2.064699172973633
6735,2013,SYR,21666921.0,72894799336.0,3.0299999713897705,0.0,16.68000030517578,2.04373550415039
6736,2014,SYR,20273661.0,65379097607.0,2.369999885559082,0.0,14.369999885559082,2.032989740371704
6737,2015,SYR,19424615.0,63295273863.0,0.4399999976158142,0.0,13.229999542236328,1.9164055585861208
6738,2016,SYR,19193835.0,59731474595.0,0.959999978542328,0.0,12.789999961853027,1.9637682437896729
6739,2017,SYR,19224671.0,59296820428.0,0.7799999713897705,0.0,13.06999969482422,1.9956189393997192
6740,2018,SYR,19577849.0,60171975441.0,0.7799999713897705,0.0,15.609999656677246,2.193981170654297
6741,2019,SYR,20353536.0,62427096792.0,0.7799999713897705,0.0,15.5600004196167,1.9042826890945437
6742,2020,SYR,21049431.0,55872251610.0,0.800000011920929,0.0,14.529999732971191,2.012718439102173
6743,2021,SYR,21628837.0,54251957890.0,0.8399999737739563,0.0,15.029999732971191,2.0490334033966064
6744,2022,SYR,22462170.0,52353139385.0,0.8799999952316284,0.0,13.699999809265137,1.7641375064849854
6745,2023,SYR,23594623.0,52353139385.0,0.8799999952316284,0.0,17.649999618530273,1.7641375064849854
6746,2024,SYR,24672758.0,52353139385.0,0.8799999952316284,0.0,17.56999969482422,1.7641375064849854
6747,1990,TWN,20594907.0,319544652000.0,6.592806339263916,471.4304809570313,117.41000366210938,1.828325867652893
6748,1991,TWN,20781752.0,345211462786.0,4.096870422363281,504.982421875,117.41000366210938,1.7881489992141724
6749,1992,TWN,20982088.0,372503882517.0,6.81761646270752,539.5860595703125,117.41000366210938,1.7606281042099
6750,1993,TWN,21174678.0,396575970496.0,4.34154748916626,583.5404663085938,117.41000366210938,1.749760627746582
6751,1994,TWN,21357145.0,425304537408.0,5.318484783172607,621.729248046875,117.41000366210938,1.731611251831055
6752,1995,TWN,21534497.0,451738410710.0,5.2232866287231445,666.7764282226562,117.41000366210938,1.7322427034378052
6753,1996,TWN,21709270.0,477921929086.0,5.21293306350708,691.98095703125,117.41000366210938,1.7047327756881714
6754,1997,TWN,21885332.0,504501700824.0,5.771071434020996,742.1489868164062,117.41000366210938,1.709117770195007
6755,1998,TWN,22049226.0,524131056297.0,6.80905818939209,787.8662719726562,117.41000366210938,1.7414559125900269
6756,1999,TWN,22203788.0,557640971015.0,5.80988883972168,830.1002807617188,117.41000366210938,1.7131167650222778
6757,2000,TWN,22332873.0,591153923509.0,5.610000133514404,895.0224609375,117.41000366210938,1.7273105382919312
6758,2001,TWN,22446254.0,582366336280.0,6.420000076293945,934.5010375976562,123.33000183105467,1.8094209432601929
6759,2002,TWN,22566898.0,612808812199.0,4.400000095367432,971.876708984375,130.0800018310547,1.788362979888916
6760,2003,TWN,22664130.0,636240085985.0,4.820000171661377,1022.6710815429688,139.19000244140625,1.800316572189331
6761,2004,TWN,22745432.0,675272430215.0,5.090000152587891,1068.863037109375,144.97999572753906,1.767121195793152
6762,2005,TWN,22824932.0,709313986797.0,6.010000228881836,1081.0845947265625,151.32000732421875,1.7041137218475342
6763,2006,TWN,22914644.0,745965982529.0,6.21999979019165,1113.88916015625,157.67999267578125,1.6637452840805054
6764,2007,TWN,23006921.0,791900583149.0,6.739999771118164,1162.146240234375,162.8000030517578,1.6325713396072388
6765,2008,TWN,23086238.0,794389614968.0,6.71999979019165,1115.109619140625,157.30999755859375,1.5671781301498413
6766,2009,TWN,23164353.0,779014502319.0,6.300000190734863,1078.314697265625,151.30999755859375,1.551056742668152
6767,2010,TWN,23224049.0,859487483344.0,7.070000171661377,1162.855224609375,161.3699951171875,1.5061720609664917
6768,2011,TWN,23273078.0,888546864638.0,7.380000114440918,1156.9656982421875,164.47999572753906,1.4519834518432615
6769,2012,TWN,23345963.0,908290377366.0,9.06999969482422,1146.56640625,162.57000732421875,1.4085643291473389
6770,2013,TWN,23416870.0,930852328389.0,9.229999542236328,1168.8939208984375,162.52000427246094,1.401627779006958
6771,2014,TWN,23472811.0,974779255338.0,8.270000457763672,1200.0670166015625,167.80999755859375,1.3683995008468628
6772,2015,TWN,23529260.0,989069527295.0,8.789999961853027,1214.0692138671875,167.86000061035156,1.3476814031600952
6773,2016,TWN,23586140.0,1010482869589.0,11.039999961853027,1227.900390625,174.10000610351562,1.3258596658706665
6774,2017,TWN,23632950.0,1043939947916.0,10.699999809265137,1253.9444580078125,185.0500030517578,1.2843343019485474
6775,2018,TWN,23659308.0,1073034529603.0,10.859999656677246,1254.4417724609375,185.2100067138672,1.2623555660247805
6776,2019,TWN,23674137.0,1105912366266.0,13.4399995803833,1209.82421875,177.9600067138672,1.200950264930725
6777,2020,TWN,23663461.0,1143369531447.0,13.399999618530272,1173.60546875,181.4499969482422,1.127515196800232
6778,2021,TWN,23558330.0,1218008773904.0,15.720000267028809,1258.260986328125,189.77999877929688,1.1250697374343872
6779,2022,TWN,23420107.0,1247874288934.0,22.09000015258789,1198.666259765625,184.22000122070312,1.055248498916626
6780,2023,TWN,23317145.0,1247874288934.0,25.1200008392334,1145.57275390625,181.83999633789065,1.055248498916626
6781,2024,TWN,23213964.0,1247874288934.0,31.51000022888184,1140.8046875,183.2899932861328,1.055248498916626
6782,2025,TWN,23112797.0,1247874288934.0,35.29999923706055,1140.8046875,182.6100006103516,1.055248498916626
6783,1992,TJK,5649397.0,15578962563.0,14.020000457763672,0.0,0.4600000083446502,3.259319305419922
6784,1993,TJK,5725001.0,13768160225.0,14.020000457763672,0.0,0.4600000083446502,3.0670199394226074
6785,1994,TJK,5825371.0,10806547225.0,14.020000457763672,0.0,0.4600000083446502,3.768131732940674
6786,1995,TJK,5948588.0,9460376115.0,14.020000457763672,0.0,0.4600000083446502,3.383617162704468
6787,1996,TJK,6066524.0,8989080428.0,14.020000457763672,0.0,0.4600000083446502,4.185348033905029
6788,1997,TJK,6139829.0,9105132518.0,14.020000457763672,0.0,0.4600000083446502,4.068235397338867
6789,1998,TJK,6176403.0,9509161527.0,14.020000457763672,0.0,0.4600000083446502,4.029733657836914
6790,1999,TJK,6208373.0,9907046803.0,14.020000457763672,0.0,0.4600000083446502,4.46461296081543
6791,2000,TJK,6284737.0,10735320878.0,14.020000457763672,0.0,0.4600000083446502,2.937844753265381
6792,2001,TJK,6407376.0,11697951502.0,14.210000038146973,0.0,0.4399999976158142,2.8491249084472656
6793,2002,TJK,6531674.0,12792791823.0,15.15999984741211,0.0,0.4399999976158142,2.5953614711761475
6794,2003,TJK,6658575.0,14027448844.0,16.34000015258789,0.0,0.4900000095367431,2.491781949996948
6795,2004,TJK,6790555.0,15391086914.0,16.34000015258789,0.0,0.4799999892711639,2.3841798305511475
6796,2005,TJK,6924722.0,16469329106.0,16.969999313354492,0.0,0.4699999988079071,2.2528436183929443
6797,2006,TJK,7057566.0,17531184155.0,16.700000762939453,0.0,0.5299999713897705,2.080716848373413
6798,2007,TJK,7194479.0,18731098417.0,17.110000610351562,0.0,0.6299999952316284,1.7088745832443235
6799,2008,TJK,7338402.0,20202934540.0,15.800000190734863,0.0,0.5799999833106995,1.4552037715911863
6800,2009,TJK,7490232.0,20969201626.0,15.899999618530272,0.0,0.5099999904632568,1.2508043050765991
6801,2010,TJK,7652144.0,22275913223.0,16.399999618530273,0.0,0.4099999964237213,1.2199251651763916
6802,2011,TJK,7824788.0,23719353153.0,16.200000762939453,0.0,0.4000000059604645,1.1391029357910156
6803,2012,TJK,8014087.0,25498307279.0,16.899999618530273,0.0,0.4399999976158142,1.173358917236328
6804,2013,TJK,8216733.0,27385180748.0,17.06999969482422,0.0,0.449999988079071,1.1555942296981812
6805,2014,TJK,8425559.0,29219994834.0,16.0,0.0,0.5299999713897705,1.1983587741851809
6806,2015,TJK,8643839.0,30973186706.0,17.0,0.0,0.550000011920929,1.1068071126937866
6807,2016,TJK,8865623.0,33110336724.0,16.6299991607666,0.0,0.9800000190734864,1.1231552362442017
6808,2017,TJK,9085942.0,35461181351.0,17.1299991607666,0.0,1.350000023841858,1.064488172531128
6809,2018,TJK,9307345.0,38156222428.0,18.38999938964844,0.0,1.7300000190734863,1.0655735731124878
6810,2019,TJK,9529970.0,40979787244.0,19.170000076293945,0.0,2.059999942779541,1.0773221254348757
6811,2020,TJK,9749312.0,42778793597.0,18.11000061035156,0.0,2.2100000381469727,1.0832792520523071
6812,2021,TJK,9966912.0,46800009054.0,18.65999984741211,0.0,2.289999961853028,0.993759274482727
6813,2022,TJK,10182228.0,50544013546.0,19.920000076293945,0.0,1.8600000143051147,0.9719513654708862
6814,2023,TJK,10389807.0,50544013546.0,20.0,0.0,1.5800000429153442,0.9719513654708862
6815,2024,TJK,10590930.0,50544013546.0,21.0,0.0,1.5800000429153442,0.9719513654708862
6816,2025,TJK,10786738.0,50544013546.0,23.280000686645508,0.0,1.7899999618530271,0.9719513654708862
6817,1990,TZA,26110210.0,22062497802.0,2.1600000858306885,0.0,0.3000000119209289,0.5812047719955444
6818,1991,TZA,26780440.0,23131982096.0,2.1600000858306885,0.0,0.3000000119209289,0.4805688560009002
6819,1992,TZA,27457599.0,23907182271.0,2.1600000858306885,0.0,0.3000000119209289,0.5041537284851074
6820,1993,TZA,28332691.0,24857214872.0,2.1600000858306885,0.0,0.3000000119209289,0.5079120993614197
6821,1994,TZA,29442357.0,25964285650.0,2.1600000858306885,0.0,0.3000000119209289,0.4390834271907806
6822,1995,TZA,30383496.0,27600945651.0,2.1600000858306885,0.0,0.3000000119209289,0.4052993953227997
6823,1996,TZA,30945761.0,29677337167.0,2.1600000858306885,0.0,0.3000000119209289,0.390633761882782
6824,1997,TZA,31578093.0,31560772974.0,2.1600000858306885,0.0,0.3000000119209289,0.3547447621822357
6825,1998,TZA,32420461.0,33614871213.0,2.1600000858306885,0.0,0.3000000119209289,0.3615113198757171
6826,1999,TZA,33300335.0,36215287065.0,2.1600000858306885,0.0,0.3000000119209289,0.3532803654670715
6827,2000,TZA,34260142.0,39001698887.0,2.1600000858306885,0.0,0.3000000119209289,0.3431023061275482
6828,2001,TZA,35198303.0,42445346863.0,2.680000066757202,0.0,0.1899999976158142,0.3551549315452575
6829,2002,TZA,36121301.0,46583070535.0,2.759999990463257,0.0,0.1800000071525573,0.3637606799602508
6830,2003,TZA,37089555.0,50824600990.0,2.5999999046325684,0.0,0.1599999964237213,0.3452950716018677
6831,2004,TZA,38109666.0,55891196644.0,2.059999942779541,0.0,0.3700000047683716,0.4032503962516784
6832,2005,TZA,39182083.0,61018758994.0,1.830000042915344,0.0,1.0700000524520874,0.419368177652359
6833,2006,TZA,40294900.0,65508013137.0,1.5,0.0,1.1399999856948853,0.412563681602478
6834,2007,TZA,41435508.0,72909539423.0,2.5799999237060547,0.0,0.9900000095367432,0.3772738575935364
6835,2008,TZA,42570728.0,78993514738.0,2.7100000381469727,0.0,0.9900000095367432,0.3637957870960235
6836,2009,TZA,43633975.0,85446168824.0,2.700000047683716,0.0,1.1100000143051147,0.3318141102790832
6837,2010,TZA,44758491.0,93371216148.0,2.7799999713897705,0.0,1.3600000143051147,0.355747789144516
6838,2011,TZA,46029371.0,103624510902.0,2.069999933242798,0.0,1.659999966621399,0.3390907049179077
6839,2012,TZA,47374261.0,108951852558.0,1.840000033378601,0.0,2.059999942779541,0.3989840745925903
6840,2013,TZA,48824134.0,116340969671.0,1.7999999523162842,0.0,2.319999933242798,0.391967236995697
6841,2014,TZA,50351506.0,124173043529.0,2.6700000762939453,0.0,1.9800000190734863,0.3728222548961639
6842,2015,TZA,52020958.0,131823350494.0,2.190000057220459,0.0,2.4200000762939453,0.3704035580158233
6843,2016,TZA,53824012.0,140875654933.0,2.470000028610229,0.0,2.240000009536743,0.3802616596221924
6844,2017,TZA,55652888.0,150417154803.0,2.4600000381469727,0.0,2.380000114440918,0.3206023871898651
6845,2018,TZA,57437134.0,160884699826.0,2.319999933242798,0.0,2.5199999809265137,0.3511099219322204
6846,2019,TZA,59174889.0,172128919031.0,2.5799999237060547,0.0,2.619999885559082,0.3596276640892029
6847,2020,TZA,60972803.0,180418650860.0,3.240000009536743,0.0,2.3399999141693115,0.3294285833835602
6848,2021,TZA,62830410.0,189343959556.0,3.190000057220459,0.0,2.7699999809265137,0.3556270599365234
6849,2022,TZA,64711822.0,198220407805.0,2.9200000762939453,0.0,3.359999895095825,0.3875687420368194
6850,2023,TZA,66617607.0,198220407805.0,2.799999952316284,0.0,3.940000057220459,0.3875687420368194
6851,2024,TZA,68560162.0,198220407805.0,2.9100000858306885,0.0,3.049999952316284,0.3875687420368194
6852,1990,THA,54738329.0,407627796816.0,4.925118923187256,339.3287353515625,57.97999954223633,0.8681885004043579
6853,1991,THA,55637436.0,437871480572.0,4.535017013549805,377.0363159179688,57.97999954223633,0.8917067050933838
6854,1992,THA,56528832.0,473484188457.0,4.179800987243652,414.8404846191406,57.97999954223633,0.9022574424743652
6855,1993,THA,57408198.0,509703199590.0,3.641929864883423,473.9845886230469,57.97999954223633,0.951063871383667
6856,1994,THA,58260855.0,545365114818.0,4.4543657302856445,531.6536865234375,57.97999954223633,0.9990312457084656
6857,1995,THA,59098231.0,584005907369.0,6.735759735107422,595.1145629882812,57.97999954223633,1.0531833171844482
6858,1996,THA,59920059.0,611290639859.0,7.422122955322266,673.9655151367188,57.97999954223633,1.1385107040405271
6859,1997,THA,60724588.0,589240402273.0,7.355500221252441,710.8250122070312,57.97999954223633,1.2433618307113647
6860,1998,THA,61522632.0,539314649597.0,5.3983330726623535,659.0036010742188,57.97999954223633,1.2516602277755735
6861,1999,THA,62299039.0,558464047703.0,3.857101202011109,703.7760009765625,57.97999954223633,1.2808096408843994
6862,2000,THA,63007815.0,579217712636.0,6.420000076293945,722.5888671875,57.97999954223633,1.2805049419403076
6863,2001,THA,63651137.0,596448007832.0,6.789999961853027,762.0874633789062,60.9900016784668,1.3114445209503174
6864,2002,THA,64266433.0,630177413705.0,8.119999885559082,824.0367431640625,64.16999816894531,1.345559000968933
6865,2003,THA,64868164.0,672602585235.0,8.4399995803833,886.8546752929688,68.41000366210938,1.355466604232788
6866,2004,THA,65452049.0,712165919937.0,7.739999771118164,966.8046875,74.2300033569336,1.3897480964660645
6867,2005,THA,66017415.0,739238460898.0,7.53000020980835,998.5023193359376,78.19999694824219,1.3813097476959229
6868,2006,THA,66567685.0,773067090714.0,9.979999542236328,1013.1201171875,81.69000244140625,1.349169373512268
6869,2007,THA,67102388.0,811667437725.0,10.420000076293944,1046.6448974609375,86.30999755859375,1.3289343118667605
6870,2008,THA,67619835.0,822020817321.0,9.130000114440918,1046.369384765625,88.38999938964844,1.3120648860931396
6871,2009,THA,68121077.0,812859746470.0,9.260000228881836,1074.583984375,88.2300033569336,1.3642123937606812
6872,2010,THA,68579443.0,870109340511.0,8.770000457763672,1145.8853759765625,95.37000274658205,1.3555134534835815
6873,2011,THA,69007212.0,873642799890.0,12.0,1169.1917724609375,91.9499969482422,1.3878464698791504
6874,2012,THA,69436091.0,936920832597.0,13.649999618530272,1242.262939453125,100.8499984741211,1.37991464138031
6875,2013,THA,69845112.0,962095812070.0,12.649999618530272,1261.4725341796875,101.48999786376952,1.3645870685577393
6876,2014,THA,70216362.0,971562808709.0,14.210000038146973,1298.01953125,104.4800033569336,1.3968932628631592
6877,2015,THA,70540787.0,1002011619070.0,13.8100004196167,1318.100341796875,106.19000244140624,1.3746808767318726
6878,2016,THA,70859835.0,1036430730493.0,16.06999969482422,1338.9508056640625,107.08000183105467,1.3561655282974243
6879,2017,THA,71160183.0,1079732734924.0,19.6299991607666,1354.32861328125,103.08999633789062,1.3268862962722778
6880,2018,THA,71376081.0,1125329902301.0,25.520000457763672,1381.2928466796875,100.93000030517578,1.3137269020080566
6881,2019,THA,71522264.0,1149130685920.0,27.71999931335449,1373.845703125,104.87000274658205,1.2877082824707031
6882,2020,THA,71641484.0,1078332670656.0,25.07999992370605,1280.837158203125,100.68000030517578,1.279414176940918
6883,2021,THA,71727338.0,1095187026392.0,26.46999931335449,1286.5616455078125,99.83000183105467,1.2662841081619265
6884,2022,THA,71735321.0,1124143758569.0,28.479999542236328,1284.3896484375,101.05999755859376,1.2346111536026
6885,2023,THA,71702436.0,1124143758569.0,29.76000022888184,1279.4149169921875,104.62000274658205,1.2346111536026
6886,2024,THA,71668010.0,1124143758569.0,29.61000061035156,1312.6405029296875,110.68000030517578,1.2346111536026
6887,2025,THA,71619866.0,1124143758569.0,31.200000762939453,1312.6405029296875,102.7300033569336,1.2346111536026
6888,1990,TGO,3714023.0,4744275000.0,0.1000000014901161,0.0,0.050000000745058,0.5863931179046631
6889,1991,TGO,3822637.0,4804300007.0,0.1000000014901161,0.0,0.050000000745058,0.943137526512146
6890,1992,TGO,3932581.0,4695574340.0,0.1000000014901161,0.0,0.050000000745058,0.7237076759338379
6891,1993,TGO,3887976.0,3965510675.0,0.1000000014901161,0.0,0.050000000745058,0.6754878759384155
6892,1994,TGO,3904183.0,4562486354.0,0.1000000014901161,0.0,0.050000000745058,0.6487031579017639
6893,1995,TGO,4110452.0,4920021949.0,0.1000000014901161,0.0,0.050000000745058,0.6220112442970276
6894,1996,TGO,4291129.0,5351687437.0,0.1000000014901161,0.0,0.050000000745058,0.5684457421302795
6895,1997,TGO,4438798.0,5606767164.0,0.1000000014901161,0.0,0.050000000745058,0.5452000498771667
6896,1998,TGO,4551633.0,5539430872.0,0.1000000014901161,0.0,0.050000000745058,0.5798080563545227
6897,1999,TGO,4665757.0,5739978782.0,0.1000000014901161,0.0,0.050000000745058,0.8036880493164062
6898,2000,TGO,4783721.0,5742626906.0,0.1000000014901161,0.0,0.050000000745058,0.7832916378974915
6899,2001,TGO,4904135.0,5728350754.0,0.050000000745058,0.0,0.050000000745058,0.7005813717842102
6900,2002,TGO,5027128.0,5709447507.0,0.0900000035762786,0.0,0.050000000745058,0.7690455913543701
6901,2003,TGO,5154113.0,6045966479.0,0.1199999973177909,0.0,0.0399999991059303,0.9006796479225159
6902,2004,TGO,5281320.0,6257433355.0,0.0799999982118606,0.0,0.0700000002980232,0.8638823628425598
6903,2005,TGO,5413151.0,6399681696.0,0.0700000002980232,0.0,0.0799999982118606,0.8240132331848145
6904,2006,TGO,5569659.0,6714729819.0,0.0900000035762786,0.0,0.0900000035762786,0.6846691370010376
6905,2007,TGO,5748437.0,6923652593.0,0.1000000014901161,0.0,0.0599999986588954,0.8055657148361206
6906,2008,TGO,5936140.0,7155226201.0,0.0900000035762786,0.0,0.0299999993294477,0.9358364343643188
6907,2009,TGO,6130944.0,7467517725.0,0.1099999994039535,0.0,0.0299999993294477,1.59853196144104
6908,2010,TGO,6325791.0,7846071439.0,0.0900000035762786,0.0,0.0900000035762786,1.452340006828308
6909,2011,TGO,6500577.0,8309244000.0,0.1000000014901161,0.0,0.0700000002980232,1.2749828100204468
6910,2012,TGO,6653719.0,8791743000.0,0.0900000035762786,0.0,0.1500000059604644,1.0873321294784546
6911,2013,TGO,6798851.0,9242968000.0,0.0399999991059303,0.0,0.1800000071525573,1.0202542543411257
6912,2014,TGO,6937647.0,9806234000.0,0.1199999973177909,0.0,0.1500000059604644,0.8913034200668335
6913,2015,TGO,7071500.0,10346240000.0,0.0599999986588954,0.0,0.2300000041723251,0.590736448764801
6914,2016,TGO,7200883.0,10960546310.0,0.2000000029802322,0.0,0.4900000095367431,0.7894257307052612
6915,2017,TGO,7324379.0,11420230383.0,0.209999993443489,0.0,0.3899999856948852,0.7146307826042175
6916,2018,TGO,7458205.0,11989462252.0,0.209999993443489,0.0,0.2399999946355819,0.8250898718833923
6917,2019,TGO,7619916.0,12579682405.0,0.1299999952316284,0.0,0.2800000011920929,0.7535794377326965
6918,2020,TGO,7788058.0,12720130961.0,0.0900000035762786,0.0,0.3100000023841858,0.7102267146110535
6919,2021,TGO,7936185.0,13482266787.0,0.1599999964237213,0.0,0.3300000131130218,0.8209823369979858
6920,2022,TGO,8068616.0,14265660408.0,0.1800000071525573,0.0,0.4300000071525574,0.8254839181900024
6921,2023,TGO,8223853.0,14265660408.0,0.1899999976158142,0.0,0.3100000023841858,0.8254839181900024
6922,2024,TGO,8406554.0,14265660408.0,0.209999993443489,0.0,0.3000000119209289,0.8254839181900024
6923,1990,TON,99717.0,0.0,0.0,0.0,0.0299999993294477,0.0
6924,1991,TON,99911.0,0.0,0.0,0.0,0.0299999993294477,0.0
6925,1992,TON,100045.0,0.0,0.0,0.0,0.0299999993294477,0.0
6926,1993,TON,100120.0,0.0,0.0,0.0,0.0299999993294477,0.0
6927,1994,TON,100187.0,0.0,0.0,0.0,0.0299999993294477,0.0
6928,1995,TON,100240.0,0.0,0.0,0.0,0.0299999993294477,0.0
6929,1996,TON,100294.0,0.0,0.0,0.0,0.0299999993294477,0.0
6930,1997,TON,100691.0,0.0,0.0,0.0,0.0299999993294477,0.0
6931,1998,TON,101406.0,0.0,0.0,0.0,0.0299999993294477,0.0
6932,1999,TON,102058.0,0.0,0.0,0.0,0.0299999993294477,0.0
6933,2000,TON,102695.0,0.0,0.0,0.0,0.0299999993294477,0.0
6934,2001,TON,103305.0,0.0,0.0,0.0,0.0299999993294477,0.0
6935,2002,TON,103888.0,0.0,0.0,0.0,0.0299999993294477,0.0
6936,2003,TON,104481.0,0.0,0.0,0.0,0.0299999993294477,0.0
6937,2004,TON,105088.0,0.0,0.0,0.0,0.0299999993294477,0.0
6938,2005,TON,105684.0,0.0,0.0,0.0,0.0299999993294477,0.0
6939,2006,TON,106266.0,0.0,0.0,0.0,0.0299999993294477,0.0
6940,2007,TON,106744.0,0.0,0.0,0.0,0.0299999993294477,0.0
6941,2008,TON,107036.0,0.0,0.0,0.0,0.0299999993294477,0.0
6942,2009,TON,107219.0,0.0,0.0,0.0,0.0299999993294477,0.0
6943,2010,TON,107415.0,0.0,0.0,0.0,0.0299999993294477,0.0
6944,2011,TON,107584.0,0.0,0.0,0.0,0.0299999993294477,0.0
6945,2012,TON,107476.0,0.0,0.0,0.0,0.0299999993294477,0.0
6946,2013,TON,107093.0,0.0,0.0,0.0,0.0299999993294477,0.0
6947,2014,TON,106627.0,0.0,0.0,0.0,0.0299999993294477,0.0
6948,2015,TON,106110.0,0.0,0.0,0.0,0.0299999993294477,0.0
6949,2016,TON,105536.0,0.0,0.0,0.0,0.0399999991059303,0.0
6950,2017,TON,105373.0,0.0,0.0099999997764825,0.0,0.0399999991059303,0.0
6951,2018,TON,105590.0,0.0,0.0099999997764825,0.0,0.0399999991059303,0.0
6952,2019,TON,105688.0,0.0,0.0099999997764825,0.0,0.0399999991059303,0.0
6953,2020,TON,105721.0,0.0,0.0099999997764825,0.0,0.0399999991059303,0.0
6954,2021,TON,105504.0,0.0,0.0099999997764825,0.0,0.0399999991059303,0.0
6955,2022,TON,105053.0,0.0,0.0099999997764825,0.0,0.050000000745058,0.0
6956,2023,TON,104613.0,0.0,0.0099999997764825,0.0,0.0399999991059303,0.0
6957,2024,TON,104192.0,0.0,0.0099999997764825,0.0,0.0399999991059303,0.0
6958,1990,TTO,1252215.0,17710560000.0,0.0309999994933605,69.50099182128906,3.7100000381469727,3.929856061935425
6959,1991,TTO,1262174.0,17744930735.0,0.025000000372529,69.3090591430664,3.7100000381469727,3.910348892211914
6960,1992,TTO,1271681.0,18033685367.0,0.0299999993294477,73.35067749023438,3.7100000381469727,4.072736740112305
6961,1993,TTO,1280474.0,17565341385.0,0.0280000008642673,77.3281478881836,3.7100000381469727,4.407402515411377
6962,1994,TTO,1288353.0,17136543834.0,0.0320000015199184,81.94112396240234,3.7100000381469727,4.787621021270752
6963,1995,TTO,1295167.0,18276117548.0,0.032999999821186,88.86662292480469,3.7100000381469727,4.868209362030029
6964,1996,TTO,1300937.0,19382659994.0,0.0170000009238719,100.74698638916016,3.7100000381469727,5.200589179992676
6965,1997,TTO,1305838.0,20630081772.0,0.0179999992251396,100.71772003173828,3.7100000381469727,4.884865760803223
6966,1998,TTO,1310226.0,22081300091.0,0.0179999992251396,102.23356628417967,3.7100000381469727,4.632472991943359
6967,1999,TTO,1314711.0,23618240997.0,0.0179999992251396,113.63159942626952,3.7100000381469727,4.813612461090088
6968,2000,TTO,1319781.0,24996996038.0,0.0199999995529651,118.97781372070312,3.7100000381469727,4.762301445007324
6969,2001,TTO,1325573.0,25814786793.0,0.0299999993294477,126.8841323852539,3.839999914169312,4.918877124786377
6970,2002,TTO,1332017.0,27665233734.0,0.0299999993294477,141.1995849609375,3.839999914169312,5.107008934020996
6971,2003,TTO,1338718.0,31435997895.0,0.0099999997764825,154.7403564453125,4.389999866485596,4.923788070678711
6972,2004,TTO,1345386.0,33689560531.0,0.0199999995529651,169.69937133789062,4.380000114440918,5.039550304412842
6973,2005,TTO,1352040.0,35495977662.0,0.0199999995529651,187.15333557128903,4.800000190734863,5.274722099304199
6974,2006,TTO,1358706.0,39852731106.0,0.0299999993294477,216.8538360595703,4.880000114440918,5.443682670593262
6975,2007,TTO,1365381.0,41413662308.0,0.0199999995529651,221.30618286132807,5.21999979019165,5.345485210418701
6976,2008,TTO,1372090.0,42494149374.0,0.0199999995529651,218.01336669921875,5.25,5.132168292999268
6977,2009,TTO,1379056.0,40299152132.0,0.0199999995529651,216.42044067382807,5.329999923706055,5.372125148773193
6978,2010,TTO,1386657.0,41285434067.0,0.0,233.509033203125,5.78000020980835,5.65626335144043
6979,2011,TTO,1394990.0,40819362692.0,0.0,230.5274658203125,5.96999979019165,5.647800922393799
6980,2012,TTO,1403814.0,42669299120.0,0.0,225.9031219482422,6.21999979019165,5.294678211212158
6981,2013,TTO,1412658.0,44309506041.0,0.0,228.5619964599609,6.480000019073486,5.158689022064209
6982,2014,TTO,1421135.0,45781910542.0,0.0,228.8175201416016,6.409999847412109,4.998358249664307
6983,2015,TTO,1429190.0,45435797433.0,0.0099999997764825,221.6192321777344,6.519999980926514,4.878005504608154
6984,2016,TTO,1437031.0,42362516644.0,0.0099999997764825,195.7558441162109,6.420000076293945,4.621363162994385
6985,2017,TTO,1445265.0,40368511597.0,0.0099999997764825,207.0503387451172,6.349999904632568,5.129417896270752
6986,2018,TTO,1470522.0,40016907555.0,0.0099999997764825,194.0220184326172,6.289999961853027,4.848914623260498
6987,2019,TTO,1484898.0,40060922958.0,0.0099999997764825,195.1867218017578,6.269999980926514,4.872658729553223
6988,2020,TTO,1481026.0,36985045051.0,0.0099999997764825,169.32687377929688,6.289999961853027,4.5786967277526855
6989,2021,TTO,1487715.0,36605213818.0,0.0099999997764825,173.10794067382812,6.320000171661377,4.729498863220215
6990,2022,TTO,1495923.0,37513383973.0,0.0099999997764825,173.04019165039062,6.480000019073486,4.613193035125732
6991,2023,TTO,1502938.0,37513383973.0,0.0099999997764825,163.9064483642578,6.489999771118164,4.613193035125732
6992,2024,TTO,1507778.0,37513383973.0,0.0099999997764825,159.78875732421875,6.510000228881836,4.613193035125732
6993,1990,TUN,8324509.0,43649701957.0,0.0799999982118606,0.0,6.210000038146973,1.3441400527954102
6994,1991,TUN,8501826.0,45587109207.0,0.0799999982118606,0.0,6.210000038146973,1.0609651803970337
6995,1992,TUN,8682509.0,49384845105.0,0.0799999982118606,0.0,6.210000038146973,1.1328407526016235
6996,1993,TUN,8857916.0,50757975923.0,0.0799999982118606,0.0,6.210000038146973,1.2585580348968506
6997,1994,TUN,9018447.0,52754322601.0,0.0799999982118606,0.0,6.210000038146973,1.3126685619354248
6998,1995,TUN,9161263.0,54252486853.0,0.0799999982118606,0.0,6.210000038146973,1.1525393724441528
6999,1996,TUN,9294433.0,58083472037.0,0.0799999982118606,0.0,6.210000038146973,1.1557328701019287
7000,1997,TUN,9421273.0,61515605479.0,0.0799999982118606,0.0,6.210000038146973,1.2681704759597778
7001,1998,TUN,9541669.0,64700491559.0,0.0799999982118606,0.0,6.210000038146973,1.296208143234253
7002,1999,TUN,9655966.0,68718201843.0,0.0799999982118606,0.0,6.210000038146973,1.229037165641785
7003,2000,TUN,9764940.0,71818861344.0,0.0799999982118606,0.0,6.210000038146973,1.2379286289215088
7004,2001,TUN,9869679.0,75444595962.0,0.0700000002980232,0.0,6.670000076293945,1.308681845664978
7005,2002,TUN,9971521.0,76877531228.0,0.0900000035762786,0.0,6.920000076293945,1.27069091796875
7006,2003,TUN,10071638.0,81240064067.0,0.1899999976158142,0.0,6.460000038146973,1.1827515363693235
7007,2004,TUN,10166170.0,86232298416.0,0.1899999976158142,0.0,6.840000152587891,1.1362756490707395
7008,2005,TUN,10255474.0,89804282207.0,0.1800000071525573,0.0,7.269999980926514,1.184781193733215
7009,2006,TUN,10346408.0,95016289901.0,0.1299999952316284,0.0,7.599999904632568,1.0570586919784546
7010,2007,TUN,10441705.0,101101822575.0,0.0900000035762786,0.0,8.050000190734863,0.8856530785560608
7011,2008,TUN,10542637.0,105766317552.0,0.0700000002980232,0.0,8.369999885559082,0.979820191860199
7012,2009,TUN,10650682.0,109299724050.0,0.1800000071525573,0.0,8.8100004196167,0.7888302803039551
7013,2010,TUN,10765984.0,112484995734.0,0.1899999976158142,0.0,9.130000114440918,0.7863190770149231
7014,2011,TUN,10886041.0,110760053250.0,0.1599999964237213,0.0,9.390000343322754,0.7621179223060608
7015,2012,TUN,11009649.0,115430801370.0,0.3100000023841858,0.0,10.1899995803833,0.8016697764396667
7016,2013,TUN,11141365.0,118235775346.0,0.4300000071525574,0.0,10.3100004196167,0.8273696899414062
7017,2014,TUN,11274295.0,121889250523.0,0.5899999737739563,0.0,10.710000038146973,0.8827180862426758
7018,2015,TUN,11402270.0,123069138453.0,0.5799999833106995,0.0,11.0600004196167,0.9036896228790284
7019,2016,TUN,11528676.0,124443824545.0,0.6299999952316284,0.0,11.0600004196167,0.8915268182754517
7020,2017,TUN,11650504.0,127228891219.0,0.6000000238418579,0.0,11.649999618530272,0.9240423440933228
7021,2018,TUN,11765515.0,130568635947.0,0.550000011920929,0.0,11.869999885559082,0.9186200499534608
7022,2019,TUN,11875084.0,132642060864.0,0.6899999976158142,0.0,12.4399995803833,0.9180760383605956
7023,2020,TUN,11974058.0,120945694784.0,0.6700000166893005,0.0,12.06999969482422,0.928761661052704
7024,2021,TUN,12048625.0,126273349199.0,0.6800000071525574,0.0,12.359999656677246,0.972254991531372
7025,2022,TUN,12119338.0,129457959410.0,0.6499999761581421,0.0,12.109999656677246,0.9443226456642152
7026,2023,TUN,12200434.0,129457959410.0,0.8399999737739563,0.0,11.920000076293944,0.9443226456642152
7027,2024,TUN,12277103.0,129457959410.0,0.9399999976158142,0.0,11.93000030517578,0.9443226456642152
7028,2025,TUN,12348576.0,129457959410.0,0.8999999761581421,0.0,12.5,0.9443226456642152
7029,1990,TUR,56015627.0,486761175773.0,23.229999542236328,492.6314086914063,71.41000366210938,1.153144359588623
7030,1991,TUR,57009892.0,498030901697.0,22.799999237060547,505.7012634277344,71.41000366210938,1.1507896184921265
7031,1992,TUR,57990121.0,535075772045.0,26.690000534057617,523.877197265625,71.41000366210938,1.1265437602996826
7032,1993,TUR,58999164.0,586262069548.0,34.09000015258789,554.4357299804688,71.41000366210938,1.1176375150680542
7033,1994,TUR,60033832.0,562010879560.0,30.71999931335449,543.6719360351562,71.41000366210938,1.128983497619629
7034,1995,TUR,61024501.0,610881311777.0,35.849998474121094,604.0589599609375,71.41000366210938,1.162429928779602
7035,1996,TUR,61951134.0,662700429389.0,40.72999954223633,654.1555786132812,71.41000366210938,1.1689108610153198
7036,1997,TUR,62852968.0,722433616413.0,40.18999862670898,691.372314453125,71.41000366210938,1.1215999126434326
7037,1998,TUR,63734385.0,754598720693.0,42.560001373291016,704.7879638671875,71.41000366210938,1.1008306741714478
7038,1999,TUR,64591916.0,725083487631.0,34.90999984741211,705.6627197265625,71.41000366210938,1.1156210899353027
7039,2000,TUR,65425957.0,785054993224.0,31.15999984741211,771.3895874023438,71.41000366210938,1.0999737977981567
7040,2001,TUR,66245125.0,732284634333.0,24.34000015258789,712.91015625,73.98999786376953,1.0712629556655884
7041,2002,TUR,67048792.0,796073298321.0,33.959999084472656,760.0208740234375,68.91000366210938,1.0792804956436155
7042,2003,TUR,67831735.0,848549642280.0,35.560001373291016,806.2808837890625,73.2300033569336,1.0717318058013916
7043,2004,TUR,68592621.0,931152861082.0,46.310001373291016,840.3776245117188,74.01000213623047,1.0458449125289917
7044,2005,TUR,69329557.0,1017383777200.0,39.7400016784668,882.3003540039062,87.86000061035156,0.979094922542572
7045,2006,TUR,70045351.0,1096826103018.0,44.52000045776367,978.1309204101562,94.7300033569336,1.0074992179870603
7046,2007,TUR,70750593.0,1158406990670.0,36.459999084472656,1070.473388671875,110.66000366210938,1.0132187604904177
7047,2008,TUR,71562343.0,1179868355277.0,34.41999816894531,1079.7427978515625,117.73999786376952,0.9972985982894896
7048,2009,TUR,72464846.0,1122756788420.0,38.150001525878906,1086.092529296875,112.41000366210938,1.0623302459716797
7049,2010,TUR,73346766.0,1240496805446.0,55.720001220703125,1098.3883056640625,110.87999725341795,1.0102134943008425
7050,2011,TUR,74215203.0,1364782716000.0,58.09000015258789,1176.48779296875,124.0999984741211,0.979662537574768
7051,2012,TUR,75197196.0,1430132002360.0,65.20999908447266,1241.200927734375,126.4000015258789,0.9936433434486388
7052,2013,TUR,76403032.0,1551491738617.0,69.22000122070312,1218.9072265625,122.47000122070312,0.9102128148078918
7053,2014,TUR,78036154.0,1628131977724.0,52.619998931884766,1309.912841796875,142.9199981689453,0.8932660818099976
7054,2015,TUR,80014222.0,1727192876718.0,83.6500015258789,1362.2806396484375,132.10000610351562,0.9200022220611572
7055,2016,TUR,81652087.0,1784590365590.0,90.23999786376952,1426.13671875,143.4499969482422,0.9353625178337096
7056,2017,TUR,83083667.0,1918472081554.0,87.23999786376953,1553.37109375,158.8300018310547,0.9316484332084656
7057,2018,TUR,84415966.0,1975637604336.0,96.81999969482422,1526.9276123046875,162.6300048828125,0.9049599766731262
7058,2019,TUR,85357670.0,1991116616493.0,131.47000122070312,1497.6326904296875,146.6199951171875,0.9286893010139464
7059,2020,TUR,86091691.0,2029749392174.0,127.33000183105467,1482.0963134765625,145.6999969482422,0.8975636959075928
7060,2021,TUR,86686254.0,2260196231771.0,116.06999969482422,1636.8021240234375,164.13999938964844,0.8631653785705566
7061,2022,TUR,87058469.0,2385996374127.0,134.35000610351562,1604.5498046875,156.41000366210938,0.8252526521682739
7062,2023,TUR,87270502.0,2385996374127.0,134.33999633789062,1591.713134765625,157.88999938964844,0.8252526521682739
7063,2024,TUR,87473800.0,2385996374127.0,155.64999389648438,1667.2432861328125,160.2899932861328,0.8252526521682739
7064,2025,TUR,87685427.0,2385996374127.0,153.07000732421875,1667.2432861328125,167.99000549316406,0.8252526521682739
7065,1990,TKM,3760561.0,21201768000.0,0.003000000026077,160.99911499023438,12.869999885559082,7.594083309173584
7066,1991,TKM,3855902.0,20437989542.0,0.003000000026077,146.21994018554688,12.869999885559082,7.154755592346191
7067,1992,TKM,3944689.0,17569987922.0,0.0041999998502433,138.03041076660156,12.869999885559082,7.856740474700928
7068,1993,TKM,4032415.0,18037537140.0,0.0049999998882412,127.284423828125,12.869999885559082,7.057460784912109
7069,1994,TKM,4116662.0,15091315379.0,0.0040000001899898,135.5829620361328,12.869999885559082,8.984954833984375
7070,1995,TKM,4191207.0,14166397093.0,0.0040000001899898,104.25801849365234,12.869999885559082,7.360364437103271
7071,1996,TKM,4263818.0,13366623522.0,0.0049999998882412,158.0279083251953,12.869999885559082,11.823680877685549
7072,1997,TKM,4336732.0,11995995999.0,0.0049999998882412,123.12686157226562,12.869999885559082,10.265230178833008
7073,1998,TKM,4410511.0,12945785203.0,0.006000000052154,140.6221466064453,12.869999885559082,10.86375904083252
7074,1999,TKM,4492174.0,15251899688.0,0.0049999998882412,123.26617431640624,12.869999885559082,8.082989692687988
7075,2000,TKM,4582675.0,18299208667.0,0.0,130.2686004638672,12.869999885559082,7.119319915771484
7076,2001,TKM,4675416.0,22282743473.0,0.0,151.91293334960938,13.859999656677246,6.817931175231934
7077,2002,TKM,4769473.0,26092440396.0,0.0,130.3358917236328,13.979999542236328,4.99551248550415
7078,2003,TKM,4863871.0,30907677346.0,0.0,167.95492553710938,14.109999656677246,5.434380054473877
7079,2004,TKM,4958091.0,35857575608.0,0.0,187.13601684570312,15.56999969482422,5.219123363494873
7080,2005,TKM,5052260.0,41000508021.0,0.0,175.23365783691406,16.75,4.274158954620361
7081,2006,TKM,5147103.0,46019998793.0,0.0,180.03268432617188,17.829999923706055,3.912248134613037
7082,2007,TKM,5244047.0,51693703669.0,0.0,165.9522705078125,19.440000534057617,3.210471868515014
7083,2008,TKM,5345033.0,60001295021.0,0.0,154.90353393554688,19.649999618530277,2.581817626953125
7084,2009,TKM,5451597.0,64409212896.0,0.0,226.63018798828125,20.8799991607666,3.518735647201538
7085,2010,TKM,5564356.0,71115148352.0,0.0,246.75624084472656,21.770000457763672,3.4699418544769287
7086,2011,TKM,5683413.0,82520290491.0,0.0,266.9672241210937,22.5,3.2352912425994877
7087,2012,TKM,5808548.0,87581261691.0,0.0,315.56060791015625,23.190000534057617,3.6031904220581055
7088,2013,TKM,5939348.0,87286119372.0,0.0,267.6374206542969,24.649999618530277,3.066364526748657
7089,2014,TKM,6075286.0,90639646545.0,0.0,283.6856689453125,26.649999618530277,3.1300063133239746
7090,2015,TKM,6215773.0,93346148579.0,0.0,322.2254638671875,29.440000534057617,3.452183246612549
7091,2016,TKM,6360041.0,92434154525.0,0.0,348.6377868652344,29.440000534057617,3.7720351219177246
7092,2017,TKM,6507065.0,96785037864.0,0.0,323.5478210449219,31.209999084472656,3.343230962753296
7093,2018,TKM,6655523.0,97638670425.0,0.0,365.3809814453125,33.130001068115234,3.7424490451812735
7094,2019,TKM,6803943.0,94329707021.0,0.0,350.650390625,29.399999618530277,3.717567205429077
7095,2020,TKM,6949915.0,91559235694.0,0.0,444.2346496582031,33.65999984741211,4.852173328399658
7096,2021,TKM,7092042.0,95789282239.0,0.0099999997764825,444.77044677734375,37.09000015258789,4.643493175506592
7097,2022,TKM,7230197.0,97502944727.0,0.0099999997764825,471.7444152832031,42.58000183105469,4.838528156280518
7098,2023,TKM,7364437.0,97502944727.0,0.0099999997764825,438.43402099609375,42.58000183105469,4.838528156280518
7099,2024,TKM,7494494.0,97502944727.0,0.0099999997764825,371.13818359375,43.119998931884766,4.838528156280518
7100,1990,TCA,11708.0,0.0,0.0,0.0,0.050000000745058,0.0
7101,1991,TCA,12328.0,0.0,0.0,0.0,0.050000000745058,0.0
7102,1992,TCA,12992.0,0.0,0.0,0.0,0.050000000745058,0.0
7103,1993,TCA,13670.0,0.0,0.0,0.0,0.050000000745058,0.0
7104,1994,TCA,14368.0,0.0,0.0,0.0,0.050000000745058,0.0
7105,1995,TCA,15074.0,0.0,0.0,0.0,0.050000000745058,0.0
7106,1996,TCA,15786.0,0.0,0.0,0.0,0.050000000745058,0.0
7107,1997,TCA,16505.0,0.0,0.0,0.0,0.050000000745058,0.0
7108,1998,TCA,17236.0,0.0,0.0,0.0,0.050000000745058,0.0
7109,1999,TCA,17981.0,0.0,0.0,0.0,0.050000000745058,0.0
7110,2000,TCA,18754.0,0.0,0.0,0.0,0.050000000745058,0.0
7111,2001,TCA,19603.0,0.0,0.0,0.0,0.050000000745058,0.0
7112,2002,TCA,20619.0,0.0,0.0,0.0,0.0700000002980232,0.0
7113,2003,TCA,21749.0,0.0,0.0,0.0,0.0700000002980232,0.0
7114,2004,TCA,22881.0,0.0,0.0,0.0,0.0799999982118606,0.0
7115,2005,TCA,24011.0,0.0,0.0,0.0,0.0900000035762786,0.0
7116,2006,TCA,25146.0,0.0,0.0,0.0,0.1099999994039535,0.0
7117,2007,TCA,26290.0,0.0,0.0,0.0,0.1199999973177909,0.0
7118,2008,TCA,27452.0,0.0,0.0,0.0,0.1299999952316284,0.0
7119,2009,TCA,28610.0,0.0,0.0,0.0,0.1299999952316284,0.0
7120,2010,TCA,29763.0,0.0,0.0,0.0,0.1400000005960464,0.0
7121,2011,TCA,30870.0,0.0,0.0,0.0,0.1400000005960464,0.0
7122,2012,TCA,32152.0,0.0,0.0,0.0,0.1400000005960464,0.0
7123,2013,TCA,33675.0,0.0,0.0,0.0,0.1400000005960464,0.0
7124,2014,TCA,35077.0,0.0,0.0,0.0,0.1500000059604644,0.0
7125,2015,TCA,36632.0,0.0,0.0,0.0,0.1500000059604644,0.0
7126,2016,TCA,38342.0,0.0,0.0,0.0,0.1599999964237213,0.0
7127,2017,TCA,39931.0,0.0,0.0,0.0,0.1899999976158142,0.0
7128,2018,TCA,41580.0,0.0,0.0,0.0,0.1700000017881393,0.0
7129,2019,TCA,43191.0,0.0,0.0,0.0,0.1700000017881393,0.0
7130,2020,TCA,44405.0,0.0,0.0,0.0,0.1599999964237213,0.0
7131,2021,TCA,45262.0,0.0,0.0,0.0,0.1700000017881393,0.0
7132,2022,TCA,45869.0,0.0,0.0,0.0,0.1700000017881393,0.0
7133,2023,TCA,46221.0,0.0,0.0,0.0,0.1700000017881393,0.0
7134,2024,TCA,46563.0,0.0,0.0099999997764825,0.0,0.1700000017881393,0.0
7135,1990,TUV,8821.0,0.0,0.0,0.0,0.0,0.0
7136,1991,TUV,8953.0,0.0,0.0,0.0,0.0,0.0
7137,1992,TUV,9060.0,0.0,0.0,0.0,0.0,0.0
7138,1993,TUV,9146.0,0.0,0.0,0.0,0.0,0.0
7139,1994,TUV,9231.0,0.0,0.0,0.0,0.0,0.0
7140,1995,TUV,9299.0,0.0,0.0,0.0,0.0,0.0
7141,1996,TUV,9363.0,0.0,0.0,0.0,0.0,0.0
7142,1997,TUV,9425.0,0.0,0.0,0.0,0.0,0.0
7143,1998,TUV,9469.0,0.0,0.0,0.0,0.0,0.0
7144,1999,TUV,9518.0,0.0,0.0,0.0,0.0,0.0
7145,2000,TUV,9566.0,0.0,0.0,0.0,0.0,0.0
7146,2001,TUV,9608.0,0.0,0.0,0.0,0.0,0.0
7147,2002,TUV,9645.0,0.0,0.0,0.0,0.0,0.0
7148,2003,TUV,9715.0,0.0,0.0,0.0,0.0,0.0
7149,2004,TUV,9839.0,0.0,0.0,0.0,0.0,0.0
7150,2005,TUV,9964.0,0.0,0.0,0.0,0.0,0.0
7151,2006,TUV,10078.0,0.0,0.0,0.0,0.0,0.0
7152,2007,TUV,10204.0,0.0,0.0,0.0,0.0,0.0
7153,2008,TUV,10344.0,0.0,0.0,0.0,0.0,0.0
7154,2009,TUV,10479.0,0.0,0.0,0.0,0.0,0.0
7155,2010,TUV,10635.0,0.0,0.0,0.0,0.0,0.0
7156,2011,TUV,10804.0,0.0,0.0,0.0,0.0,0.0
7157,2012,TUV,10960.0,0.0,0.0,0.0,0.0,0.0
7158,2013,TUV,11028.0,0.0,0.0,0.0,0.0,0.0
7159,2014,TUV,11007.0,0.0,0.0,0.0,0.0,0.0
7160,2015,TUV,10985.0,0.0,0.0,0.0,0.0,0.0
7161,2016,TUV,10951.0,0.0,0.0,0.0,0.0,0.0
7162,2017,TUV,10892.0,0.0,0.0,0.0,0.0,0.0
7163,2018,TUV,10775.0,0.0,0.0,0.0,0.0,0.0
7164,2019,TUV,10603.0,0.0,0.0,0.0,0.0,0.0
7165,2020,TUV,10423.0,0.0,0.0,0.0,0.0,0.0
7166,2021,TUV,10214.0,0.0,0.0,0.0,0.0,0.0
7167,2022,TUV,10012.0,0.0,0.0,0.0,0.0,0.0
7168,2023,TUV,9837.0,0.0,0.0,0.0,0.0,0.0
7169,1990,UGA,17569895.0,16268766281.0,1.5800000429153442,0.0,0.0599999986588954,0.2551562786102295
7170,1991,UGA,18155901.0,16538921393.0,1.5800000429153442,0.0,0.0599999986588954,0.2696936726570129
7171,1992,UGA,18785037.0,17483615008.0,1.5800000429153442,0.0,0.0599999986588954,0.2779713571071625
7172,1993,UGA,19445161.0,18599694641.0,1.5800000429153442,0.0,0.0599999986588954,0.2664292454719543
7173,1994,UGA,20108804.0,19993293080.0,1.5800000429153442,0.0,0.0599999986588954,0.2556530833244324
7174,1995,UGA,20665673.0,21811147459.0,1.5800000429153442,0.0,0.0599999986588954,0.2335294634103775
7175,1996,UGA,21231553.0,23216439568.0,1.5800000429153442,0.0,0.0599999986588954,0.2256772369146347
7176,1997,UGA,21856044.0,24283122652.0,1.5800000429153442,0.0,0.0599999986588954,0.2258284240961074
7177,1998,UGA,22515809.0,25735377689.0,1.5800000429153442,0.0,0.0599999986588954,0.2338251024484634
7178,1999,UGA,23257279.0,27748054330.0,1.5800000429153442,0.0,0.0599999986588954,0.2169731259346008
7179,2000,UGA,24000158.0,28839086120.0,1.5800000429153442,0.0,0.0599999986588954,0.2519400417804718
7180,2001,UGA,24745678.0,31387264047.0,1.5800000429153442,0.0,0.0599999986588954,0.2363747209310531
7181,2002,UGA,25532872.0,33626854165.0,1.7100000381469729,0.0,0.0599999986588954,0.2234873920679092
7182,2003,UGA,26352124.0,35593796200.0,1.7899999618530271,0.0,0.0599999986588954,0.2237195372581482
7183,2004,UGA,27154513.0,37411396915.0,1.940000057220459,0.0,0.050000000745058,0.2272347658872604
7184,2005,UGA,27963287.0,40921116463.0,1.8899999856948853,0.0,0.1000000014901161,0.2500662207603454
7185,2006,UGA,28794005.0,43572248099.0,1.2200000286102295,0.0,0.2899999916553497,0.2563882768154144
7186,2007,UGA,29653437.0,46853864818.0,1.4600000381469729,0.0,0.4000000059604645,0.287997305393219
7187,2008,UGA,30539547.0,51468911832.0,1.7300000190734863,0.0,0.449999988079071,0.2679916620254516
7188,2009,UGA,31451147.0,55303695281.0,1.5399999618530271,0.0,0.6399999856948853,0.2647586464881897
7189,2010,UGA,32390801.0,59228535712.0,1.6299999952316284,0.0,0.800000011920929,0.2816370129585266
7190,2011,UGA,33354541.0,62855840742.0,1.6299999952316284,0.0,0.7400000095367432,0.2792817950248718
7191,2012,UGA,34337436.0,64322268140.0,2.609999895095825,0.0,0.2800000011920929,0.2789693474769592
7192,2013,UGA,35337050.0,66855286085.0,3.069999933242798,0.0,0.1099999994039535,0.2859416604042053
7193,2014,UGA,36395542.0,70696115682.0,3.140000104904175,0.0,0.1800000071525573,0.318075954914093
7194,2015,UGA,37531444.0,76356053069.0,3.470000028610229,0.0,0.2000000029802322,0.3009925186634063
7195,2016,UGA,38799153.0,76477462940.0,3.700000047683716,0.0,0.209999993443489,0.3130923509597778
7196,2017,UGA,40177384.0,81700865546.0,3.7100000381469727,0.0,0.1800000071525573,0.3172104358673095
7197,2018,UGA,41565839.0,86196050499.0,3.990000009536743,0.0,0.3499999940395355,0.3237762153148651
7198,2019,UGA,42999636.0,92903828922.0,4.440000057220459,0.0,0.2599999904632568,0.3070190250873565
7199,2020,UGA,44457148.0,91695146192.0,4.480000019073486,0.0,0.25,0.2976418733596802
7200,2021,UGA,45910931.0,97200521048.0,5.139999866485596,0.0,0.2899999916553497,0.3098941445350647
7201,2022,UGA,47312718.0,101995416951.0,5.599999904632568,0.0,0.3300000131130218,0.3076403141021728
7202,2023,UGA,48656606.0,101995416951.0,5.599999904632568,0.0,0.3400000035762787,0.3076403141021728
7203,2024,UGA,50015091.0,101995416951.0,5.639999866485596,0.0,0.3400000035762787,0.3076403141021728
7204,1990,UKR,52054096.0,495935180914.0,10.510000228881836,2947.448486328125,69.16000366210938,6.4417643547058105
7205,1991,UKR,52170967.0,460353469353.0,11.710000038146973,2746.756591796875,69.16000366210938,6.504932880401611
7206,1992,UKR,52323675.0,421710473536.0,7.880000114440918,2297.976318359375,69.16000366210938,6.000688076019287
7207,1993,UKR,52350122.0,367893677382.0,11.039999961853027,1972.133056640625,69.16000366210938,6.029672145843506
7208,1994,UKR,52076000.0,288418666392.0,12.119999885559082,1664.6617431640625,69.16000366210938,6.573262691497803
7209,1995,UKR,51665535.0,257477945796.0,9.949999809265137,1620.2142333984375,69.16000366210938,7.1841301918029785
7210,1996,UKR,51226111.0,235602711740.0,8.630000114440918,1472.74658203125,69.16000366210938,7.317709922790527
7211,1997,UKR,50786881.0,232333254592.0,9.859999656677246,1408.3525390625,69.16000366210938,7.15734338760376
7212,1998,UKR,50379728.0,231737294856.0,15.739999771118164,1344.61328125,69.16000366210938,6.924453258514404
7213,1999,UKR,49976445.0,235148309693.0,14.31999969482422,1333.7333984375,69.16000366210938,6.721645832061768
7214,2000,UKR,49556654.0,253196030608.0,11.279999732971191,1332.6455078125,69.16000366210938,6.261775016784668
7215,2001,UKR,49106854.0,281110336028.0,12.050000190734863,1312.778564453125,70.8499984741211,5.559739589691162
7216,2002,UKR,48677280.0,301087057315.0,9.649999618530272,1306.631591796875,72.08000183105469,5.15876579284668
7217,2003,UKR,48315133.0,335257370240.0,9.270000457763672,1338.4979248046875,74.16999816894531,4.748374938964844
7218,2004,UKR,47979502.0,381078098070.0,11.779999732971191,1311.2735595703125,67.16000366210938,4.161540508270264
7219,2005,UKR,47585558.0,399366244154.0,12.399999618530272,1326.1068115234375,69.87000274658203,4.020100593566895
7220,2006,UKR,47278691.0,436786761547.0,12.93000030517578,1341.311767578125,78.2699966430664,3.719048500061035
7221,2007,UKR,47062802.0,480580682697.0,10.470000267028809,1337.0758056640625,81.6500015258789,3.366514205932617
7222,2008,UKR,46819168.0,499592169886.0,11.81999969482422,1286.4759521484375,80.48999786376953,3.1266558170318604
7223,2009,UKR,46623731.0,431074416655.0,12.119999885559082,1074.43408203125,71.12000274658203,3.0866076946258545
7224,2010,UKR,46455997.0,439429783004.0,13.390000343322754,1152.2208251953125,77.38999938964844,3.2471961975097656
7225,2011,UKR,46307854.0,471221167316.0,11.1899995803833,1204.893310546875,83.36000061035156,3.129622459411621
7226,2012,UKR,46210051.0,472276721174.0,11.229999542236328,1174.960693359375,87.87999725341797,3.055389642715454
7227,2013,UKR,46126760.0,472286166147.0,15.109999656677246,1110.220458984375,87.2699966430664,2.899869918823242
7228,2014,UKR,45972379.0,441233307180.0,10.170000076293944,950.507080078125,76.36000061035156,2.73862099647522
7229,2015,UKR,45784904.0,398045419167.0,7.099999904632568,757.3712158203125,62.220001220703125,2.520837783813477
7230,2016,UKR,45616831.0,407666198456.0,9.260000228881836,816.7634887695312,67.2300033569336,2.57562518119812
7231,2017,UKR,45436037.0,417287091525.0,10.859999656677246,727.2483520507812,54.18000030517578,2.3373138904571533
7232,2018,UKR,45208903.0,431842093109.0,13.029999732971191,762.6769409179688,55.84000015258789,2.3434226512908936
7233,2019,UKR,44957451.0,445656664440.0,11.869999885559082,715.2097778320312,52.63999938964844,2.148881196975708
7234,2020,UKR,44680008.0,428931213784.0,16.950000762939453,680.8824462890625,48.09000015258789,2.141256093978882
7235,2021,UKR,44298642.0,443313281092.0,21.670000076293945,660.58837890625,43.720001220703125,2.108971118927002
7236,2022,UKR,41048768.0,309166674673.0,18.299999237060547,414.51763916015625,27.93000030517578,2.0014472007751465
7237,2023,UKR,37732833.0,309166674673.0,18.299999237060547,404.0169677734375,27.93000030517578,2.0014472007751465
7238,2024,UKR,37860221.0,309166674673.0,18.299999237060547,417.0783386230469,27.93000030517578,2.0014472007751465
7239,1990,ARE,1898220.0,40641367500.0,0.0,344.95269775390625,27.030000686645508,8.487723350524902
7240,1991,ARE,2006630.0,45477465430.666664,0.0,420.8374633789063,27.030000686645508,8.21800438563029
7241,1992,ARE,2114738.0,50313563361.333336,0.0,406.6956787109375,27.030000686645508,7.948285420735677
7242,1993,ARE,2222098.0,55149661292.0,0.0,423.4703369140625,27.030000686645508,7.678566455841064
7243,1994,ARE,2328191.0,64654417907.0,0.0,464.6741333007813,27.030000686645508,7.1870436668396
7244,1995,ARE,2434667.0,75243844061.0,0.0,484.8710021972656,27.030000686645508,6.443995475769043
7245,1996,ARE,2597570.0,87750952594.0,0.0,499.68792724609375,27.030000686645508,5.694387435913086
7246,1997,ARE,2817410.0,104923199568.0,0.0,521.4564208984375,27.030000686645508,4.969886779785156
7247,1998,ARE,3040432.0,115962052318.0,0.0,534.1128540039062,27.030000686645508,4.60592794418335
7248,1999,ARE,3266011.0,131410914902.0,0.0,538.3689575195312,27.030000686645508,4.096836090087891
7249,2000,ARE,3493583.0,160530689682.0,0.0,535.7819213867188,27.030000686645508,3.33756685256958
7250,2001,ARE,3723596.0,177271829556.0,0.0,541.5660400390625,29.209999084472656,3.0550034046173096
7251,2002,ARE,3956829.0,195394872658.0,0.0,591.6931762695312,31.709999084472656,3.028191566467285
7252,2003,ARE,4192465.0,224547226340.0,0.0,631.1553344726562,33.459999084472656,2.810791015625
7253,2004,ARE,4428964.0,252047957126.0,0.0,675.0653686523438,35.470001220703125,2.678321123123169
7254,2005,ARE,4664797.0,262413275144.0,0.0,704.5980834960938,41.08000183105469,2.685070276260376
7255,2006,ARE,5009106.0,307378573765.0,0.0,741.29296875,42.2599983215332,2.411661148071289
7256,2007,ARE,5624640.0,367816178792.0,0.0,818.361083984375,53.29999923706055,2.2249186038970947
7257,2008,ARE,6302669.0,464692468324.0,0.0,938.4005126953124,54.45000076293945,2.0194010734558105
7258,2009,ARE,6707063.0,480551549339.0,0.0099999997764825,925.5575561523438,57.9900016784668,1.9260687828063965
7259,2010,ARE,6938372.0,490048925162.0,0.0199999995529651,972.4406127929688,63.56999969482422,1.9844788312911987
7260,2011,ARE,7199436.0,551070287560.0,0.0199999995529651,1020.874267578125,67.06999969482422,1.8526335954666135
7261,2012,ARE,7497122.0,577394943300.0,0.0199999995529651,1074.0333251953125,71.86000061035156,1.860251545906067
7262,2013,ARE,7831851.0,606587973942.0,0.0900000035762786,1131.62255859375,74.37000274658203,1.865944266319275
7263,2014,ARE,8236880.0,631858461256.0,0.3100000023841858,1134.34912109375,78.66999816894531,1.7965935468673706
7264,2015,ARE,8674633.0,674742705535.0,0.3000000119209289,1222.269287109375,86.01000213623047,1.8126596212387085
7265,2016,ARE,9030873.0,712265114847.0,0.3199999928474426,1268.6763916015625,87.5199966430664,1.7823731899261477
7266,2017,ARE,9234330.0,717500233045.0,0.75,1209.9052734375,90.5999984741211,1.689042329788208
7267,2018,ARE,9346870.0,726928170282.0,1.2000000476837158,1129.55517578125,91.29000091552734,1.5582352876663208
7268,2019,ARE,9377855.0,734982504070.0,3.660000085830689,1207.3211669921875,91.38999938964844,1.655764102935791
7269,2020,ARE,9448529.0,698549476819.0,5.179999828338623,1166.780029296875,88.66000366210938,1.6956549882888794
7270,2021,ARE,9789055.0,725904671328.0,6.25,1197.758544921875,90.22000122070312,1.7090485095977783
7271,2022,ARE,10242085.0,779701520404.0,7.75,1282.42236328125,86.80000305175781,1.7352122068405151
7272,2023,ARE,10642089.0,779701520404.0,14.670000076293944,1309.181640625,81.05000305175781,1.7352122068405151
7273,2024,ARE,11027135.0,779701520404.0,15.619999885559082,1380.5819091796875,82.87000274658203,1.7352122068405151
7274,1990,GBR,57367867.0,1505692258761.0,5.730000019073486,2304.769775390625,196.82000732421875,1.665940284729004
7275,1991,GBR,57555199.0,1488075367051.0,5.239999771118164,2345.41552734375,196.82000732421875,1.7211605310440063
7276,1992,GBR,57719273.0,1491752084171.0,6.309999942779541,2308.4873046875,196.82000732421875,1.70626699924469
7277,1993,GBR,57861037.0,1527509015289.0,5.71999979019165,2303.994384765625,196.82000732421875,1.6855710744857788
7278,1994,GBR,58003200.0,1585373248060.0,6.980000019073486,2272.325439453125,196.82000732421875,1.604557752609253
7279,1995,GBR,58154632.0,1623858039641.0,6.679999828338623,2279.953125,196.82000732421875,1.571901798248291
7280,1996,GBR,58298563.0,1663446715470.0,5.690000057220459,2390.4189453125,196.82000732421875,1.6088852882385254
7281,1997,GBR,58447091.0,1713864597603.0,7.179999828338623,2329.801513671875,196.82000732421875,1.5345429182052612
7282,1998,GBR,58626822.0,1766619867063.0,8.649999618530273,2343.12646484375,196.82000732421875,1.5009557008743286
7283,1999,GBR,58838663.0,1823341961805.0,9.619999885559082,2340.0380859375,196.82000732421875,1.447462558746338
7284,2000,GBR,59057333.0,1889565292321.0,9.90999984741211,2392.519287109375,196.82000732421875,1.4099096059799194
7285,2001,GBR,59288095.0,1939268312671.0,9.539999961853027,2408.62646484375,203.5399932861328,1.388052463531494
7286,2002,GBR,59540764.0,1983994308619.0,11.119999885559082,2350.893310546875,201.7100067138672,1.326032042503357
7287,2003,GBR,59820385.0,2050625402735.0,10.6899995803833,2388.922607421875,213.75,1.3014246225357056
7288,2004,GBR,60169964.0,2099526641365.0,14.140000343322754,2426.19873046875,211.1499938964844,1.281551718711853
7289,2005,GBR,60596107.0,2161729510824.0,16.93000030517578,2436.0947265625,213.22000122070312,1.2548667192459106
7290,2006,GBR,61051093.0,2212618867772.0,18.100000381469727,2415.492431640625,222.2100067138672,1.2104829549789429
7291,2007,GBR,61535859.0,2267631534502.0,19.68000030517578,2370.072509765625,220.6499938964844,1.1484194993972778
7292,2008,GBR,62027303.0,2252034759561.0,21.940000534057617,2342.806640625,215.6300048828125,1.1362241506576538
7293,2009,GBR,62506222.0,2151479208521.0,25.239999771118164,2162.27001953125,190.1300048828125,1.1261143684387207
7294,2010,GBR,63006482.0,2190919919855.0,26.18000030517578,2231.316162109375,197.6000061035156,1.1297292709350586
7295,2011,GBR,63509285.0,2223011392593.0,35.20000076293945,2045.8310546875,183.8500061035156,1.0491122007369995
7296,2012,GBR,63960488.0,2255210551431.0,41.2400016784668,2069.352294921875,195.47999572753903,1.053181529045105
7297,2013,GBR,64389386.0,2296252599482.0,53.209999084472656,2038.48583984375,181.6199951171875,1.040161371231079
7298,2014,GBR,64865914.0,2369725553442.0,64.51000213623047,1890.724853515625,156.49000549316406,0.9518855810165404
7299,2015,GBR,65382107.0,2426435869267.0,83.36000061035156,1847.762451171875,134.8000030517578,0.9394302368164062
7300,2016,GBR,65893359.0,2478973016876.0,83.01000213623047,1814.01171875,113.0999984741211,0.906392216682434
7301,2017,GBR,66354473.0,2539548543933.0,98.88999938964844,1780.5145263671875,102.20999908447266,0.8863949179649353
7302,2018,GBR,66752473.0,2582848171416.0,110.13999938964844,1755.416748046875,95.33999633789062,0.8697469234466553
7303,2019,GBR,67110958.0,2624285076706.0,119.73999786376952,1694.1256103515625,87.81999969482422,0.8356503248214722
7304,2020,GBR,67351860.0,2334804059780.0,133.6300048828125,1464.4393310546875,75.26000213623047,0.8492544293403625
7305,2021,GBR,67668788.0,2512190098029.0,122.48999786376952,1514.853271484375,82.23999786376953,0.7925225496292114
7306,2022,GBR,68179315.0,2615230634906.0,135.05999755859375,1494.3741455078125,82.76000213623047,0.7685531973838806
7307,2023,GBR,68682965.0,2615230634906.0,135.6699981689453,1428.6484375,68.93000030517578,0.7685531973838806
7308,2024,GBR,69138185.0,2615230634906.0,143.9199981689453,1409.6993408203125,61.52000045776367,0.7685531973838806
7309,2025,GBR,69551334.0,2615230634906.0,151.9199981689453,1409.6993408203125,63.54999923706055,0.7685531973838806
7310,1990,USA,253373387.0,9250377579093.0,352.92779541015625,19818.103515625,2309.840087890625,2.4441375732421875
7311,1991,USA,256471424.0,9224688313722.0,351.3367919921875,19683.50390625,2309.840087890625,2.44774866104126
7312,1992,USA,259606021.0,9552658514601.0,319.5666198730469,20088.693359375,2309.840087890625,2.398611068725586
7313,1993,USA,262633229.0,9814940456277.0,349.68701171875,20504.279296875,2309.840087890625,2.3837523460388184
7314,1994,USA,265474811.0,10211204686187.0,329.6799621582031,20897.71484375,2309.840087890625,2.3331360816955566
7315,1995,USA,268205796.0,10488856843750.0,378.1955871582031,21172.9140625,2309.840087890625,2.320883750915528
7316,1996,USA,270860695.0,10886952373500.0,416.1835021972656,21887.3125,2309.840087890625,2.311516761779785
7317,1997,USA,273468014.0,11375561318703.0,425.6471557617188,22179.703125,2309.840087890625,2.2288215160369877
7318,1998,USA,276119323.0,11881792533609.0,391.2873229980469,22303.10546875,2309.840087890625,2.1472654342651367
7319,1999,USA,278785482.0,12438444530000.0,388.1345825195313,22599.78515625,2309.840087890625,2.087485790252685
7320,2000,USA,281484126.0,12947417795437.0,350.92999267578125,23225.384765625,2309.840087890625,2.050311326980591
7321,2001,USA,284279634.0,13073810008320.0,280.0599975585937,22750.3203125,2273.409912109375,1.9824639558792116
7322,2002,USA,287084335.0,13307343638671.0,336.3399963378906,22941.400390625,2309.06005859375,1.976147174835205
7323,2003,USA,289908091.0,13680911930765.0,349.17999267578125,23043.09375,2345.889892578125,1.928459405899048
7324,2004,USA,292786248.0,14198910513593.0,345.1400146484375,23500.6953125,2380.820068359375,1.8944493532180784
7325,2005,USA,295716666.0,14673826218839.0,353.0400085449219,23515.39453125,2438.699951171875,1.834052324295044
7326,2006,USA,298730208.0,15065164240312.0,381.1600036621094,23188.212890625,2409.780029296875,1.7722982168197632
7327,2007,USA,301844223.0,15333183877566.0,347.9100036621094,23579.912109375,2479.219970703125,1.7652374505996704
7328,2008,USA,304970325.0,15288552732632.0,377.1099853515625,22797.396484375,2428.909912109375,1.727256417274475
7329,2009,USA,308023452.0,14864003344421.0,415.55999755859375,21400.8984375,2226.070068359375,1.6893515586853027
7330,2010,USA,311062785.0,15239586726210.0,424.4800109863281,22175.38671875,2348.280029296875,1.7030348777770996
7331,2011,USA,314105075.0,15477885525000.0,509.739990234375,21752.759765625,2250.830078125,1.6623128652572632
7332,2012,USA,317115349.0,15830886903539.0,492.3200073242188,21191.72265625,2152.739990234375,1.5821834802627563
7333,2013,USA,320110752.0,16122472460312.0,520.3800048828125,21720.931640625,2163.39990234375,1.5958240032196045
7334,2014,USA,323115377.0,16491319003554.0,546.8300170898438,21926.421875,2168.449951171875,1.5763392448425293
7335,2015,USA,326126496.0,16937633974582.0,556.489990234375,21655.984375,2061.989990234375,1.520131230354309
7336,2016,USA,329179423.0,17220065720000.0,624.9099731445312,21417.20703125,1975.699951171875,1.4940158128738403
7337,2017,USA,332204657.0,17606124654726.0,707.1900024414062,21313.416015625,1900.5999755859373,1.466657638549805
7338,2018,USA,335056492.0,18124692769570.0,733.1699829101562,22212.853515625,1943.6800537109373,1.476934790611267
7339,2019,USA,337790069.0,18540552700117.0,760.760009765625,21948.142578125,1827.4000244140625,1.433532953262329
7340,2020,USA,339436156.0,18027359681343.0,821.4000244140625,19944.744140625,1664.7099609375,1.3662785291671753
7341,2021,USA,340161438.0,19099378164000.0,861.5800170898438,21170.12890625,1760.22998046875,1.3590404987335205
7342,2022,USA,341534041.0,19493170182843.0,958.1400146484376,21487.638671875,1759.300048828125,1.360092282295227
7343,2023,USA,343477330.0,19493170182843.0,964.739990234375,21127.552734375,1671.300048828125,1.360092282295227
7344,2024,USA,345426566.0,19493170182843.0,1056.6300048828125,21166.5703125,1685.18994140625,1.360092282295227
7345,2025,USA,347275809.0,19493170182843.0,1158.800048828125,21166.5703125,1737.4200439453125,1.360092282295227
7346,1990,VIR,102318.0,0.0,0.0,0.0,0.6800000071525574,0.0
7347,1991,VIR,103355.0,0.0,0.0,0.0,0.6800000071525574,0.0
7348,1992,VIR,104430.0,0.0,0.0,0.0,0.6800000071525574,0.0
7349,1993,VIR,105396.0,0.0,0.0,0.0,0.6800000071525574,0.0
7350,1994,VIR,106242.0,0.0,0.0,0.0,0.6800000071525574,0.0
7351,1995,VIR,106985.0,0.0,0.0,0.0,0.6800000071525574,0.0
7352,1996,VIR,107608.0,0.0,0.0,0.0,0.6800000071525574,0.0
7353,1997,VIR,108097.0,0.0,0.0,0.0,0.6800000071525574,0.0
7354,1998,VIR,108441.0,0.0,0.0,0.0,0.6800000071525574,0.0
7355,1999,VIR,108588.0,0.0,0.0,0.0,0.6800000071525574,0.0
7356,2000,VIR,108591.0,0.0,0.0,0.0,0.6800000071525574,0.0
7357,2001,VIR,108535.0,0.0,0.0,0.0,0.6800000071525574,0.0
7358,2002,VIR,108433.0,0.0,0.0,0.0,0.6800000071525574,0.0
7359,2003,VIR,108186.0,0.0,0.0,0.0,0.6800000071525574,0.0
7360,2004,VIR,107851.0,0.0,0.0,0.0,0.6899999976158142,0.0
7361,2005,VIR,107622.0,0.0,0.0,0.0,0.6399999856948853,0.0
7362,2006,VIR,107463.0,0.0,0.0,0.0,0.6399999856948853,0.0
7363,2007,VIR,107238.0,0.0,0.0,0.0,0.6399999856948853,0.0
7364,2008,VIR,106971.0,0.0,0.0,0.0,0.6399999856948853,0.0
7365,2009,VIR,106767.0,0.0,0.0,0.0,0.6100000143051147,0.0
7366,2010,VIR,106325.0,0.0,0.0,0.0,0.6299999952316284,0.0
7367,2011,VIR,105398.0,0.0,0.0,0.0,0.6299999952316284,0.0
7368,2012,VIR,104307.0,0.0,0.0,0.0,0.5699999928474426,0.0
7369,2013,VIR,103168.0,0.0,0.0,0.0,0.5400000214576721,0.0
7370,2014,VIR,102012.0,0.0,0.0099999997764825,0.0,0.5099999904632568,0.0
7371,2015,VIR,100251.0,0.0,0.0099999997764825,0.0,0.5099999904632568,0.0
7372,2016,VIR,97795.0,0.0,0.0099999997764825,0.0,0.5,0.0
7373,2017,VIR,95124.0,0.0,0.0099999997764825,0.0,0.3899999856948852,0.0
7374,2018,VIR,92317.0,0.0,0.0099999997764825,0.0,0.4000000059604645,0.0
7375,2019,VIR,89390.0,0.0,0.0099999997764825,0.0,0.4300000071525574,0.0
7376,2020,VIR,87724.0,0.0,0.0099999997764825,0.0,0.4099999964237213,0.0
7377,2021,VIR,87238.0,0.0,0.0199999995529651,0.0,0.4199999868869781,0.0
7378,2022,VIR,86521.0,0.0,0.0199999995529651,0.0,0.4300000071525574,0.0
7379,2023,VIR,85712.0,0.0,0.0199999995529651,0.0,0.4300000071525574,0.0
7380,1990,URY,3104404.0,32048550000.0,7.090000152587891,0.0,0.5099999904632568,0.7868831753730774
7381,1991,URY,3122357.0,33068762787.0,7.090000152587891,0.0,0.5099999904632568,0.6816105842590332
7382,1992,URY,3139704.0,35598179277.0,7.090000152587891,0.0,0.5099999904632568,0.6872302889823914
7383,1993,URY,3156351.0,36471137081.0,7.090000152587891,0.0,0.5099999904632568,0.7321248650550842
7384,1994,URY,3172839.0,39036401631.0,7.090000152587891,0.0,0.5099999904632568,0.6623830199241638
7385,1995,URY,3189438.0,38399568880.0,7.090000152587891,0.0,0.5099999904632568,0.6376318335533142
7386,1996,URY,3206329.0,40381614675.0,7.090000152587891,0.0,0.5099999904632568,0.6502067446708679
7387,1997,URY,3223349.0,42411759380.0,7.090000152587891,0.0,0.5099999904632568,0.6741661429405212
7388,1998,URY,3239286.0,44280079225.0,7.090000152587891,0.0,0.5099999904632568,0.763239324092865
7389,1999,URY,3254020.0,43167608203.0,7.090000152587891,0.0,0.5099999904632568,0.8246481418609619
7390,2000,URY,3266212.0,42357504785.0,7.090000152587891,0.0,0.5099999904632568,0.8086366653442383
7391,2001,URY,3274257.0,40598224745.0,9.229999542236328,0.0,0.2399999946355819,0.8387338519096375
7392,2002,URY,3278868.0,37250866884.0,9.56999969482422,0.0,0.2599999904632568,0.7559661269187927
7393,2003,URY,3281188.0,37483201754.0,8.569999694824219,0.0,0.2199999988079071,0.8113047480583191
7394,2004,URY,3283157.0,39270203111.0,4.820000171661377,0.0,0.8299999833106995,0.9199774265289308
7395,2005,URY,3285776.0,41988118660.0,6.71999979019165,0.0,0.800000011920929,0.8585336804389954
7396,2006,URY,3289508.0,43608062782.0,3.5999999046325684,0.0,1.3899999856948853,0.8643215298652649
7397,2007,URY,3295155.0,46197426762.0,8.15999984741211,0.0,1.0199999809265137,0.8118240237236023
7398,2008,URY,3302184.0,49265998696.0,5.369999885559082,0.0,2.539999961853028,0.9661187529563904
7399,2009,URY,3310093.0,50291695148.0,5.909999847412109,0.0,2.109999895095825,0.9694024920463562
7400,2010,URY,3318581.0,54642867455.0,9.579999923706056,0.0,1.2000000476837158,0.824504017829895
7401,2011,URY,3326829.0,57427770581.0,7.71999979019165,0.0,2.109999895095825,0.8368903994560242
7402,2012,URY,3335406.0,59459565927.0,6.849999904632568,0.0,2.890000104904175,0.8473978042602539
7403,2013,URY,3345335.0,62217298965.0,9.8100004196167,0.0,1.7400000095367432,0.7732409238815308
7404,2014,URY,3356343.0,64232518554.0,12.300000190734863,0.0,1.1100000143051147,0.7223103046417236
7405,2015,URY,3368022.0,64470831197.0,12.800000190734863,0.0,1.3600000143051147,0.7586673498153687
7406,2016,URY,3379279.0,65560386931.0,13.43000030517578,0.0,1.0399999618530271,0.7497713565826416
7407,2017,URY,3388444.0,66627711123.0,14.130000114440918,0.0,0.9300000071525574,0.688973605632782
7408,2018,URY,3394538.0,66946183643.0,14.25,0.0,1.0099999904632568,0.6869178414344788
7409,2019,URY,3397206.0,67180494669.0,15.789999961853027,0.0,0.9800000190734864,0.7235228419303894
7410,2020,URY,3398966.0,63072414563.0,12.760000228881836,0.0,1.2799999713897705,0.6925009489059448
7411,2021,URY,3396693.0,65848852721.0,13.529999732971191,0.0,2.4100000858306885,0.6873816847801208
7412,2022,URY,3390913.0,69066228178.0,13.489999771118164,0.0,1.6399999856948853,0.6866729259490967
7413,2023,URY,3388083.0,69066228178.0,11.850000381469728,0.0,1.4500000476837158,0.6866729259490967
7414,2024,URY,3386583.0,69066228178.0,13.220000267028809,0.0,0.9300000071525574,0.6866729259490967
7415,2025,URY,3384686.0,69066228178.0,11.68000030517578,0.0,0.959999978542328,0.6866729259490967
7416,1990,UZB,20464963.0,139398700000.0,6.6479997634887695,500.0223388671875,51.709999084472656,3.728014707565308
7417,1991,UZB,20962908.0,136577628581.0,6.031000137329102,494.3410949707031,51.709999084472656,3.750062704086304
7418,1992,UZB,21485095.0,119510821474.0,6.281000137329102,466.9910583496094,51.709999084472656,4.062928199768066
7419,1993,UZB,21987960.0,114918068077.0,7.357999801635742,484.3703918457031,51.709999084472656,4.404250144958496
7420,1994,UZB,22463295.0,107242116434.0,7.156000137329102,479.4472961425781,51.709999084472656,4.6680121421813965
7421,1995,UZB,22917588.0,104615642206.0,6.188000202178955,488.6505432128906,51.709999084472656,4.845818519592285
7422,1996,UZB,23351981.0,104748209480.0,6.525000095367432,502.8418273925781,51.709999084472656,4.984678745269775
7423,1997,UZB,23758961.0,108486849294.0,5.776999950408936,500.92083740234375,51.709999084472656,4.774803161621094
7424,1998,UZB,24134930.0,111389403957.0,5.757999897003174,501.1395568847656,51.709999084472656,4.6518425941467285
7425,1999,UZB,24476013.0,114383428782.0,5.691999912261963,564.338134765625,51.709999084472656,5.080887317657471
7426,2000,UZB,24787052.0,116875841754.0,3.5299999713897705,577.4301147460938,51.709999084472656,5.089282989501953
7427,2001,UZB,25090289.0,119890046302.0,4.360000133514404,578.4772338867188,52.040000915527344,4.972505569458008
7428,2002,UZB,25399987.0,122757832356.0,6.019999980926514,593.097900390625,51.84000015258789,4.978531837463379
7429,2003,UZB,25711261.0,125924032405.0,8.170000076293945,532.40576171875,48.61000061035156,4.392773628234863
7430,2004,UZB,26029350.0,133132057133.0,6.099999904632568,537.1350708007812,52.58000183105469,4.175154209136963
7431,2005,UZB,26356977.0,140239285325.0,8.930000305175781,541.9743041992188,46.93999862670898,4.005025863647461
7432,2006,UZB,26699046.0,148405074458.0,4.650000095367432,508.1446838378906,54.52999877929688,3.53619647026062
7433,2007,UZB,27076013.0,159993748436.0,4.670000076293945,539.2672119140625,54.650001525878906,3.484670162200928
7434,2008,UZB,27494780.0,171692630381.0,4.489999771118164,510.9914245605469,56.7400016784668,3.047981977462769
7435,2009,UZB,27939333.0,182715813772.0,6.480000019073486,506.0847778320313,54.36000061035156,2.8688855171203613
7436,2010,UZB,28385509.0,195160171269.0,8.1899995803833,502.9241027832031,54.7599983215332,2.693489789962769
7437,2011,UZB,28823194.0,208063390835.0,5.699999809265137,534.17822265625,59.04999923706055,2.6432392597198486
7438,2012,UZB,29261908.0,222840047403.0,6.650000095367432,526.0321044921875,58.209999084472656,2.4387764930725098
7439,2013,UZB,29724065.0,239100684823.0,5.699999809265137,528.4987182617188,61.4900016784668,2.281829833984375
7440,2014,UZB,30222994.0,255536474727.0,6.070000171661377,549.4127197265625,62.5,2.2156074047088623
7441,2015,UZB,30749349.0,273983640646.0,6.820000171661377,523.9417724609375,63.81999969482422,1.9714854955673216
7442,2016,UZB,31284565.0,290236358613.0,6.860000133514404,502.3555603027344,65.41000366210938,1.7941652536392212
7443,2017,UZB,31819172.0,302992216928.0,7.940000057220459,516.624267578125,66.73999786376953,1.774777889251709
7444,2018,UZB,32373489.0,320808179800.0,5.909999847412109,523.3875732421875,71.94000244140625,1.6801575422286987
7445,2019,UZB,32964700.0,339998944961.0,6.46999979019165,526.2785034179688,71.13999938964844,1.5981556177139282
7446,2020,UZB,33586373.0,346785285756.0,5.010000228881836,526.6703491210938,76.44999694824219,1.5566339492797852
7447,2021,UZB,34243696.0,372457828275.0,5.019999980926514,562.6760864257812,82.19000244140625,1.546262264251709
7448,2022,UZB,34938953.0,393572464308.0,6.920000076293945,577.5339965820312,84.18000030517578,1.505496382713318
7449,2023,UZB,35652311.0,393572464308.0,7.599999904632568,580.6008911132812,85.5,1.505496382713318
7450,2024,UZB,36361859.0,393572464308.0,13.0,661.8509521484375,84.7699966430664,1.505496382713318
7451,2025,UZB,37053428.0,393572464308.0,16.799999237060547,661.8509521484375,86.69999694824219,1.505496382713318
7452,1990,VUT,148073.0,0.0,0.0,0.0,0.0299999993294477,0.0
7453,1991,VUT,151807.0,0.0,0.0,0.0,0.0299999993294477,0.0
7454,1992,VUT,155619.0,0.0,0.0,0.0,0.0299999993294477,0.0
7455,1993,VUT,159475.0,0.0,0.0,0.0,0.0299999993294477,0.0
7456,1994,VUT,163328.0,0.0,0.0,0.0,0.0299999993294477,0.0
7457,1995,VUT,167155.0,0.0,0.0,0.0,0.0299999993294477,0.0
7458,1996,VUT,170926.0,0.0,0.0,0.0,0.0299999993294477,0.0
7459,1997,VUT,174638.0,0.0,0.0,0.0,0.0299999993294477,0.0
7460,1998,VUT,178322.0,0.0,0.0,0.0,0.0299999993294477,0.0
7461,1999,VUT,182056.0,0.0,0.0,0.0,0.0299999993294477,0.0
7462,2000,VUT,186290.0,0.0,0.0,0.0,0.0299999993294477,0.0
7463,2001,VUT,191047.0,0.0,0.0,0.0,0.0299999993294477,0.0
7464,2002,VUT,195871.0,0.0,0.0,0.0,0.0299999993294477,0.0
7465,2003,VUT,200760.0,0.0,0.0,0.0,0.0299999993294477,0.0
7466,2004,VUT,205720.0,0.0,0.0,0.0,0.0299999993294477,0.0
7467,2005,VUT,210772.0,0.0,0.0,0.0,0.0299999993294477,0.0
7468,2006,VUT,215939.0,0.0,0.0,0.0,0.0299999993294477,0.0
7469,2007,VUT,221291.0,0.0,0.0,0.0,0.0299999993294477,0.0
7470,2008,VUT,226908.0,0.0,0.0,0.0,0.0399999991059303,0.0
7471,2009,VUT,232740.0,0.0,0.0,0.0,0.0399999991059303,0.0
7472,2010,VUT,238256.0,0.0,0.0,0.0,0.0399999991059303,0.0
7473,2011,VUT,243483.0,0.0,0.0,0.0,0.0399999991059303,0.0
7474,2012,VUT,248894.0,0.0,0.0,0.0,0.0399999991059303,0.0
7475,2013,VUT,254495.0,0.0,0.0099999997764825,0.0,0.0399999991059303,0.0
7476,2014,VUT,260247.0,0.0,0.0099999997764825,0.0,0.0399999991059303,0.0
7477,2015,VUT,266115.0,0.0,0.0099999997764825,0.0,0.0299999993294477,0.0
7478,2016,VUT,272097.0,0.0,0.0099999997764825,0.0,0.0399999991059303,0.0
7479,2017,VUT,278518.0,0.0,0.0,0.0,0.0399999991059303,0.0
7480,2018,VUT,285273.0,0.0,0.0199999995529651,0.0,0.0399999991059303,0.0
7481,2019,VUT,291995.0,0.0,0.0299999993294477,0.0,0.0399999991059303,0.0
7482,2020,VUT,298867.0,0.0,0.0299999993294477,0.0,0.0399999991059303,0.0
7483,2021,VUT,305882.0,0.0,0.0199999995529651,0.0,0.0399999991059303,0.0
7484,2022,VUT,313061.0,0.0,0.0199999995529651,0.0,0.0399999991059303,0.0
7485,2023,VUT,320422.0,0.0,0.0199999995529651,0.0,0.0399999991059303,0.0
7486,1990,VEN,19827005.0,256078525417.0,36.983001708984375,494.1964416503906,18.13999938964844,2.356912851333618
7487,1991,VEN,20304898.0,282132286314.0,44.54199981689453,475.93109130859375,18.13999938964844,2.1537461280822754
7488,1992,VEN,20780946.0,301055402293.0,47.27099990844727,517.8347778320312,18.13999938964844,2.184364080429077
7489,1993,VEN,21254525.0,303263920492.0,47.47800064086914,510.2653503417969,18.13999938964844,2.145514965057373
7490,1994,VEN,21725186.0,297728620446.0,51.28400039672852,554.68212890625,18.13999938964844,2.372389793395996
7491,1995,VEN,22193822.0,310657285215.0,51.45000076293945,575.2600708007812,18.13999938964844,2.341478109359741
7492,1996,VEN,22662117.0,311633007305.0,53.84700012207031,549.6376342773438,18.13999938964844,2.2746713161468506
7493,1997,VEN,23131691.0,332907949755.0,57.26800155639648,580.0147094726562,18.13999938964844,2.250939130783081
7494,1998,VEN,23601341.0,335631906948.0,57.92300033569336,580.4794921875,18.13999938964844,2.239826202392578
7495,1999,VEN,24066595.0,316971287567.0,60.59999847412109,552.6604614257812,18.13999938964844,2.308896780014038
7496,2000,VEN,24526707.0,330236189305.0,62.88999938964844,586.0589599609375,18.13999938964844,2.3377578258514404
7497,2001,VEN,24979934.0,343312598582.0,60.43999862670898,639.4387817382812,23.56999969482422,2.379760265350342
7498,2002,VEN,25435674.0,314003719638.0,59.52999877929688,642.0717163085938,25.18000030517578,2.598191022872925
7499,2003,VEN,25892710.0,291333920302.0,60.52999877929688,558.4645385742188,24.25,2.5194966793060303
7500,2004,VEN,26340843.0,346317458927.0,70.06999969482422,615.031982421875,22.530000686645508,2.359002590179444
7501,2005,VEN,26785797.0,383570387195.0,77.2300033569336,628.4500122070312,22.26000022888184,2.2138991355896
7502,2006,VEN,27224691.0,423878563812.0,81.5999984741211,702.3135986328125,22.8799991607666,2.2033846378326416
7503,2007,VEN,27649369.0,462276737389.0,83.05999755859375,740.87255859375,24.86000061035156,2.110559225082397
7504,2008,VEN,28053694.0,488287068325.0,86.83999633789062,756.6528930664062,25.729999542236328,2.048633337020874
7505,2009,VEN,28438296.0,474358611901.0,85.95999908447266,771.0578002929688,26.559999465942383,2.1308395862579346
7506,2010,VEN,28813101.0,477591738082.0,76.77999877929688,744.2269287109375,28.670000076293945,2.003822565078736
7507,2011,VEN,29185220.0,502688619769.0,83.66999816894531,780.5153198242188,26.790000915527344,2.0090341567993164
7508,2012,VEN,29553829.0,530969916373.0,82.05999755859375,830.8005981445312,35.90999984741211,1.98679518699646
7509,2013,VEN,29912195.0,538100828642.0,83.62999725341797,814.6436767578125,40.2400016784668,1.9271656274795528
7510,2014,VEN,30254080.0,517147151484.0,64.37999725341797,794.9779663085938,39.34999847412109,1.9592840671539309
7511,2015,VEN,30573968.0,484975458402.0,75.0,767.6364135742188,40.66999816894531,1.9986592531204224
7512,2016,VEN,30765719.0,402335647692.0,63.060001373291016,721.22998046875,41.720001220703125,2.2122931480407715
7513,2017,VEN,30565331.0,339285602968.0,60.61000061035156,686.2698974609375,33.29999923706055,2.5729780197143555
7514,2018,VEN,29807591.0,272599019803.0,58.20000076293945,555.0216674804688,32.0,2.67012095451355
7515,2019,VEN,28938096.0,197170883456.0,49.709999084472656,491.29437255859375,27.31999969482422,3.33197283744812
7516,2020,VEN,28444080.0,138029481377.0,62.540000915527344,351.3424377441406,14.859999656677246,3.824256658554077
7517,2021,VEN,28237830.0,138656126606.0,65.70999908447266,426.5015563964844,14.449999809265137,4.356720447540283
7518,2022,VEN,28213015.0,149682062815.0,64.54000091552734,467.3824462890625,14.859999656677246,4.316129207611084
7519,2023,VEN,28300861.0,149682062815.0,65.01000213623047,510.7437438964844,6.610000133514404,4.316129207611084
7520,2024,VEN,28405544.0,149682062815.0,73.02999877929688,509.9762878417969,6.880000114440918,4.316129207611084
7521,1990,VNM,65504551.0,109939936906.0,5.36899995803833,61.251949310302734,8.550000190734863,0.7015469074249268
7522,1991,VNM,66891778.0,115933551072.0,6.316999912261963,59.83488464355469,8.550000190734863,0.6772343516349792
7523,1992,VNM,68260336.0,125543633553.0,7.228000164031982,64.419677734375,8.550000190734863,0.6833704113960266
7524,1993,VNM,69586394.0,135210628764.0,7.965000152587891,74.41997528076172,8.550000190734863,0.7245909571647644
7525,1994,VNM,70854393.0,146640889667.0,9.243000030517578,82.11388397216797,8.550000190734863,0.7463493943214417
7526,1995,VNM,72049945.0,160152275679.0,10.58199977874756,95.86185455322266,8.550000190734863,0.7939488887786865
7527,1996,VNM,73156456.0,174450838100.0,12.008000373840332,110.26519775390624,8.550000190734863,0.8356092572212219
7528,1997,VNM,74226890.0,188059193812.0,11.656999588012695,133.4486846923828,8.550000190734863,0.8929014205932617
7529,1998,VNM,75299665.0,198278284704.0,11.095000267028809,148.8023681640625,8.550000190734863,0.915935754776001
7530,1999,VNM,76287454.0,207067165620.0,13.77400016784668,147.3194122314453,8.550000190734863,0.9081544876098632
7531,2000,VNM,77154016.0,220383060780.0,14.550000190734863,171.12181091308594,8.550000190734863,0.9717124104499816
7532,2001,VNM,77969357.0,234846323475.0,18.209999084472656,188.5477600097656,8.899999618530273,1.0306521654129028
7533,2002,VNM,78772227.0,250683369279.0,18.200000762939453,211.6383209228516,12.329999923706056,1.0561342239379885
7534,2003,VNM,79563778.0,268202912195.0,18.989999771118164,230.26693725585935,15.380000114440918,1.0638538599014282
7535,2004,VNM,80338977.0,288148996981.0,17.81999969482422,296.4292907714844,18.809999465942383,1.2069262266159058
7536,2005,VNM,81088309.0,308988652738.0,16.579999923706055,322.2851257324219,24.09000015258789,1.196779489517212
7537,2006,VNM,82167901.0,329425429734.0,19.770000457763672,282.6749572753906,25.959999084472656,1.0289679765701294
7538,2007,VNM,83633374.0,351786434406.0,22.520000457763672,306.5783386230469,28.15999984741211,1.0525529384613037
7539,2008,VNM,85175789.0,370681828207.0,26.030000686645508,384.0116882324219,29.93000030517578,1.2334259748458862
7540,2009,VNM,86460023.0,389670892896.0,30.049999237060547,383.7779235839844,33.220001220703125,1.2003087997436523
7541,2010,VNM,87455148.0,413666257649.0,28.6200008392334,460.7486877441406,41.34000015258789,1.305944561958313
7542,2011,VNM,88468315.0,438354712953.0,41.18999862670898,483.5210571289063,41.15999984741211,1.362234592437744
7543,2012,VNM,89510355.0,462486159336.0,53.41999816894531,474.5679931640625,42.540000915527344,1.342824101448059
7544,2013,VNM,90573103.0,488172621311.0,57.959999084472656,498.15228271484375,46.220001220703125,1.344041109085083
7545,2014,VNM,91679582.0,519523061605.0,62.29999923706055,554.9769287109375,56.65999984741211,1.3931642770767212
7546,2015,VNM,92823254.0,555822142751.0,56.31999969482422,658.77490234375,78.33000183105469,1.458164095878601
7547,2016,VNM,94000115.0,593006635951.0,64.2699966430664,704.559326171875,87.62999725341797,1.478353500366211
7548,2017,VNM,95176978.0,634161327073.0,86.51000213623047,719.6976318359375,83.83000183105469,1.4980818033218384
7549,2018,VNM,96237319.0,681501440291.0,84.08000183105469,856.1978149414062,104.87000274658205,1.5831396579742432
7550,2019,VNM,97173778.0,731653148132.0,72.01000213623047,1018.1651611328124,131.2100067138672,1.6512928009033203
7551,2020,VNM,98079196.0,752629620043.0,84.94999694824219,1005.4325561523438,128.94000244140625,1.632580280303955
7552,2021,VNM,98935101.0,771912038182.0,108.4800033569336,939.3306274414062,120.4800033569336,1.5848760604858398
7553,2022,VNM,99680656.0,833803909046.0,131.1300048828125,951.4025268554688,110.12999725341795,1.5513176918029783
7554,2023,VNM,100352189.0,833803909046.0,118.7699966430664,1066.9033203125,130.66000366210938,1.5513176918029783
7555,2024,VNM,100987685.0,833803909046.0,128.36000061035156,1143.3896484375,147.02999877929688,1.5513176918029783
7556,2025,VNM,101598530.0,833803909046.0,140.7899932861328,1143.3896484375,142.82000732421875,1.5513176918029783
7557,1990,ESH,179553.0,0.0,0.0,0.0,0.050000000745058,0.0
7558,1991,ESH,185312.0,0.0,0.0,0.0,0.050000000745058,0.0
7559,1992,ESH,190948.0,0.0,0.0,0.0,0.050000000745058,0.0
7560,1993,ESH,196484.0,0.0,0.0,0.0,0.050000000745058,0.0
7561,1994,ESH,201927.0,0.0,0.0,0.0,0.050000000745058,0.0
7562,1995,ESH,209941.0,0.0,0.0,0.0,0.050000000745058,0.0
7563,1996,ESH,221402.0,0.0,0.0,0.0,0.050000000745058,0.0
7564,1997,ESH,233786.0,0.0,0.0,0.0,0.050000000745058,0.0
7565,1998,ESH,246315.0,0.0,0.0,0.0,0.050000000745058,0.0
7566,1999,ESH,258979.0,0.0,0.0,0.0,0.050000000745058,0.0
7567,2000,ESH,271946.0,0.0,0.0,0.0,0.050000000745058,0.0
7568,2001,ESH,285197.0,0.0,0.0,0.0,0.050000000745058,0.0
7569,2002,ESH,298468.0,0.0,0.0,0.0,0.0599999986588954,0.0
7570,2003,ESH,311791.0,0.0,0.0,0.0,0.0599999986588954,0.0
7571,2004,ESH,325197.0,0.0,0.0,0.0,0.0599999986588954,0.0
7572,2005,ESH,338704.0,0.0,0.0,0.0,0.0599999986588954,0.0
7573,2006,ESH,352658.0,0.0,0.0,0.0,0.0599999986588954,0.0
7574,2007,ESH,366874.0,0.0,0.0,0.0,0.0599999986588954,0.0
7575,2008,ESH,380834.0,0.0,0.0,0.0,0.0599999986588954,0.0
7576,2009,ESH,394959.0,0.0,0.0,0.0,0.0599999986588954,0.0
7577,2010,ESH,409722.0,0.0,0.0,0.0,0.0599999986588954,0.0
7578,2011,ESH,425093.0,0.0,0.0,0.0,0.0599999986588954,0.0
7579,2012,ESH,441033.0,0.0,0.0,0.0,0.0599999986588954,0.0
7580,2013,ESH,457436.0,0.0,0.0,0.0,0.0599999986588954,0.0
7581,2014,ESH,472591.0,0.0,0.0,0.0,0.0599999986588954,0.0
7582,2015,ESH,486232.0,0.0,0.0,0.0,0.0599999986588954,0.0
7583,2016,ESH,499658.0,0.0,0.0,0.0,0.0599999986588954,0.0
7584,2017,ESH,512851.0,0.0,0.0,0.0,0.0599999986588954,0.0
7585,2018,ESH,525790.0,0.0,0.0,0.0,0.0599999986588954,0.0
7586,2019,ESH,538450.0,0.0,0.0,0.0,0.0599999986588954,0.0
7587,2020,ESH,549374.0,0.0,0.0,0.0,0.0599999986588954,0.0
7588,2021,ESH,558625.0,0.0,0.0,0.0,0.0599999986588954,0.0
7589,2022,ESH,568746.0,0.0,0.0,0.0,0.0599999986588954,0.0
7590,2023,ESH,579734.0,0.0,0.0,0.0,0.0599999986588954,0.0
7591,1990,YEM,13887863.0,44971042042.0,0.0,0.0,2.240000009536743,1.046449899673462
7592,1991,YEM,14430205.0,47174437330.0,0.0,0.0,2.240000009536743,1.032359600067139
7593,1992,YEM,14989497.0,50259913722.0,0.0,0.0,2.240000009536743,1.015684723854065
7594,1993,YEM,15563919.0,51548676189.0,0.0,0.0,2.240000009536743,0.8159633874893188
7595,1994,YEM,16149147.0,54341182837.0,0.0,0.0,2.240000009536743,0.7330282926559448
7596,1995,YEM,16740057.0,56705822316.0,0.0,0.0,2.240000009536743,0.7789495587348938
7597,1996,YEM,17313181.0,58927869978.0,0.0,0.0,2.240000009536743,0.754035234451294
7598,1997,YEM,17873943.0,61826323245.0,0.0,0.0,2.240000009536743,0.7415068745613098
7599,1998,YEM,18446015.0,65613152856.0,0.0,0.0,2.240000009536743,0.7565323710441589
7600,1999,YEM,19029421.0,68255122419.0,0.0,0.0,2.240000009536743,0.546035885810852
7601,2000,YEM,19624139.0,72599512561.0,0.0,0.0,2.240000009536743,0.8283440470695496
7602,2001,YEM,20226146.0,75472904917.0,0.0,0.0,2.400000095367432,0.8574287295341492
7603,2002,YEM,20835092.0,78586481705.0,0.0,0.0,2.4800000190734863,0.8306742906570435
7604,2003,YEM,21456379.0,81575438214.0,0.0,0.0,2.700000047683716,0.9174865484237672
7605,2004,YEM,22095161.0,84847429283.0,0.0,0.0,2.869999885559082,0.931356966495514
7606,2005,YEM,22790082.0,89711703960.0,0.0,0.0,3.140000104904175,0.9283642172813416
7607,2006,YEM,23543090.0,92691658274.0,0.0,0.0,3.549999952316284,0.8977479934692383
7608,2007,YEM,24318090.0,95906720954.0,0.0,0.0,3.9700000286102295,0.9212468266487122
7609,2008,YEM,25111941.0,99520984206.0,0.0,0.0,4.309999942779541,0.9322345852851868
7610,2009,YEM,25927723.0,103506292712.0,0.0,0.0,4.440000057220459,0.9929825067520142
7611,2010,YEM,26754383.0,111622920604.0,0.0,0.0,5.460000038146973,0.8934826254844666
7612,2011,YEM,27582902.0,97623324312.0,0.0,0.0,4.309999942779541,0.858371376991272
7613,2012,YEM,28433655.0,99959450246.0,0.0,0.0,5.03000020980835,0.726377010345459
7614,2013,YEM,29312955.0,104781489392.0,0.0,0.0,6.059999942779541,0.9779558181762696
7615,2014,YEM,30226311.0,104583458743.0,0.0099999997764825,0.0,5.539999961853027,0.9273844361305236
7616,2015,YEM,31159378.0,75305316956.0,0.1199999973177909,0.0,4.110000133514404,0.6930058598518372
7617,2016,YEM,32109023.0,68245442015.0,0.1599999964237213,0.0,3.3399999141693115,0.6106221079826355
7618,2017,YEM,33090923.0,64784033932.0,0.1899999976158142,0.0,2.7100000381469727,0.5924423933029175
7619,2018,YEM,34085181.0,65271212493.0,0.4799999892711639,0.0,2.059999942779541,0.5791907906532288
7620,2019,YEM,35111416.0,66185009341.0,0.4799999892711639,0.0,1.919999957084656,0.5758958458900452
7621,2020,YEM,36134867.0,60559285911.0,0.4900000095367431,0.0,1.7000000476837158,0.5481546521186829
7622,2021,YEM,37140234.0,59953691816.0,0.5,0.0,1.7200000286102295,0.5348057150840759
7623,2022,YEM,38222878.0,60852995288.0,0.5099999904632568,0.0,1.7699999809265137,0.5615093111991882
7624,2023,YEM,39390800.0,60852995288.0,0.5199999809265137,0.0,3.059999942779541,0.5615093111991882
7625,2024,YEM,40583173.0,60852995288.0,0.5899999737739563,0.0,3.109999895095825,0.5615093111991882
7626,1990,ZMB,7786163.0,10251342241.0,7.670000076293945,0.0,0.209999993443489,1.669281840324402
7627,1991,ZMB,7981653.0,10509127569.0,7.670000076293945,0.0,0.209999993443489,1.5057406425476074
7628,1992,ZMB,8176677.0,11062309627.0,7.670000076293945,0.0,0.209999993443489,1.532997965812683
7629,1993,ZMB,8373920.0,11412962029.0,7.670000076293945,0.0,0.209999993443489,1.3661787509918213
7630,1994,ZMB,8576270.0,10221106422.0,7.670000076293945,0.0,0.209999993443489,1.507724642753601
7631,1995,ZMB,8785768.0,10865557573.0,7.670000076293945,0.0,0.209999993443489,1.2845182418823242
7632,1996,ZMB,9004059.0,11923229356.0,7.670000076293945,0.0,0.209999993443489,1.1713316440582275
7633,1997,ZMB,9237064.0,12774990714.0,7.670000076293945,0.0,0.209999993443489,1.175731182098389
7634,1998,ZMB,9482414.0,13130968549.0,7.670000076293945,0.0,0.209999993443489,1.1497743129730225
7635,1999,ZMB,9740013.0,14188405377.0,7.670000076293945,0.0,0.209999993443489,0.9724553227424622
7636,2000,ZMB,10017633.0,15211406947.0,7.670000076293945,0.0,0.209999993443489,0.906586229801178
7637,2001,ZMB,10325186.0,16519069217.0,7.889999866485596,0.0,0.2300000041723251,0.8868125677108765
7638,2002,ZMB,10647955.0,17827940431.0,8.100000381469727,0.0,0.2399999946355819,0.8721792697906494
7639,2003,ZMB,10983604.0,19691239689.0,8.260000228881836,0.0,0.25,0.8357969522476196
7640,2004,ZMB,11338201.0,21770250951.0,8.460000038146973,0.0,0.2399999946355819,0.7840119004249573
7641,2005,ZMB,11718819.0,24119806314.0,8.880000114440918,0.0,0.2599999904632568,0.7468446493148804
7642,2006,ZMB,12129560.0,26908652008.0,9.670000076293944,0.0,0.2399999946355819,0.6789557933807373
7643,2007,ZMB,12565093.0,30152606854.0,9.630000114440918,0.0,0.2399999946355819,0.5483839511871338
7644,2008,ZMB,13021327.0,33594604263.0,9.520000457763672,0.0,0.2399999946355819,0.5361074805259705
7645,2009,ZMB,13490395.0,37919541851.0,9.880000114440918,0.0,0.2399999946355819,0.4790189564228058
7646,2010,ZMB,13965592.0,43221855090.0,10.4399995803833,0.0,0.2599999904632568,0.4369551241397857
7647,2011,ZMB,14437796.0,47143916201.0,11.479999542236328,0.0,0.2800000011920929,0.4602450728416443
7648,2012,ZMB,14913631.0,50725916750.0,12.350000381469728,0.0,0.3000000119209289,0.4735043346881866
7649,2013,ZMB,15399000.0,53291123090.0,13.279999732971191,0.0,0.3300000131130218,0.4702743589878082
7650,2014,ZMB,15895320.0,55794746119.0,14.109999656677246,0.0,0.6200000047683716,0.4946384727954864
7651,2015,ZMB,16399092.0,57423952993.0,13.109999656677246,0.0,0.5899999737739563,0.4946229755878448
7652,2016,ZMB,16914428.0,59592851316.0,11.100000381469728,0.0,0.7699999809265137,0.4904022216796875
7653,2017,ZMB,17441328.0,61680980857.0,12.56999969482422,0.0,1.8200000524520876,0.5537796020507812
7654,2018,ZMB,17973574.0,64169815579.0,13.779999732971191,0.0,2.289999961853028,0.5799258947372437
7655,2019,ZMB,18513839.0,65094496543.0,12.520000457763672,0.0,2.049999952316284,0.5580981969833374
7656,2020,ZMB,19059394.0,63281615083.0,13.020000457763672,0.0,2.059999942779541,0.6083093285560608
7657,2021,ZMB,19603610.0,66191936884.0,16.299999237060547,0.0,1.5399999618530271,0.6238179802894592
7658,2022,ZMB,20152935.0,68469600029.0,17.309999465942383,0.0,2.180000066757202,0.5847833752632141
7659,2023,ZMB,20723967.0,68469600029.0,17.31999969482422,0.0,2.1600000858306885,0.5847833752632141
7660,2024,ZMB,21314962.0,68469600029.0,17.25,0.0,2.359999895095825,0.5847833752632141
7661,1990,ZWE,10137287.0,21937054921.0,3.190000057220459,0.0,3.3299999237060547,2.442404270172119
7662,1991,ZWE,10404820.0,23189857636.0,3.190000057220459,0.0,3.3299999237060547,2.388162612915039
7663,1992,ZWE,10702697.0,21133778927.0,3.190000057220459,0.0,3.3299999237060547,2.4485771656036377
7664,1993,ZWE,10860285.0,21406462048.0,3.190000057220459,0.0,3.3299999237060547,2.4292778968811035
7665,1994,ZWE,10873146.0,23447496711.0,3.190000057220459,0.0,3.3299999237060547,2.1280457973480225
7666,1995,ZWE,10974607.0,23569800045.0,3.190000057220459,0.0,3.3299999237060547,2.0806920528411865
7667,1996,ZWE,11158364.0,26145775719.0,3.190000057220459,0.0,3.3299999237060547,1.9048917293548584
7668,1997,ZWE,11369833.0,27012558407.0,3.190000057220459,0.0,3.3299999237060547,1.8229247331619265
7669,1998,ZWE,11594299.0,27984298870.0,3.190000057220459,0.0,3.3299999237060547,1.7922662496566772
7670,1999,ZWE,11783454.0,27841288874.0,3.190000057220459,0.0,3.3299999237060547,2.0187466144561768
7671,2000,ZWE,11892055.0,26765004403.0,3.190000057220459,0.0,3.3299999237060547,1.9341473579406736
7672,2001,ZWE,11971904.0,26781181341.0,2.9600000381469727,0.0,4.300000190734863,1.8276140689849851
7673,2002,ZWE,12087661.0,24872482259.0,3.809999942779541,0.0,4.179999828338623,1.897126317024231
7674,2003,ZWE,12232324.0,20952016540.0,5.340000152587891,0.0,3.0899999141693115,2.038172006607056
7675,2004,ZWE,12365901.0,19792844101.0,5.5,0.0,3.740000009536743,1.9527112245559688
7676,2005,ZWE,12483433.0,18444472497.0,4.909999847412109,0.0,3.930000066757202,2.2508435249328613
7677,2006,ZWE,12636442.0,18043000167.0,5.409999847412109,0.0,2.3499999046325684,2.2894129753112797
7678,2007,ZWE,12804062.0,17769105175.0,5.440000057220459,0.0,1.9900000095367432,2.2626841068267822
7679,2008,ZWE,12959154.0,15050245186.0,5.789999961853027,0.0,1.7300000190734863,2.067509412765503
7680,2009,ZWE,13142791.0,16275797005.0,5.519999980926514,0.0,1.649999976158142,1.9210788011550903
7681,2010,ZWE,13356551.0,17918418386.0,5.869999885559082,0.0,2.5299999713897705,1.9778186082839968
7682,2011,ZWE,13595421.0,19554105000.0,5.289999961853027,0.0,3.4600000381469727,2.0826430320739746
7683,2012,ZWE,13817887.0,22811427551.0,5.510000228881836,0.0,3.2699999809265137,1.9660885334014893
7684,2013,ZWE,14013811.0,23261956135.0,5.130000114440918,0.0,3.920000076293945,1.9959629774093628
7685,2014,ZWE,14207367.0,23818844326.0,5.440000057220459,0.0,3.910000085830689,1.8757178783416748
7686,2015,ZWE,14399008.0,24246158745.0,5.039999961853027,0.0,4.03000020980835,1.892769455909729
7687,2016,ZWE,14600297.0,24362052665.0,3.220000028610229,0.0,3.5,1.7174789905548096
7688,2017,ZWE,14812484.0,25576014023.0,4.130000114440918,0.0,3.049999952316284,1.5049866437911987
7689,2018,ZWE,15034457.0,26786271482.0,5.25,0.0,3.7300000190734863,1.626539707183838
7690,2019,ZWE,15271377.0,25146416205.0,4.380000114440918,0.0,3.640000104904175,1.5813326835632324
7691,2020,ZWE,15526887.0,23178707175.0,3.930000066757202,0.0,2.490000009536743,1.4489901065826416
7692,2021,ZWE,15797220.0,25140088767.0,6.059999942779541,0.0,2.309999942779541,1.4970446825027466
7693,2022,ZWE,16069061.0,25901585881.0,6.019999980926514,0.0,2.6600000858306885,2.253915309906006
7694,2023,ZWE,16340829.0,25901585881.0,5.610000133514404,0.0,3.920000076293945,2.253915309906006
7695,2024,ZWE,16634366.0,25901585881.0,5.860000133514404,0.0,3.940000057220459,2.253915309906006
